string,frame,face,mic_w(mm),mic_h(mm),x_cal(mm),y_cal(mm),source,ts,date(UTC),shooter#,realname,sighter,value,x(mm),y(mm),v(m/s),temp(C)
### next string
,E 5,AU-LR,2130,1722,0,0
,,,,,,,SOLO,1782359275852,Thu Jun 25 2026 03:47:55 GMT+0000 (UTC),0,,,V,-27.3,82.2,415.7,18.5,
,,,,,,,SOLO,1782359310909,Thu Jun 25 2026 03:48:30 GMT+0000 (UTC),0,,,5,178.1,-181.1,411.8,18.5,
,,,,,,,SOLO,1782359369107,Thu Jun 25 2026 03:49:29 GMT+0000 (UTC),0,,,5,91.4,125.2,414.3,18.6,
,,,,,,,SOLO,1782359394918,Thu Jun 25 2026 03:49:54 GMT+0000 (UTC),0,,,5,196.5,-12.1,413,18.6,
,,,,,,,SOLO,1782359492292,Thu Jun 25 2026 03:51:32 GMT+0000 (UTC),0,,,2,571.2,-138.1,415.5,18.7,
,,,,,,,SOLO,1782359575837,Thu Jun 25 2026 03:52:55 GMT+0000 (UTC),0,,,3,436.7,167.2,412.9,18.7,
,,,,,,,SOLO,1782359693009,Thu Jun 25 2026 03:54:53 GMT+0000 (UTC),0,,,4,348.2,-144.7,409.5,18.8,
,,,,,,,SOLO,1782359736718,Thu Jun 25 2026 03:55:36 GMT+0000 (UTC),0,,,4,-222,189.6,414,18.9,
,,,,,,,SOLO,1782359771088,Thu Jun 25 2026 03:56:11 GMT+0000 (UTC),0,,,V,80.4,-57.3,416,18.9,
,,,,,,,SOLO,1782359794661,Thu Jun 25 2026 03:56:34 GMT+0000 (UTC),0,,,5,-122.7,-141.7,412.7,18.9,
### next string
Zhu M,E 6,AU-LR,2130,1720,0,0
,,,,,,,missed_shot,1782359059515,Thu Jun 25 2026 03:44:19 GMT+0000 (UTC),0,,,0,0,0,0,22,
,,,,,,,SOLO,1782359033541,Thu Jun 25 2026 03:43:53 GMT+0000 (UTC),0,,sighter,4,-197.7,221.2,405.3,18,
,,,,,,,SOLO,1782359122883,Thu Jun 25 2026 03:45:22 GMT+0000 (UTC),0,,,3,-279.3,-336.4,406.5,18.2,
,,,,,,,SOLO,1782359219591,Thu Jun 25 2026 03:46:59 GMT+0000 (UTC),0,,,4,157.9,-262.1,402.7,18.4,
,,,,,,,SOLO,1782359280456,Thu Jun 25 2026 03:48:00 GMT+0000 (UTC),0,,,4,228.5,-169.9,397.4,18.6,
,,,,,,,SOLO,1782359330251,Thu Jun 25 2026 03:48:50 GMT+0000 (UTC),0,,,5,197.6,-2.5,399.9,18.6,
,,,,,,,SOLO,1782359385372,Thu Jun 25 2026 03:49:45 GMT+0000 (UTC),0,,,5,189.7,-169.4,400.4,18.6,
,,,,,,,SOLO,1782359473728,Thu Jun 25 2026 03:51:13 GMT+0000 (UTC),0,,,V,9.2,35.9,396.2,18.7,
,,,,,,,SOLO,1782359519307,Thu Jun 25 2026 03:51:59 GMT+0000 (UTC),0,,,4,325.6,-178.3,396.8,18.7,
,,,,,,,SOLO,1782359564587,Thu Jun 25 2026 03:52:44 GMT+0000 (UTC),0,,,5,190.5,-41.2,398.3,18.7,
,,,,,,,SOLO,1782359605060,Thu Jun 25 2026 03:53:25 GMT+0000 (UTC),0,,,5,69.8,200.7,401.1,18.8,
,,,,,,,SOLO,1782359645064,Thu Jun 25 2026 03:54:05 GMT+0000 (UTC),0,,,V,6.8,-105,396.4,18.8,
### next string
Wilson r,E 1,AU-LR,2130,1725,0,0
,,,,,,,SOLO,1782359155146,Thu Jun 25 2026 03:45:55 GMT+0000 (UTC),0,,sighter,2,708.3,275.6,442.1,18,
,,,,,,,SOLO,1782359218466,Thu Jun 25 2026 03:46:58 GMT+0000 (UTC),0,,,V,-13.5,64.6,444.5,18.1,
,,,,,,,SOLO,1782359282502,Thu Jun 25 2026 03:48:02 GMT+0000 (UTC),0,,,4,252.9,175.1,451.8,18.4,
,,,,,,,SOLO,1782359366559,Thu Jun 25 2026 03:49:26 GMT+0000 (UTC),0,,,5,201.7,145.4,454.6,18.4,
,,,,,,,SOLO,1782359400182,Thu Jun 25 2026 03:50:00 GMT+0000 (UTC),0,,,V,92.9,87.6,453.5,18.4,
,,,,,,,SOLO,1782359457546,Thu Jun 25 2026 03:50:57 GMT+0000 (UTC),0,,,4,305,142.8,457.9,18.5,
,,,,,,,SOLO,1782359544109,Thu Jun 25 2026 03:52:24 GMT+0000 (UTC),0,,,5,104.6,85.5,456.3,18.6,
,,,,,,,SOLO,1782359562106,Thu Jun 25 2026 03:52:42 GMT+0000 (UTC),0,,,V,73.1,-11.6,456.7,18.6,
,,,,,,,SOLO,1782359580622,Thu Jun 25 2026 03:53:00 GMT+0000 (UTC),0,,,V,117.5,-32.9,444,18.5,
,,,,,,,SOLO,1782359600968,Thu Jun 25 2026 03:53:20 GMT+0000 (UTC),0,,,4,235.7,-128,446.4,18.5,
,,,,,,,SOLO,1782359622558,Thu Jun 25 2026 03:53:42 GMT+0000 (UTC),0,,,5,114.5,211.6,449.9,18.5,
### next string
Chad M,E 5,AU-LR,2130,1722,0,0
,,,,,,,SOLO,1782358733358,Thu Jun 25 2026 03:38:53 GMT+0000 (UTC),0,,,5,-129.7,161.5,444.5,17.3,
,,,,,,,SOLO,1782358776356,Thu Jun 25 2026 03:39:36 GMT+0000 (UTC),0,,,5,128.6,175.2,447,17.3,
,,,,,,,SOLO,1782358821250,Thu Jun 25 2026 03:40:21 GMT+0000 (UTC),0,,,5,-80.8,239.6,449.5,17.4,
,,,,,,,SOLO,1782358867653,Thu Jun 25 2026 03:41:07 GMT+0000 (UTC),0,,,V,-66.7,4.8,445.1,17.6,
,,,,,,,SOLO,1782358907567,Thu Jun 25 2026 03:41:47 GMT+0000 (UTC),0,,,V,-30.9,11.7,450.9,17.6,
,,,,,,,SOLO,1782358951523,Thu Jun 25 2026 03:42:31 GMT+0000 (UTC),0,,,V,-114.7,56.5,449.1,17.9,
,,,,,,,SOLO,1782358990718,Thu Jun 25 2026 03:43:10 GMT+0000 (UTC),0,,,V,-88.5,81.8,447.3,17.9,
,,,,,,,SOLO,1782359054005,Thu Jun 25 2026 03:44:14 GMT+0000 (UTC),0,,,V,-91.9,-40.2,446.4,18,
,,,,,,,SOLO,1782359108492,Thu Jun 25 2026 03:45:08 GMT+0000 (UTC),0,,,V,-12.9,-71.6,447.3,18.2,
,,,,,,,SOLO,1782359143779,Thu Jun 25 2026 03:45:43 GMT+0000 (UTC),0,,,5,161.7,-12.5,449.4,18.2,
### next string
sipinkoski ,E 4,AU-LR,2127,1721,0,0
,,,,,,,SOLO,1782358759767,Thu Jun 25 2026 03:39:19 GMT+0000 (UTC),0,,sighter,6,-54.8,93.8,492,17.4,
,,,,,,,SOLO,1782358773837,Thu Jun 25 2026 03:39:33 GMT+0000 (UTC),0,,sighter,5,-107,-187.7,490.2,17.4,
,,,,,,,SOLO,1782358796784,Thu Jun 25 2026 03:39:56 GMT+0000 (UTC),0,,,6,64.1,75,490.7,17.4,
,,,,,,,SOLO,1782358811381,Thu Jun 25 2026 03:40:11 GMT+0000 (UTC),0,,,X,62.7,-13.3,489.6,17.4,
,,,,,,,SOLO,1782358826482,Thu Jun 25 2026 03:40:26 GMT+0000 (UTC),0,,,6,78.1,72,489.4,17.5,
,,,,,,,SOLO,1782358844585,Thu Jun 25 2026 03:40:44 GMT+0000 (UTC),0,,,X,34.5,-6.9,493.7,17.5,
,,,,,,,SOLO,1782358857784,Thu Jun 25 2026 03:40:57 GMT+0000 (UTC),0,,,6,-42.4,-78.6,490.3,17.5,
,,,,,,,SOLO,1782358872823,Thu Jun 25 2026 03:41:12 GMT+0000 (UTC),0,,,6,24.2,-73.5,488.5,17.5,
,,,,,,,SOLO,1782358889892,Thu Jun 25 2026 03:41:29 GMT+0000 (UTC),0,,,6,-100.1,-24.1,490.4,17.5,
,,,,,,,SOLO,1782358903768,Thu Jun 25 2026 03:41:43 GMT+0000 (UTC),0,,,X,-19.4,4.7,491.6,17.7,
,,,,,,,SOLO,1782358915241,Thu Jun 25 2026 03:41:55 GMT+0000 (UTC),0,,,X,-38.6,-24.6,492.9,17.7,
,,,,,,,SOLO,1782358927332,Thu Jun 25 2026 03:42:07 GMT+0000 (UTC),0,,,X,-25.3,-51.1,492.3,17.7,
### next string
hoskinson j,E 1,AU-LR,2130,1725,0,0
,,,,,,,SOLO,1782358746101,Thu Jun 25 2026 03:39:06 GMT+0000 (UTC),0,,,X,6.2,-36.8,497.3,17,
,,,,,,,SOLO,1782358777763,Thu Jun 25 2026 03:39:37 GMT+0000 (UTC),0,,,6,-76.4,61.5,502.4,17,
,,,,,,,SOLO,1782358804497,Thu Jun 25 2026 03:40:04 GMT+0000 (UTC),0,,,6,-83.1,56.4,501,17.2,
,,,,,,,SOLO,1782358830588,Thu Jun 25 2026 03:40:30 GMT+0000 (UTC),0,,,6,41,76.1,501.1,17.2,
,,,,,,,SOLO,1782358860191,Thu Jun 25 2026 03:41:00 GMT+0000 (UTC),0,,,X,17.5,17.8,501.1,17.2,
,,,,,,,SOLO,1782358890817,Thu Jun 25 2026 03:41:30 GMT+0000 (UTC),0,,,6,31.1,-60.8,497.8,17.4,
,,,,,,,SOLO,1782358921253,Thu Jun 25 2026 03:42:01 GMT+0000 (UTC),0,,,6,-78.7,35.6,500.6,17.4,
,,,,,,,SOLO,1782358953841,Thu Jun 25 2026 03:42:33 GMT+0000 (UTC),0,,,5,42,-139.8,501.2,17.6,
,,,,,,,SOLO,1782358980325,Thu Jun 25 2026 03:43:00 GMT+0000 (UTC),0,,,5,-142.3,60.3,500,17.6,
,,,,,,,SOLO,1782359006463,Thu Jun 25 2026 03:43:26 GMT+0000 (UTC),0,,,5,-102.3,-115.9,499.2,17.6,
### next string
Galea #124,E 2,AU-LR,2130,1721,0,0
,,,,,,,SOLO,1782358698280,Thu Jun 25 2026 03:38:18 GMT+0000 (UTC),0,,,X,18.4,-3,478.8,16.9,
,,,,,,,SOLO,1782358709328,Thu Jun 25 2026 03:38:29 GMT+0000 (UTC),0,,,X,52.9,12.5,475,17,
,,,,,,,SOLO,1782358720181,Thu Jun 25 2026 03:38:40 GMT+0000 (UTC),0,,,6,109,15.7,480.7,17,
,,,,,,,SOLO,1782358731086,Thu Jun 25 2026 03:38:51 GMT+0000 (UTC),0,,,X,41.5,32.3,480.8,17,
,,,,,,,SOLO,1782358743981,Thu Jun 25 2026 03:39:03 GMT+0000 (UTC),0,,,5,16,173.9,483.1,17,
,,,,,,,SOLO,1782358759133,Thu Jun 25 2026 03:39:19 GMT+0000 (UTC),0,,,X,9.1,42,486.8,17,
,,,,,,,SOLO,1782358770164,Thu Jun 25 2026 03:39:30 GMT+0000 (UTC),0,,,X,60.7,3.1,483.2,17,
,,,,,,,SOLO,1782358782007,Thu Jun 25 2026 03:39:42 GMT+0000 (UTC),0,,,X,-9.9,28.7,486.2,17,
,,,,,,,SOLO,1782358793126,Thu Jun 25 2026 03:39:53 GMT+0000 (UTC),0,,,6,90.4,-71.3,479.1,17.3,
,,,,,,,SOLO,1782358805345,Thu Jun 25 2026 03:40:05 GMT+0000 (UTC),0,,,6,21.1,-89.7,482.9,17.3,
### next string
Spencer 29,E 3,AU-LR,2130,1720,0,0
,,,,,,,SOLO,1782358526971,Thu Jun 25 2026 03:35:26 GMT+0000 (UTC),0,,sighter,4,233.9,-275.3,427.5,16.8,
,,,,,,,SOLO,1782358556992,Thu Jun 25 2026 03:35:56 GMT+0000 (UTC),0,,,5,170.9,144.9,437.3,16.8,
,,,,,,,SOLO,1782358598371,Thu Jun 25 2026 03:36:38 GMT+0000 (UTC),0,,,V,-42.4,-1.5,434.6,16.8,
,,,,,,,SOLO,1782358619621,Thu Jun 25 2026 03:36:59 GMT+0000 (UTC),0,,,5,-210.3,13.3,439,17,
,,,,,,,SOLO,1782358643087,Thu Jun 25 2026 03:37:23 GMT+0000 (UTC),0,,,V,-19.2,-125.6,431.6,17,
,,,,,,,SOLO,1782358666451,Thu Jun 25 2026 03:37:46 GMT+0000 (UTC),0,,,5,-57.8,-134.1,437.3,17,
,,,,,,,SOLO,1782358689823,Thu Jun 25 2026 03:38:09 GMT+0000 (UTC),0,,,V,-118.8,-42.9,428.9,17.1,
,,,,,,,SOLO,1782358713354,Thu Jun 25 2026 03:38:33 GMT+0000 (UTC),0,,,V,98,64,437.7,17.1,
,,,,,,,SOLO,1782358735265,Thu Jun 25 2026 03:38:55 GMT+0000 (UTC),0,,,5,12.3,-132.4,434.7,17.1,
,,,,,,,SOLO,1782358757762,Thu Jun 25 2026 03:39:17 GMT+0000 (UTC),0,,,5,3.9,-186.1,435.5,17.1,
,,,,,,,SOLO,1782358781163,Thu Jun 25 2026 03:39:41 GMT+0000 (UTC),0,,,5,90.1,-157.8,438.3,17.3,
### next string
Ryder M,E 6,AU-LR,2130,1720,0,0
,,,,,,,SOLO,1782358248995,Thu Jun 25 2026 03:30:48 GMT+0000 (UTC),0,,,5,149.2,-29.2,408.3,16.6,
,,,,,,,SOLO,1782358298626,Thu Jun 25 2026 03:31:38 GMT+0000 (UTC),0,,,5,41.4,133.4,406.2,16.6,
,,,,,,,SOLO,1782358382298,Thu Jun 25 2026 03:33:02 GMT+0000 (UTC),0,,,5,-83.5,-122.9,404.3,16.7,
,,,,,,,SOLO,1782358429690,Thu Jun 25 2026 03:33:49 GMT+0000 (UTC),0,,,5,-14.4,-210.9,403.9,16.8,
,,,,,,,SOLO,1782358493430,Thu Jun 25 2026 03:34:53 GMT+0000 (UTC),0,,,4,-6.1,-343.6,400.3,16.9,
,,,,,,,SOLO,1782358541663,Thu Jun 25 2026 03:35:41 GMT+0000 (UTC),0,,,5,75.7,-168.5,401.2,16.9,
,,,,,,,SOLO,1782358592229,Thu Jun 25 2026 03:36:32 GMT+0000 (UTC),0,,,5,49.4,-124.4,398.6,16.9,
,,,,,,,SOLO,1782358633025,Thu Jun 25 2026 03:37:13 GMT+0000 (UTC),0,,,V,-36.7,-3.9,405.1,16.9,
,,,,,,,SOLO,1782358684271,Thu Jun 25 2026 03:38:04 GMT+0000 (UTC),0,,,5,-102.6,-98,401.3,17.1,
,,,,,,,SOLO,1782358740852,Thu Jun 25 2026 03:39:00 GMT+0000 (UTC),0,,,5,70.9,-175.3,401.2,17.3,
### next string
Schwebel C ,E 4,AU-LR,2127,1721,0,0
,,,,,,,SOLO,1782358273467,Thu Jun 25 2026 03:31:13 GMT+0000 (UTC),0,,,V,7.4,-46,444,16.7,
,,,,,,,SOLO,1782358293424,Thu Jun 25 2026 03:31:33 GMT+0000 (UTC),0,,,V,46.9,-87.8,447.2,16.6,
,,,,,,,SOLO,1782358440389,Thu Jun 25 2026 03:34:00 GMT+0000 (UTC),0,,,V,36.2,-72.1,442.5,16.9,
,,,,,,,SOLO,1782358459257,Thu Jun 25 2026 03:34:19 GMT+0000 (UTC),0,,,V,38.5,-81.1,442,16.9,
,,,,,,,SOLO,1782358484903,Thu Jun 25 2026 03:34:44 GMT+0000 (UTC),0,,,V,87,82.5,449,16.9,
,,,,,,,SOLO,1782358514841,Thu Jun 25 2026 03:35:14 GMT+0000 (UTC),0,,,5,179.6,-54.5,450.2,16.9,
,,,,,,,SOLO,1782358549205,Thu Jun 25 2026 03:35:49 GMT+0000 (UTC),0,,,V,73.7,-19.1,445.6,16.9,
,,,,,,,SOLO,1782358574414,Thu Jun 25 2026 03:36:14 GMT+0000 (UTC),0,,,5,-90.9,165.5,445,16.9,
,,,,,,,SOLO,1782358601850,Thu Jun 25 2026 03:36:41 GMT+0000 (UTC),0,,,V,7.9,-11.8,442.7,17,
,,,,,,,SOLO,1782358622102,Thu Jun 25 2026 03:37:02 GMT+0000 (UTC),0,,,5,97.9,95.9,445.8,17,
### next string
Sainsbury D,E 5,AU-LR,2130,1722,0,0
,,,,,,,SOLO,1782358073708,Thu Jun 25 2026 03:27:53 GMT+0000 (UTC),0,,sighter,2,392.7,-424,431.9,16.6,
,,,,,,,SOLO,1782358159882,Thu Jun 25 2026 03:29:19 GMT+0000 (UTC),0,,,V,30.9,-50.5,436.6,16.6,
,,,,,,,SOLO,1782358202103,Thu Jun 25 2026 03:30:02 GMT+0000 (UTC),0,,,V,104.4,-46.1,438.1,16.6,
,,,,,,,SOLO,1782358256475,Thu Jun 25 2026 03:30:56 GMT+0000 (UTC),0,,,4,67.7,-293.1,430.9,16.7,
,,,,,,,SOLO,1782358307869,Thu Jun 25 2026 03:31:47 GMT+0000 (UTC),0,,,5,36.4,-148.9,431.7,16.7,
,,,,,,,SOLO,1782358355478,Thu Jun 25 2026 03:32:35 GMT+0000 (UTC),0,,,5,26.1,-165.2,431.7,16.8,
,,,,,,,SOLO,1782358407460,Thu Jun 25 2026 03:33:27 GMT+0000 (UTC),0,,,5,64.9,-162.5,428.8,16.7,
,,,,,,,SOLO,1782358457365,Thu Jun 25 2026 03:34:17 GMT+0000 (UTC),0,,,4,100.7,-242.9,433.2,16.7,
,,,,,,,SOLO,1782358526131,Thu Jun 25 2026 03:35:26 GMT+0000 (UTC),0,,,5,101.8,-171.8,430.1,16.9,
,,,,,,,SOLO,1782358573610,Thu Jun 25 2026 03:36:13 GMT+0000 (UTC),0,,,5,154.6,-122.3,428.3,17,
,,,,,,,SOLO,1782358623073,Thu Jun 25 2026 03:37:03 GMT+0000 (UTC),0,,,5,107.9,-151.4,430.1,17.1,
### next string
McIntosh 10,E 2,AU-LR,2130,1721,0,0
,,,,,,,SOLO,1782357999572,Thu Jun 25 2026 03:26:39 GMT+0000 (UTC),0,,,5,229.2,-74.8,441.6,16.3,
,,,,,,,SOLO,1782358047122,Thu Jun 25 2026 03:27:27 GMT+0000 (UTC),0,,,5,111.1,-198.1,450.8,16.4,
,,,,,,,SOLO,1782358108630,Thu Jun 25 2026 03:28:28 GMT+0000 (UTC),0,,,5,246,29.9,446.1,16.4,
,,,,,,,SOLO,1782358160219,Thu Jun 25 2026 03:29:20 GMT+0000 (UTC),0,,,V,-45.4,107.9,444.6,16.4,
,,,,,,,SOLO,1782358266961,Thu Jun 25 2026 03:31:06 GMT+0000 (UTC),0,,,V,-92.3,40,449.8,16.4,
,,,,,,,SOLO,1782358318570,Thu Jun 25 2026 03:31:58 GMT+0000 (UTC),0,,,5,76.3,-190.8,446.4,16.4,
,,,,,,,SOLO,1782358364163,Thu Jun 25 2026 03:32:44 GMT+0000 (UTC),0,,,5,2,141.3,446.1,16.5,
,,,,,,,SOLO,1782358428884,Thu Jun 25 2026 03:33:48 GMT+0000 (UTC),0,,,5,135.7,-38.8,445.5,16.6,
,,,,,,,SOLO,1782358472660,Thu Jun 25 2026 03:34:32 GMT+0000 (UTC),0,,,V,66.3,-13.2,447.8,16.6,
,,,,,,,SOLO,1782358552212,Thu Jun 25 2026 03:35:52 GMT+0000 (UTC),0,,,V,-32,105.7,446.2,16.7,
### next string
williams s 23295,E 3,AU-LR,2130,1720,0,0
,,,,,,,SOLO,1782356991153,Thu Jun 25 2026 03:09:51 GMT+0000 (UTC),0,,,5,-97.1,236.2,452.5,16.7,
,,,,,,,SOLO,1782357047819,Thu Jun 25 2026 03:10:47 GMT+0000 (UTC),0,,,5,201.2,-78.5,466.9,16.7,
,,,,,,,SOLO,1782357128751,Thu Jun 25 2026 03:12:08 GMT+0000 (UTC),0,,,5,78.6,-177.3,455.8,16.7,
,,,,,,,SOLO,1782357200578,Thu Jun 25 2026 03:13:20 GMT+0000 (UTC),0,,,5,-154.1,-28.1,454.2,16.6,
,,,,,,,SOLO,1782357818356,Thu Jun 25 2026 03:23:38 GMT+0000 (UTC),0,,,5,246,59.3,457.4,16.5,
,,,,,,,SOLO,1782357857093,Thu Jun 25 2026 03:24:17 GMT+0000 (UTC),0,,,5,84.7,-123.5,456.3,16.5,
,,,,,,,SOLO,1782358028739,Thu Jun 25 2026 03:27:08 GMT+0000 (UTC),0,,,5,206,-106.4,454,16.6,
,,,,,,,SOLO,1782358085002,Thu Jun 25 2026 03:28:05 GMT+0000 (UTC),0,,,5,174.7,-4.9,455.6,16.6,
,,,,,,,SOLO,1782358123341,Thu Jun 25 2026 03:28:43 GMT+0000 (UTC),0,,,5,-131,77.4,443.8,16.6,
,,,,,,,SOLO,1782358294822,Thu Jun 25 2026 03:31:34 GMT+0000 (UTC),0,,,5,231.9,54.1,459.7,16.6,
,,,,,,,SOLO,1782358394778,Thu Jun 25 2026 03:33:14 GMT+0000 (UTC),0,,,4,-300.2,176.1,454.7,16.8,
### next string
McCauley B ,E 4,AU-LR,2127,1721,0,0
,,,,,,,SOLO,1782357072416,Thu Jun 25 2026 03:11:12 GMT+0000 (UTC),0,,,V,-78.7,8.5,456.6,16.6,
,,,,,,,SOLO,1782357104870,Thu Jun 25 2026 03:11:44 GMT+0000 (UTC),0,,,5,184.4,100.7,463.5,16.6,
,,,,,,,SOLO,1782357169471,Thu Jun 25 2026 03:12:49 GMT+0000 (UTC),0,,,5,-137.3,72.8,463.2,16.7,
,,,,,,,SOLO,1782357202768,Thu Jun 25 2026 03:13:22 GMT+0000 (UTC),0,,,5,215.6,109.5,466.1,16.7,
,,,,,,,SOLO,1782357940605,Thu Jun 25 2026 03:25:40 GMT+0000 (UTC),0,,,5,-235.9,37.1,455.7,16.6,
,,,,,,,SOLO,1782357979052,Thu Jun 25 2026 03:26:19 GMT+0000 (UTC),0,,,V,63,-9.5,460.6,16.6,
,,,,,,,SOLO,1782358022681,Thu Jun 25 2026 03:27:02 GMT+0000 (UTC),0,,,V,81.3,94.7,462.7,16.6,
,,,,,,,SOLO,1782358069400,Thu Jun 25 2026 03:27:49 GMT+0000 (UTC),0,,,V,87.6,64.7,460.8,16.6,
,,,,,,,SOLO,1782358114061,Thu Jun 25 2026 03:28:34 GMT+0000 (UTC),0,,,4,-42.4,259.4,462.5,16.6,
,,,,,,,SOLO,1782358152757,Thu Jun 25 2026 03:29:12 GMT+0000 (UTC),0,,,V,-67,106.2,461.1,16.7,
,,,,,,,SOLO,1782358178182,Thu Jun 25 2026 03:29:38 GMT+0000 (UTC),0,,,V,116.9,52.9,460.2,16.7,
### next string
Kothari O,E 6,AU-LR,2130,1720,0,0
,,,,,,,SOLO,1782356748199,Thu Jun 25 2026 03:05:48 GMT+0000 (UTC),0,,sighter,4,-108,-245.5,397.8,16.6,
,,,,,,,SOLO,1782356796560,Thu Jun 25 2026 03:06:36 GMT+0000 (UTC),0,,,5,130,210.2,409.1,16.6,
,,,,,,,SOLO,1782356835682,Thu Jun 25 2026 03:07:15 GMT+0000 (UTC),0,,,V,65.2,-54.2,396.6,16.6,
,,,,,,,SOLO,1782356914618,Thu Jun 25 2026 03:08:34 GMT+0000 (UTC),0,,,5,125,-69,404.3,16.7,
,,,,,,,SOLO,1782356947256,Thu Jun 25 2026 03:09:07 GMT+0000 (UTC),0,,,5,57.9,-134.6,399.9,16.7,
,,,,,,,SOLO,1782356988246,Thu Jun 25 2026 03:09:48 GMT+0000 (UTC),0,,,5,179.4,61.4,397.1,16.7,
,,,,,,,SOLO,1782357032642,Thu Jun 25 2026 03:10:32 GMT+0000 (UTC),0,,,4,201.6,180.5,399.6,16.7,
,,,,,,,SOLO,1782357096800,Thu Jun 25 2026 03:11:36 GMT+0000 (UTC),0,,,4,349.3,159.5,407,16.8,
,,,,,,,SOLO,1782357178191,Thu Jun 25 2026 03:12:58 GMT+0000 (UTC),0,,,4,320.1,-67.1,402.2,16.7,
,,,,,,,SOLO,1782357896672,Thu Jun 25 2026 03:24:56 GMT+0000 (UTC),0,,,V,71.7,89.5,400.2,16.6,
,,,,,,,SOLO,1782357939180,Thu Jun 25 2026 03:25:39 GMT+0000 (UTC),0,,,4,120.2,315.4,401.8,16.6,
,,,,,,,SOLO,1782358010395,Thu Jun 25 2026 03:26:50 GMT+0000 (UTC),0,,,4,275.3,-57.6,398.8,16.5,
### next string
Fincham J 168,E 1,AU-LR,2130,1725,0,0
,,,,,,,SOLO,1782357018588,Thu Jun 25 2026 03:10:18 GMT+0000 (UTC),0,,sighter,5,2.9,-149.5,492.6,16.4,
,,,,,,,SOLO,1782357039036,Thu Jun 25 2026 03:10:39 GMT+0000 (UTC),0,,sighter,5,75.8,173.9,504.6,16.4,
,,,,,,,SOLO,1782357073261,Thu Jun 25 2026 03:11:13 GMT+0000 (UTC),0,,,5,145.3,78.4,497.4,16.4,
,,,,,,,SOLO,1782357101739,Thu Jun 25 2026 03:11:41 GMT+0000 (UTC),0,,,5,51.2,133.7,506.8,16.4,
,,,,,,,SOLO,1782357124110,Thu Jun 25 2026 03:12:04 GMT+0000 (UTC),0,,,4,207.5,-161.5,501.4,16.5,
,,,,,,,SOLO,1782357151567,Thu Jun 25 2026 03:12:31 GMT+0000 (UTC),0,,,5,114.2,-78.8,502.4,16.5,
,,,,,,,SOLO,1782357174602,Thu Jun 25 2026 03:12:54 GMT+0000 (UTC),0,,,6,115.5,-8,496.7,16.5,
,,,,,,,SOLO,1782357192063,Thu Jun 25 2026 03:13:12 GMT+0000 (UTC),0,,,5,137.5,-130.9,498.3,16.4,
,,,,,,,SOLO,1782357762531,Thu Jun 25 2026 03:22:42 GMT+0000 (UTC),0,,,6,-45,-73.2,490.2,16.4,
,,,,,,,SOLO,1782357787492,Thu Jun 25 2026 03:23:07 GMT+0000 (UTC),0,,,6,-120.6,1.4,498.3,16.3,
,,,,,,,SOLO,1782357809979,Thu Jun 25 2026 03:23:29 GMT+0000 (UTC),0,,,6,-16.7,-72,490.9,16.3,
,,,,,,,SOLO,1782357832087,Thu Jun 25 2026 03:23:52 GMT+0000 (UTC),0,,,X,-3.7,-46.7,497.6,16.3,
,,,,,,,SOLO,1782357849165,Thu Jun 25 2026 03:24:09 GMT+0000 (UTC),0,,,X,30.4,10.2,500.4,16.3,
### next string
Harold B,E 5,AU-LR,2130,1722,0,0
,,,,,,,SOLO,1782356735206,Thu Jun 25 2026 03:05:35 GMT+0000 (UTC),0,,sighter,2,-675.1,122.5,398.9,16.6,
,,,,,,,SOLO,1782356788744,Thu Jun 25 2026 03:06:28 GMT+0000 (UTC),0,,,V,-74.7,-46.2,402.9,16.6,
,,,,,,,SOLO,1782356818159,Thu Jun 25 2026 03:06:58 GMT+0000 (UTC),0,,,4,-347,-76,398.3,16.6,
,,,,,,,SOLO,1782356886101,Thu Jun 25 2026 03:08:06 GMT+0000 (UTC),0,,,3,-275.3,-440.1,404.9,16.7,
,,,,,,,SOLO,1782356911958,Thu Jun 25 2026 03:08:31 GMT+0000 (UTC),0,,,2,-163.5,-568.6,406.2,16.7,
,,,,,,,SOLO,1782356975327,Thu Jun 25 2026 03:09:35 GMT+0000 (UTC),0,,,V,-36.2,-117.3,402.4,16.6,
,,,,,,,SOLO,1782357000596,Thu Jun 25 2026 03:10:00 GMT+0000 (UTC),0,,,5,-128.6,-213.9,403.5,16.6,
,,,,,,,SOLO,1782357030600,Thu Jun 25 2026 03:10:30 GMT+0000 (UTC),0,,,2,-314.7,-523.3,400,16.7,
,,,,,,,SOLO,1782357080897,Thu Jun 25 2026 03:11:20 GMT+0000 (UTC),0,,,V,39.7,-57.4,396.9,16.7,
,,,,,,,SOLO,1782357116709,Thu Jun 25 2026 03:11:56 GMT+0000 (UTC),0,,,5,100.1,-100.6,404.6,16.7,
,,,,,,,SOLO,1782357155138,Thu Jun 25 2026 03:12:35 GMT+0000 (UTC),0,,,4,-16.2,-371.4,398.9,16.7,
### next string
Schwebel 80,E 2,AU-LR,2130,1721,0,0
,,,,,,,SOLO,1782356721492,Thu Jun 25 2026 03:05:21 GMT+0000 (UTC),0,,,5,30.5,192.4,460.5,16.5,
,,,,,,,SOLO,1782356768461,Thu Jun 25 2026 03:06:08 GMT+0000 (UTC),0,,,5,127,60.7,460.9,16.4,
,,,,,,,SOLO,1782356816697,Thu Jun 25 2026 03:06:56 GMT+0000 (UTC),0,,,5,-149.6,-32.4,461.7,16.4,
,,,,,,,SOLO,1782356860593,Thu Jun 25 2026 03:07:40 GMT+0000 (UTC),0,,,5,-18.5,-157.8,457.3,16.5,
,,,,,,,SOLO,1782356952673,Thu Jun 25 2026 03:09:12 GMT+0000 (UTC),0,,,V,55.4,14.1,459.3,16.5,
,,,,,,,SOLO,1782356990894,Thu Jun 25 2026 03:09:50 GMT+0000 (UTC),0,,,V,56.5,5.3,451.5,16.5,
,,,,,,,SOLO,1782357040526,Thu Jun 25 2026 03:10:40 GMT+0000 (UTC),0,,,V,104.8,47,455.7,16.5,
,,,,,,,SOLO,1782357082329,Thu Jun 25 2026 03:11:22 GMT+0000 (UTC),0,,,V,-69.2,86.8,456.2,16.6,
,,,,,,,SOLO,1782357122516,Thu Jun 25 2026 03:12:02 GMT+0000 (UTC),0,,,5,221.1,-107.7,457.1,16.6,
,,,,,,,SOLO,1782357169151,Thu Jun 25 2026 03:12:49 GMT+0000 (UTC),0,,,5,4,-173.7,455.5,16.6,
### next string
Austin C,E 1,AU-LR,2130,1725,0,0
,,,,,,,SOLO,1782356467824,Thu Jun 25 2026 03:01:07 GMT+0000 (UTC),0,,sighter,3,465.5,21.2,490.5,16.2,
,,,,,,,SOLO,1782356517960,Thu Jun 25 2026 03:01:57 GMT+0000 (UTC),0,,sighter,5,-116.1,92.5,497.2,16.2,
,,,,,,,SOLO,1782356567486,Thu Jun 25 2026 03:02:47 GMT+0000 (UTC),0,,,5,3.2,-178.2,503,16.2,
,,,,,,,SOLO,1782356600423,Thu Jun 25 2026 03:03:20 GMT+0000 (UTC),0,,,5,-102.8,90.6,500.2,16.3,
,,,,,,,SOLO,1782356730150,Thu Jun 25 2026 03:05:30 GMT+0000 (UTC),0,,,6,-58.8,89.2,508.9,16.4,
,,,,,,,SOLO,1782356763142,Thu Jun 25 2026 03:06:03 GMT+0000 (UTC),0,,,6,-47.7,-59.7,494.8,16.4,
,,,,,,,SOLO,1782356787338,Thu Jun 25 2026 03:06:27 GMT+0000 (UTC),0,,,6,40.7,-77.4,491.5,16.4,
,,,,,,,SOLO,1782356823401,Thu Jun 25 2026 03:07:03 GMT+0000 (UTC),0,,,X,-30.1,30.2,494,16.4,
,,,,,,,SOLO,1782356848931,Thu Jun 25 2026 03:07:28 GMT+0000 (UTC),0,,,6,-29.3,-114.3,492.4,16.4,
,,,,,,,SOLO,1782356895444,Thu Jun 25 2026 03:08:15 GMT+0000 (UTC),0,,,X,-0.2,-55.8,489.8,16.5,
,,,,,,,SOLO,1782356917103,Thu Jun 25 2026 03:08:37 GMT+0000 (UTC),0,,,5,-84.5,138.7,492.8,16.5,
,,,,,,,SOLO,1782356944402,Thu Jun 25 2026 03:09:04 GMT+0000 (UTC),0,,,5,-181,-51.6,500.6,16.5,
### next string
Bailey j ,E 4,AU-LR,2127,1721,0,0
,,,,,,,SOLO,1782356392379,Thu Jun 25 2026 02:59:52 GMT+0000 (UTC),0,,sighter,4,236.3,173.6,442.7,16.1,
,,,,,,,SOLO,1782356439335,Thu Jun 25 2026 03:00:39 GMT+0000 (UTC),0,,,V,19.1,33.9,449.2,16.1,
,,,,,,,SOLO,1782356473463,Thu Jun 25 2026 03:01:13 GMT+0000 (UTC),0,,,V,-123,43.8,447,16.2,
,,,,,,,SOLO,1782356527584,Thu Jun 25 2026 03:02:07 GMT+0000 (UTC),0,,,V,-10,74.1,446.9,16.2,
,,,,,,,SOLO,1782356567076,Thu Jun 25 2026 03:02:47 GMT+0000 (UTC),0,,,V,-111.2,-6.9,446.9,16.3,
,,,,,,,SOLO,1782356682628,Thu Jun 25 2026 03:04:42 GMT+0000 (UTC),0,,,4,-271.6,-74.1,439.5,16.4,
,,,,,,,SOLO,1782356723514,Thu Jun 25 2026 03:05:23 GMT+0000 (UTC),0,,,V,-71.6,-71.4,451.7,16.5,
,,,,,,,SOLO,1782356767852,Thu Jun 25 2026 03:06:07 GMT+0000 (UTC),0,,,5,207.8,-52.6,439.6,16.6,
,,,,,,,SOLO,1782356798685,Thu Jun 25 2026 03:06:38 GMT+0000 (UTC),0,,,V,-61.4,-13.1,444.4,16.6,
,,,,,,,SOLO,1782356841382,Thu Jun 25 2026 03:07:21 GMT+0000 (UTC),0,,,5,-159.3,-180.6,441.2,16.6,
,,,,,,,SOLO,1782356880735,Thu Jun 25 2026 03:08:00 GMT+0000 (UTC),0,,,V,60.7,-43.1,437.4,16.6,
### next string
bell a 21129,E 3,AU-LR,2130,1720,0,0
,,,,,,,SOLO,1782356494224,Thu Jun 25 2026 03:01:34 GMT+0000 (UTC),0,,,5,-170.6,-81.7,440,16.4,
,,,,,,,SOLO,1782356530882,Thu Jun 25 2026 03:02:10 GMT+0000 (UTC),0,,,V,12.9,-110.1,430.1,16.4,
,,,,,,,SOLO,1782356571546,Thu Jun 25 2026 03:02:51 GMT+0000 (UTC),0,,,V,-45.2,-11.9,436.3,16.4,
,,,,,,,SOLO,1782356608107,Thu Jun 25 2026 03:03:28 GMT+0000 (UTC),0,,,V,-99.6,56.3,431.7,16.4,
,,,,,,,SOLO,1782356646222,Thu Jun 25 2026 03:04:06 GMT+0000 (UTC),0,,,5,-253,8.2,430,16.4,
,,,,,,,SOLO,1782356687407,Thu Jun 25 2026 03:04:47 GMT+0000 (UTC),0,,,5,-228.6,109.2,436.1,16.4,
,,,,,,,SOLO,1782356734084,Thu Jun 25 2026 03:05:34 GMT+0000 (UTC),0,,,V,-44.4,27.6,429.5,16.5,
,,,,,,,SOLO,1782356767165,Thu Jun 25 2026 03:06:07 GMT+0000 (UTC),0,,,V,5.1,84.7,434.2,16.5,
,,,,,,,SOLO,1782356803332,Thu Jun 25 2026 03:06:43 GMT+0000 (UTC),0,,,V,-95.6,-58.7,434.1,16.6,
,,,,,,,SOLO,1782356838941,Thu Jun 25 2026 03:07:18 GMT+0000 (UTC),0,,,5,-111.3,76.2,438.4,16.6,
### next string
neilsen148,E 2,AU-LR,2130,1721,0,0
,,,,,,,SOLO,1782356288488,Thu Jun 25 2026 02:58:08 GMT+0000 (UTC),0,,sighter,5,9.2,-256,448.7,16.1,
,,,,,,,SOLO,1782356320302,Thu Jun 25 2026 02:58:40 GMT+0000 (UTC),0,,sighter,4,259.3,34.4,452.7,16.1,
,,,,,,,SOLO,1782356351799,Thu Jun 25 2026 02:59:11 GMT+0000 (UTC),0,,,5,220.2,-15.4,452.1,16.1,
,,,,,,,SOLO,1782356375199,Thu Jun 25 2026 02:59:35 GMT+0000 (UTC),0,,,3,457.4,-230.2,443.1,16.1,
,,,,,,,SOLO,1782356405825,Thu Jun 25 2026 03:00:05 GMT+0000 (UTC),0,,,5,42.6,-250.2,442.4,16.1,
,,,,,,,SOLO,1782356429011,Thu Jun 25 2026 03:00:29 GMT+0000 (UTC),0,,,4,118,257.7,449.1,16.1,
,,,,,,,SOLO,1782356457573,Thu Jun 25 2026 03:00:57 GMT+0000 (UTC),0,,,V,-83.5,84.7,445.4,16.1,
,,,,,,,SOLO,1782356483162,Thu Jun 25 2026 03:01:23 GMT+0000 (UTC),0,,,4,-217.9,-289.9,440.5,16.3,
,,,,,,,SOLO,1782356513917,Thu Jun 25 2026 03:01:53 GMT+0000 (UTC),0,,,4,-286.7,-108.3,447.8,16.3,
,,,,,,,SOLO,1782356538090,Thu Jun 25 2026 03:02:18 GMT+0000 (UTC),0,,,V,27,59.4,448.3,16.3,
,,,,,,,SOLO,1782356560515,Thu Jun 25 2026 03:02:40 GMT+0000 (UTC),0,,,5,122.5,226.1,452.4,16.3,
,,,,,,,SOLO,1782356593110,Thu Jun 25 2026 03:03:13 GMT+0000 (UTC),0,,,V,16.1,128.4,443,16.3,
### next string
Trinh E,E 6,AU-LR,2130,1720,0,0
,,,,,,,SOLO,1782355409937,Thu Jun 25 2026 02:43:29 GMT+0000 (UTC),0,,sighter,4,-168.3,314.6,398.7,16.3,
,,,,,,,SOLO,1782355480952,Thu Jun 25 2026 02:44:40 GMT+0000 (UTC),0,,sighter,4,-34.4,289.3,399.7,16.3,
,,,,,,,SOLO,1782355546505,Thu Jun 25 2026 02:45:46 GMT+0000 (UTC),0,,,4,-309.5,152.6,398.9,16.3,
,,,,,,,SOLO,1782355625549,Thu Jun 25 2026 02:47:05 GMT+0000 (UTC),0,,,4,-285.6,-103.7,398.2,16.3,
,,,,,,,SOLO,1782355695062,Thu Jun 25 2026 02:48:15 GMT+0000 (UTC),0,,,5,158.4,-70.7,396.6,16.3,
,,,,,,,SOLO,1782355773439,Thu Jun 25 2026 02:49:33 GMT+0000 (UTC),0,,,2,628.3,-406.3,396.5,16.2,
,,,,,,,SOLO,1782356153675,Thu Jun 25 2026 02:55:53 GMT+0000 (UTC),0,,,4,243.6,-159.4,392.7,16.1,
,,,,,,,SOLO,1782356224029,Thu Jun 25 2026 02:57:04 GMT+0000 (UTC),0,,,3,424.9,-75.8,391.2,16,
,,,,,,,SOLO,1782356301083,Thu Jun 25 2026 02:58:21 GMT+0000 (UTC),0,,,2,629,131.6,394.1,16.1,
,,,,,,,SOLO,1782356384628,Thu Jun 25 2026 02:59:44 GMT+0000 (UTC),0,,,3,412.6,114.8,394.4,16.2,
,,,,,,,SOLO,1782356437060,Thu Jun 25 2026 03:00:37 GMT+0000 (UTC),0,,,5,194.9,53,391.9,16.2,
,,,,,,,SOLO,1782356471573,Thu Jun 25 2026 03:01:11 GMT+0000 (UTC),0,,,5,-123,120.3,400.1,16.2,
### next string
crowe g,E 5,AU-LR,2130,1722,0,0
,,,,,,,SOLO,1782356177298,Thu Jun 25 2026 02:56:17 GMT+0000 (UTC),0,,sighter,2,609.6,-28.8,439.5,16.1,
,,,,,,,SOLO,1782356227588,Thu Jun 25 2026 02:57:07 GMT+0000 (UTC),0,,sighter,5,-193,0.6,438.2,16.1,
,,,,,,,SOLO,1782356263840,Thu Jun 25 2026 02:57:43 GMT+0000 (UTC),0,,,5,-239.1,52.3,443.6,16.1,
,,,,,,,SOLO,1782356306526,Thu Jun 25 2026 02:58:26 GMT+0000 (UTC),0,,,6,1.3,-102.4,442.8,16.1,
,,,,,,,SOLO,1782356333523,Thu Jun 25 2026 02:58:53 GMT+0000 (UTC),0,,,6,104.4,52.9,445.1,16.1,
,,,,,,,SOLO,1782356363225,Thu Jun 25 2026 02:59:23 GMT+0000 (UTC),0,,,5,100.4,-214.9,436.7,16.3,
,,,,,,,SOLO,1782356387879,Thu Jun 25 2026 02:59:47 GMT+0000 (UTC),0,,,6,105.3,-68.8,441.2,16.3,
,,,,,,,SOLO,1782356415423,Thu Jun 25 2026 03:00:15 GMT+0000 (UTC),0,,,6,71.7,9.9,442.9,16.3,
,,,,,,,SOLO,1782356435551,Thu Jun 25 2026 03:00:35 GMT+0000 (UTC),0,,,5,-17.2,168.3,444.4,16.3,
,,,,,,,SOLO,1782356456117,Thu Jun 25 2026 03:00:56 GMT+0000 (UTC),0,,,6,-130.1,3.9,441.3,16.3,
,,,,,,,SOLO,1782356495301,Thu Jun 25 2026 03:01:35 GMT+0000 (UTC),0,,,5,-199.5,59.9,444.5,16.3,
,,,,,,,SOLO,1782356534776,Thu Jun 25 2026 03:02:14 GMT+0000 (UTC),0,,,X,24.1,-58.7,437.9,16.3,
### next string
Sonnenberg A,E 3,AU-LR,2130,1720,0,0
,,,,,,,SOLO,1782356065956,Thu Jun 25 2026 02:54:25 GMT+0000 (UTC),0,,sighter,4,-303.9,-20.3,462.9,16.1,
,,,,,,,SOLO,1782356102112,Thu Jun 25 2026 02:55:02 GMT+0000 (UTC),0,,,5,141.8,40.6,464.1,16.1,
,,,,,,,SOLO,1782356123892,Thu Jun 25 2026 02:55:23 GMT+0000 (UTC),0,,,V,7.8,2,470.2,16.1,
,,,,,,,SOLO,1782356146704,Thu Jun 25 2026 02:55:46 GMT+0000 (UTC),0,,,V,99.1,-20.4,466.8,16.1,
,,,,,,,SOLO,1782356168594,Thu Jun 25 2026 02:56:08 GMT+0000 (UTC),0,,,5,18,-143.8,465,16.1,
,,,,,,,SOLO,1782356187725,Thu Jun 25 2026 02:56:27 GMT+0000 (UTC),0,,,5,158.7,145.6,470.1,16.1,
,,,,,,,SOLO,1782356227968,Thu Jun 25 2026 02:57:07 GMT+0000 (UTC),0,,,V,-28.2,-94.4,464.5,16.1,
,,,,,,,SOLO,1782356260567,Thu Jun 25 2026 02:57:40 GMT+0000 (UTC),0,,,5,31.2,-173.1,464.7,16.1,
,,,,,,,SOLO,1782356291202,Thu Jun 25 2026 02:58:11 GMT+0000 (UTC),0,,,V,98.8,-16.3,464.9,16.1,
,,,,,,,SOLO,1782356320956,Thu Jun 25 2026 02:58:40 GMT+0000 (UTC),0,,,5,116.6,70.5,467.6,16.1,
,,,,,,,SOLO,1782356353669,Thu Jun 25 2026 02:59:13 GMT+0000 (UTC),0,,,V,-19.1,66.8,467,16.2,
### next string
Picton B 136,E 1,AU-LR,2130,1725,0,0
,,,,,,,SOLO,1782356059956,Thu Jun 25 2026 02:54:19 GMT+0000 (UTC),0,,,5,222.8,-74.5,423.9,15.9,
,,,,,,,SOLO,1782356087806,Thu Jun 25 2026 02:54:47 GMT+0000 (UTC),0,,,V,-6.2,-12.3,426.1,16,
,,,,,,,SOLO,1782356111593,Thu Jun 25 2026 02:55:11 GMT+0000 (UTC),0,,,V,67.7,-39.8,428.7,16,
,,,,,,,SOLO,1782356134803,Thu Jun 25 2026 02:55:34 GMT+0000 (UTC),0,,,5,76.8,127.7,430.3,16,
,,,,,,,SOLO,1782356160655,Thu Jun 25 2026 02:56:00 GMT+0000 (UTC),0,,,V,-90.9,70.8,424.4,15.9,
,,,,,,,SOLO,1782356180752,Thu Jun 25 2026 02:56:20 GMT+0000 (UTC),0,,,V,-20.3,-19.1,431.7,15.9,
,,,,,,,SOLO,1782356202739,Thu Jun 25 2026 02:56:42 GMT+0000 (UTC),0,,,5,-187.4,1.3,431.2,15.9,
,,,,,,,SOLO,1782356227293,Thu Jun 25 2026 02:57:07 GMT+0000 (UTC),0,,,4,-202.2,-171.6,421.4,16.1,
,,,,,,,SOLO,1782356249931,Thu Jun 25 2026 02:57:29 GMT+0000 (UTC),0,,,5,93,-135.4,422.6,16.1,
,,,,,,,SOLO,1782356272402,Thu Jun 25 2026 02:57:52 GMT+0000 (UTC),0,,,V,56.7,21.3,425.5,16.1,
### next string
winkel35,E 2,AU-LR,2130,1721,0,0
,,,,,,,SOLO,1782355940263,Thu Jun 25 2026 02:52:20 GMT+0000 (UTC),0,,,V,37.4,14.3,494.6,16.1,
,,,,,,,SOLO,1782355953372,Thu Jun 25 2026 02:52:33 GMT+0000 (UTC),0,,,5,142.6,167.9,494.5,16.1,
,,,,,,,SOLO,1782355985853,Thu Jun 25 2026 02:53:05 GMT+0000 (UTC),0,,,5,82.3,159.1,496.5,16.1,
,,,,,,,SOLO,1782356022083,Thu Jun 25 2026 02:53:42 GMT+0000 (UTC),0,,,V,-89.2,-7.6,498.6,16.1,
,,,,,,,SOLO,1782356040044,Thu Jun 25 2026 02:54:00 GMT+0000 (UTC),0,,,V,29.2,112.6,497,16.1,
,,,,,,,SOLO,1782356055131,Thu Jun 25 2026 02:54:15 GMT+0000 (UTC),0,,,5,70.1,-159.4,490.3,16.1,
,,,,,,,SOLO,1782356070893,Thu Jun 25 2026 02:54:30 GMT+0000 (UTC),0,,,V,-15.6,44.5,493.5,16.1,
,,,,,,,SOLO,1782356082901,Thu Jun 25 2026 02:54:42 GMT+0000 (UTC),0,,,V,49,-50.9,491.9,16.1,
,,,,,,,SOLO,1782356095045,Thu Jun 25 2026 02:54:55 GMT+0000 (UTC),0,,,V,9.9,-111,489.3,16.1,
,,,,,,,SOLO,1782356110751,Thu Jun 25 2026 02:55:10 GMT+0000 (UTC),0,,,5,27.5,-160,492.6,16.1,
### next string
sharp m,E 5,AU-LR,2130,1722,0,0
,,,,,,,SOLO,1782355604696,Thu Jun 25 2026 02:46:44 GMT+0000 (UTC),0,,,X,20.5,-21.5,524.9,16.2,
,,,,,,,SOLO,1782355627632,Thu Jun 25 2026 02:47:07 GMT+0000 (UTC),0,,,X,39,20.1,528.8,16.3,
,,,,,,,SOLO,1782355648068,Thu Jun 25 2026 02:47:28 GMT+0000 (UTC),0,,,6,33.2,88.1,523.5,16.3,
,,,,,,,SOLO,1782355676031,Thu Jun 25 2026 02:47:56 GMT+0000 (UTC),0,,,6,102.2,-63.3,526.6,16.3,
,,,,,,,SOLO,1782355736563,Thu Jun 25 2026 02:48:56 GMT+0000 (UTC),0,,,X,35.5,21.8,526.8,16.3,
,,,,,,,SOLO,1782355762831,Thu Jun 25 2026 02:49:22 GMT+0000 (UTC),0,,,6,116.3,-11.2,527.3,16.3,
,,,,,,,SOLO,1782355860201,Thu Jun 25 2026 02:51:00 GMT+0000 (UTC),0,,,X,-30.5,-7.3,524,16.2,
,,,,,,,SOLO,1782355879085,Thu Jun 25 2026 02:51:19 GMT+0000 (UTC),0,,,X,5.4,36.4,525.5,16.2,
,,,,,,,SOLO,1782355900895,Thu Jun 25 2026 02:51:40 GMT+0000 (UTC),0,,,6,54.8,45.5,523.9,16.2,
,,,,,,,SOLO,1782355920099,Thu Jun 25 2026 02:52:00 GMT+0000 (UTC),0,,,X,-5.2,-23.6,526.1,16.1,
### next string
Dayson A ,E 1,AU-LR,2130,1725,0,0
,,,,,,,SOLO,1782355570952,Thu Jun 25 2026 02:46:10 GMT+0000 (UTC),0,,sighter,V,-15.6,70.2,446.6,16.1,
,,,,,,,SOLO,1782355610219,Thu Jun 25 2026 02:46:50 GMT+0000 (UTC),0,,sighter,5,-89.2,196.8,452,16.1,
,,,,,,,SOLO,1782355639123,Thu Jun 25 2026 02:47:19 GMT+0000 (UTC),0,,,V,35.6,0.5,449.2,16.1,
,,,,,,,SOLO,1782355662515,Thu Jun 25 2026 02:47:42 GMT+0000 (UTC),0,,,5,-16.7,188.5,446.2,16.1,
,,,,,,,SOLO,1782355692089,Thu Jun 25 2026 02:48:12 GMT+0000 (UTC),0,,,5,208.1,49.1,448.4,16.1,
,,,,,,,SOLO,1782355716964,Thu Jun 25 2026 02:48:36 GMT+0000 (UTC),0,,,V,-72.9,76.2,448.4,16.1,
,,,,,,,SOLO,1782355746181,Thu Jun 25 2026 02:49:06 GMT+0000 (UTC),0,,,V,-17.5,84.4,452.6,16.1,
,,,,,,,SOLO,1782355778220,Thu Jun 25 2026 02:49:38 GMT+0000 (UTC),0,,,5,107.5,-127.3,440.6,16.1,
,,,,,,,SOLO,1782355808714,Thu Jun 25 2026 02:50:08 GMT+0000 (UTC),0,,,5,198.7,104.2,444.4,16.1,
,,,,,,,SOLO,1782355835767,Thu Jun 25 2026 02:50:35 GMT+0000 (UTC),0,,,V,44,-123.5,444.5,16.1,
,,,,,,,SOLO,1782355864330,Thu Jun 25 2026 02:51:04 GMT+0000 (UTC),0,,,5,122.4,146,448,16.1,
,,,,,,,SOLO,1782355896440,Thu Jun 25 2026 02:51:36 GMT+0000 (UTC),0,,,5,236.1,34.4,446.1,16.1,
### next string
D Lancaster,E 4,AU-LR,2127,1721,0,0
,,,,,,,SOLO,1782355652473,Thu Jun 25 2026 02:47:32 GMT+0000 (UTC),0,,sighter,5,-196.9,-28.6,500.5,16.1,
,,,,,,,SOLO,1782355683207,Thu Jun 25 2026 02:48:03 GMT+0000 (UTC),0,,,V,45.5,29.8,497.6,16.2,
,,,,,,,SOLO,1782355701529,Thu Jun 25 2026 02:48:21 GMT+0000 (UTC),0,,,V,-77.3,42.6,504.2,16.2,
,,,,,,,SOLO,1782355714504,Thu Jun 25 2026 02:48:34 GMT+0000 (UTC),0,,,5,-53.2,231.4,499.7,16.2,
,,,,,,,SOLO,1782355758140,Thu Jun 25 2026 02:49:18 GMT+0000 (UTC),0,,,4,-96.5,-323.7,486.4,16.2,
,,,,,,,SOLO,1782355804994,Thu Jun 25 2026 02:50:04 GMT+0000 (UTC),0,,,V,-45.9,45.3,497.8,16.2,
,,,,,,,SOLO,1782355820816,Thu Jun 25 2026 02:50:20 GMT+0000 (UTC),0,,,V,-103.7,-46.4,495.6,16.2,
,,,,,,,SOLO,1782355834207,Thu Jun 25 2026 02:50:34 GMT+0000 (UTC),0,,,V,-47.3,77.7,499.4,16.2,
,,,,,,,SOLO,1782355845924,Thu Jun 25 2026 02:50:45 GMT+0000 (UTC),0,,,V,7,105.6,501.2,16.2,
,,,,,,,SOLO,1782355857571,Thu Jun 25 2026 02:50:57 GMT+0000 (UTC),0,,,V,35.8,43.3,499.9,16.2,
,,,,,,,SOLO,1782355961441,Thu Jun 25 2026 02:52:41 GMT+0000 (UTC),0,,,5,182,137,493.7,16.1,
### next string
d hutton,E 3,AU-LR,2130,1720,0,0
,,,,,,,SOLO,1782355196794,Thu Jun 25 2026 02:39:56 GMT+0000 (UTC),0,,sighter,2,-790.2,106.5,400.3,16.3,
,,,,,,,SOLO,1782355357569,Thu Jun 25 2026 02:42:37 GMT+0000 (UTC),0,,,V,98.6,-54.2,409.5,16.3,
,,,,,,,SOLO,1782355460369,Thu Jun 25 2026 02:44:20 GMT+0000 (UTC),0,,,5,126.9,-101.1,409.8,16.2,
,,,,,,,SOLO,1782355539473,Thu Jun 25 2026 02:45:39 GMT+0000 (UTC),0,,,5,140.1,-47,411.8,16.2,
,,,,,,,SOLO,1782355564883,Thu Jun 25 2026 02:46:04 GMT+0000 (UTC),0,,,V,-100.8,-82.8,410.9,16.2,
,,,,,,,SOLO,1782355613855,Thu Jun 25 2026 02:46:53 GMT+0000 (UTC),0,,,4,289.1,-146.8,413.8,16.2,
,,,,,,,SOLO,1782355669542,Thu Jun 25 2026 02:47:49 GMT+0000 (UTC),0,,,4,187.4,-241.2,404,16.2,
,,,,,,,SOLO,1782355729180,Thu Jun 25 2026 02:48:49 GMT+0000 (UTC),0,,,5,55.7,-172.3,400.5,16.2,
,,,,,,,SOLO,1782355771627,Thu Jun 25 2026 02:49:31 GMT+0000 (UTC),0,,,4,311.4,99.1,403.4,16.2,
,,,,,,,SOLO,1782355847999,Thu Jun 25 2026 02:50:47 GMT+0000 (UTC),0,,,5,59.8,-140.1,402,16.2,
,,,,,,,SOLO,1782355920763,Thu Jun 25 2026 02:52:00 GMT+0000 (UTC),0,,,V,64.5,-58.4,406.5,16.1,
### next string
Sperring 83,E 2,AU-LR,2130,1721,0,0
,,,,,,,SOLO,1782355452567,Thu Jun 25 2026 02:44:12 GMT+0000 (UTC),0,,sighter,2,-664.1,216,424.2,16.1,
,,,,,,,SOLO,1782355501063,Thu Jun 25 2026 02:45:01 GMT+0000 (UTC),0,,sighter,5,71,202.5,432,16.1,
,,,,,,,SOLO,1782355538451,Thu Jun 25 2026 02:45:38 GMT+0000 (UTC),0,,,5,-166.3,135.7,428,16.1,
,,,,,,,SOLO,1782355572981,Thu Jun 25 2026 02:46:12 GMT+0000 (UTC),0,,,6,-61,-54.5,427.6,16.1,
,,,,,,,SOLO,1782355609991,Thu Jun 25 2026 02:46:49 GMT+0000 (UTC),0,,,X,-8.3,8.5,428.4,16.1,
,,,,,,,SOLO,1782355631073,Thu Jun 25 2026 02:47:11 GMT+0000 (UTC),0,,,5,54.9,-168.6,423.5,16.1,
,,,,,,,SOLO,1782355651790,Thu Jun 25 2026 02:47:31 GMT+0000 (UTC),0,,,X,-29.4,-57.4,422.5,16.1,
,,,,,,,SOLO,1782355670926,Thu Jun 25 2026 02:47:50 GMT+0000 (UTC),0,,,6,97.1,-13,424,16.1,
,,,,,,,SOLO,1782355686052,Thu Jun 25 2026 02:48:06 GMT+0000 (UTC),0,,,5,82.5,141.4,429.9,16.1,
,,,,,,,SOLO,1782355708124,Thu Jun 25 2026 02:48:28 GMT+0000 (UTC),0,,,6,88.4,30.7,427.4,16.2,
,,,,,,,SOLO,1782355724054,Thu Jun 25 2026 02:48:44 GMT+0000 (UTC),0,,,5,51,-143.2,419.9,16.2,
,,,,,,,SOLO,1782355741911,Thu Jun 25 2026 02:49:01 GMT+0000 (UTC),0,,,5,111.8,-70.9,427.4,16.2,
### next string
M Shelley,E 4,AU-LR,2127,1721,0,0
,,,,,,,SOLO,1782355238747,Thu Jun 25 2026 02:40:38 GMT+0000 (UTC),0,,,5,-90.9,-156.1,436.7,16.3,
,,,,,,,SOLO,1782355340405,Thu Jun 25 2026 02:42:20 GMT+0000 (UTC),0,,,5,125.6,80.2,439.8,16.3,
,,,,,,,SOLO,1782355371643,Thu Jun 25 2026 02:42:51 GMT+0000 (UTC),0,,,V,-9.8,50.3,439.2,16.3,
,,,,,,,SOLO,1782355390567,Thu Jun 25 2026 02:43:10 GMT+0000 (UTC),0,,,V,-57.9,75.9,441.7,16.2,
,,,,,,,SOLO,1782355411645,Thu Jun 25 2026 02:43:31 GMT+0000 (UTC),0,,,4,223.9,147.6,438.5,16.2,
,,,,,,,SOLO,1782355442037,Thu Jun 25 2026 02:44:02 GMT+0000 (UTC),0,,,3,-208.6,-360.4,425.8,16.2,
,,,,,,,SOLO,1782355499108,Thu Jun 25 2026 02:44:59 GMT+0000 (UTC),0,,,V,-43.1,-39.6,436.1,16.3,
,,,,,,,SOLO,1782355517916,Thu Jun 25 2026 02:45:17 GMT+0000 (UTC),0,,,V,-23.8,-119.6,437.3,16.3,
,,,,,,,SOLO,1782355541524,Thu Jun 25 2026 02:45:41 GMT+0000 (UTC),0,,,5,-19.6,208.8,436.2,16.2,
,,,,,,,SOLO,1782355567345,Thu Jun 25 2026 02:46:07 GMT+0000 (UTC),0,,,V,-46.5,43.1,436.5,16.2,
### next string
hoskinson j,E 5,AU-LR,2130,1722,0,0
,,,,,,,SOLO,1782355060298,Thu Jun 25 2026 02:37:40 GMT+0000 (UTC),0,,sighter,5,-257.2,-29.6,487.1,16.3,
,,,,,,,SOLO,1782355131640,Thu Jun 25 2026 02:38:51 GMT+0000 (UTC),0,,,6,-62.5,39.3,487.4,16.3,
,,,,,,,SOLO,1782355158777,Thu Jun 25 2026 02:39:18 GMT+0000 (UTC),0,,,X,-57.5,2.9,488,16.3,
,,,,,,,SOLO,1782355198936,Thu Jun 25 2026 02:39:58 GMT+0000 (UTC),0,,,5,-139.1,4,489,16.4,
,,,,,,,SOLO,1782355255659,Thu Jun 25 2026 02:40:55 GMT+0000 (UTC),0,,,X,-1.8,-50.9,491.8,16.4,
,,,,,,,SOLO,1782355376608,Thu Jun 25 2026 02:42:56 GMT+0000 (UTC),0,,,6,-66,74,489.5,16.3,
,,,,,,,SOLO,1782355401503,Thu Jun 25 2026 02:43:21 GMT+0000 (UTC),0,,,6,118.6,-47.6,488.3,16.3,
,,,,,,,SOLO,1782355424793,Thu Jun 25 2026 02:43:44 GMT+0000 (UTC),0,,,6,93.2,19.5,489,16.2,
,,,,,,,SOLO,1782355450273,Thu Jun 25 2026 02:44:10 GMT+0000 (UTC),0,,,X,3.1,-47.3,488.7,16.2,
,,,,,,,SOLO,1782355472976,Thu Jun 25 2026 02:44:32 GMT+0000 (UTC),0,,,6,42.8,-67.4,486.8,16.2,
,,,,,,,SOLO,1782355503562,Thu Jun 25 2026 02:45:03 GMT+0000 (UTC),0,,,6,-98.1,36.1,489.5,16.3,
### next string
Bartlett 141,E 2,AU-LR,2130,1721,0,0
,,,,,,,SOLO,1782355037520,Thu Jun 25 2026 02:37:17 GMT+0000 (UTC),0,,sighter,5,129.8,-101.7,454.6,16.2,
,,,,,,,SOLO,1782355092265,Thu Jun 25 2026 02:38:12 GMT+0000 (UTC),0,,sighter,5,-47.8,222.5,458.4,16.2,
,,,,,,,SOLO,1782355121438,Thu Jun 25 2026 02:38:41 GMT+0000 (UTC),0,,,5,-171.8,108,456.2,16.2,
,,,,,,,SOLO,1782355164249,Thu Jun 25 2026 02:39:24 GMT+0000 (UTC),0,,,6,-10,87.7,454.7,16.3,
,,,,,,,SOLO,1782355186444,Thu Jun 25 2026 02:39:46 GMT+0000 (UTC),0,,,6,-98.1,-7.7,452.3,16.3,
,,,,,,,SOLO,1782355203001,Thu Jun 25 2026 02:40:03 GMT+0000 (UTC),0,,,6,16.2,-66.3,451.9,16.3,
,,,,,,,SOLO,1782355223858,Thu Jun 25 2026 02:40:23 GMT+0000 (UTC),0,,,X,35.4,5.3,456,16.3,
,,,,,,,SOLO,1782355235950,Thu Jun 25 2026 02:40:35 GMT+0000 (UTC),0,,,6,68.5,-12.2,455.9,16.3,
,,,,,,,SOLO,1782355255974,Thu Jun 25 2026 02:40:55 GMT+0000 (UTC),0,,,6,20.6,-72.7,455.5,16.3,
,,,,,,,SOLO,1782355274669,Thu Jun 25 2026 02:41:14 GMT+0000 (UTC),0,,,5,-11.1,-156.3,451.7,16.2,
,,,,,,,SOLO,1782355311679,Thu Jun 25 2026 02:41:51 GMT+0000 (UTC),0,,,X,54,-18.8,454.7,16.2,
,,,,,,,SOLO,1782355333733,Thu Jun 25 2026 02:42:13 GMT+0000 (UTC),0,,,5,168.2,58.8,455.4,16.2,
### next string
Lee A,E 6,AU-LR,2130,1720,0,0
,,,,,,,SOLO,1782354563936,Thu Jun 25 2026 02:29:23 GMT+0000 (UTC),0,,sighter,2,-804,-212.7,392.8,16.2,
,,,,,,,SOLO,1782354658067,Thu Jun 25 2026 02:30:58 GMT+0000 (UTC),0,,,5,-205.9,-26.2,406.9,16.3,
,,,,,,,SOLO,1782354729756,Thu Jun 25 2026 02:32:09 GMT+0000 (UTC),0,,,5,-116.4,-163.6,400.3,16.3,
,,,,,,,SOLO,1782354793628,Thu Jun 25 2026 02:33:13 GMT+0000 (UTC),0,,,V,-112.5,-60.1,402.2,16.3,
,,,,,,,SOLO,1782354842055,Thu Jun 25 2026 02:34:02 GMT+0000 (UTC),0,,,V,15.4,-84,396.5,16.3,
,,,,,,,SOLO,1782354890738,Thu Jun 25 2026 02:34:50 GMT+0000 (UTC),0,,,5,-230.2,-109.7,401.9,16.3,
,,,,,,,SOLO,1782354970000,Thu Jun 25 2026 02:36:10 GMT+0000 (UTC),0,,,5,-197.3,119.6,401,16.3,
,,,,,,,SOLO,1782355021162,Thu Jun 25 2026 02:37:01 GMT+0000 (UTC),0,,,V,29.6,17.4,396.7,16.4,
,,,,,,,SOLO,1782355103699,Thu Jun 25 2026 02:38:23 GMT+0000 (UTC),0,,,5,137.9,-101.5,396.2,16.4,
,,,,,,,SOLO,1782355147023,Thu Jun 25 2026 02:39:07 GMT+0000 (UTC),0,,,5,156.2,147.7,398.7,16.4,
,,,,,,,SOLO,1782355181485,Thu Jun 25 2026 02:39:41 GMT+0000 (UTC),0,,,4,-255.2,222.5,399.5,16.4,
### next string
J Maguire,E 4,AU-LR,2127,1721,0,0
,,,,,,,SOLO,1782354663245,Thu Jun 25 2026 02:31:03 GMT+0000 (UTC),0,,sighter,3,-489,-23.9,440.8,16.2,
,,,,,,,SOLO,1782354709183,Thu Jun 25 2026 02:31:49 GMT+0000 (UTC),0,,,X,17,-24.1,438.4,16.3,
,,,,,,,SOLO,1782354738962,Thu Jun 25 2026 02:32:18 GMT+0000 (UTC),0,,,5,-205.1,-146.3,434.7,16.3,
,,,,,,,SOLO,1782354784150,Thu Jun 25 2026 02:33:04 GMT+0000 (UTC),0,,,5,-177.1,-121.9,435.3,16.3,
,,,,,,,SOLO,1782354831242,Thu Jun 25 2026 02:33:51 GMT+0000 (UTC),0,,,5,28.1,168.3,436.6,16.2,
,,,,,,,SOLO,1782354876579,Thu Jun 25 2026 02:34:36 GMT+0000 (UTC),0,,,5,-1.6,-158.3,435,16.2,
,,,,,,,SOLO,1782354920089,Thu Jun 25 2026 02:35:20 GMT+0000 (UTC),0,,,X,43,39.8,435.9,16.3,
,,,,,,,SOLO,1782354955155,Thu Jun 25 2026 02:35:55 GMT+0000 (UTC),0,,,X,55.1,-20.1,440.2,16.3,
,,,,,,,SOLO,1782354988992,Thu Jun 25 2026 02:36:28 GMT+0000 (UTC),0,,,6,96.3,76.1,442.8,16.3,
,,,,,,,SOLO,1782355051606,Thu Jun 25 2026 02:37:31 GMT+0000 (UTC),0,,,X,-15.9,-4.3,440.9,16.2,
,,,,,,,SOLO,1782355086927,Thu Jun 25 2026 02:38:06 GMT+0000 (UTC),0,,,5,140.3,-10.5,434.7,16.2,
### next string
a dukes,E 3,AU-LR,2130,1720,0,0
,,,,,,,SOLO,1782354762784,Thu Jun 25 2026 02:32:42 GMT+0000 (UTC),0,,sighter,2,-591.3,10.7,457.8,16.2,
,,,,,,,SOLO,1782354811672,Thu Jun 25 2026 02:33:31 GMT+0000 (UTC),0,,,X,34.3,8.3,467.2,16.2,
,,,,,,,SOLO,1782354831043,Thu Jun 25 2026 02:33:51 GMT+0000 (UTC),0,,,6,-68,85.2,465.2,16.2,
,,,,,,,SOLO,1782354854072,Thu Jun 25 2026 02:34:14 GMT+0000 (UTC),0,,,5,-170.1,69.6,466.6,16.2,
,,,,,,,SOLO,1782354874750,Thu Jun 25 2026 02:34:34 GMT+0000 (UTC),0,,,X,11.7,31.7,463.4,16.2,
,,,,,,,SOLO,1782354889379,Thu Jun 25 2026 02:34:49 GMT+0000 (UTC),0,,,5,228.5,111.9,469,16.2,
,,,,,,,SOLO,1782354911679,Thu Jun 25 2026 02:35:11 GMT+0000 (UTC),0,,,X,-4.1,22.5,466.2,16.3,
,,,,,,,SOLO,1782354923898,Thu Jun 25 2026 02:35:23 GMT+0000 (UTC),0,,,X,-6.2,39.3,465.5,16.3,
,,,,,,,SOLO,1782354936170,Thu Jun 25 2026 02:35:36 GMT+0000 (UTC),0,,,X,1,-15.1,468.4,16.3,
,,,,,,,SOLO,1782354947201,Thu Jun 25 2026 02:35:47 GMT+0000 (UTC),0,,,6,-6.1,100.2,468.4,16.3,
,,,,,,,SOLO,1782354960673,Thu Jun 25 2026 02:36:00 GMT+0000 (UTC),0,,,6,-84.3,-34.6,462.6,16.3,
### next string
Fincham D,E 1,AU-LR,2130,1725,0,0
,,,,,,,SOLO,1782354643568,Thu Jun 25 2026 02:30:43 GMT+0000 (UTC),0,,sighter,5,-131.8,-132.1,554.4,16.1,
,,,,,,,SOLO,1782354673499,Thu Jun 25 2026 02:31:13 GMT+0000 (UTC),0,,,6,-78,65.6,553.1,16.1,
,,,,,,,SOLO,1782354693491,Thu Jun 25 2026 02:31:33 GMT+0000 (UTC),0,,,X,37.6,27.2,552.4,16.1,
,,,,,,,SOLO,1782354709759,Thu Jun 25 2026 02:31:49 GMT+0000 (UTC),0,,,6,-23.4,121.1,555.6,16.1,
,,,,,,,SOLO,1782354728431,Thu Jun 25 2026 02:32:08 GMT+0000 (UTC),0,,,6,18.5,92.4,555.4,16.1,
,,,,,,,SOLO,1782354763361,Thu Jun 25 2026 02:32:43 GMT+0000 (UTC),0,,,X,-1,30.4,555.4,16.1,
,,,,,,,SOLO,1782354783588,Thu Jun 25 2026 02:33:03 GMT+0000 (UTC),0,,,6,32.3,-69.4,553.3,16.2,
,,,,,,,SOLO,1782354813326,Thu Jun 25 2026 02:33:33 GMT+0000 (UTC),0,,,X,-13.8,21.8,554,16.2,
,,,,,,,SOLO,1782354829240,Thu Jun 25 2026 02:33:49 GMT+0000 (UTC),0,,,6,-65,-19,555.1,16.2,
,,,,,,,SOLO,1782354854876,Thu Jun 25 2026 02:34:14 GMT+0000 (UTC),0,,,5,-93,131.9,557.3,16.1,
,,,,,,,SOLO,1782354894173,Thu Jun 25 2026 02:34:54 GMT+0000 (UTC),0,,,6,-36.9,116.1,557.6,16.1,
### next string
43 crisp ,E 2,AU-LR,2130,1721,0,0
,,,,,,,SOLO,1782354612542,Thu Jun 25 2026 02:30:12 GMT+0000 (UTC),0,,sighter,5,-178.7,-170.5,513.6,16.1,
,,,,,,,SOLO,1782354654437,Thu Jun 25 2026 02:30:54 GMT+0000 (UTC),0,,,6,70,-7,518.9,16.1,
,,,,,,,SOLO,1782354692232,Thu Jun 25 2026 02:31:32 GMT+0000 (UTC),0,,,5,37.9,174.4,527.2,16.1,
,,,,,,,SOLO,1782354727523,Thu Jun 25 2026 02:32:07 GMT+0000 (UTC),0,,,5,-9.2,-143.3,517.8,16.1,
,,,,,,,SOLO,1782354754042,Thu Jun 25 2026 02:32:34 GMT+0000 (UTC),0,,,6,-10.8,67.4,522.2,16.1,
,,,,,,,SOLO,1782354775390,Thu Jun 25 2026 02:32:55 GMT+0000 (UTC),0,,,X,-54.2,-35.4,518.4,16.1,
,,,,,,,SOLO,1782354795928,Thu Jun 25 2026 02:33:15 GMT+0000 (UTC),0,,,X,-14.2,-25.6,518.1,16.1,
,,,,,,,SOLO,1782354817798,Thu Jun 25 2026 02:33:37 GMT+0000 (UTC),0,,,6,35.3,80.5,523.2,16.1,
,,,,,,,SOLO,1782354840301,Thu Jun 25 2026 02:34:00 GMT+0000 (UTC),0,,,6,-65.4,54.8,526.4,16.1,
,,,,,,,SOLO,1782354863419,Thu Jun 25 2026 02:34:23 GMT+0000 (UTC),0,,,6,-121.2,-36.7,521.2,16.1,
,,,,,,,SOLO,1782354910830,Thu Jun 25 2026 02:35:10 GMT+0000 (UTC),0,,,6,60.4,-47.3,530.4,16.1,
### next string
Wilson r,E 5,AU-LR,2130,1722,0,0
,,,,,,,SOLO,1782354417096,Thu Jun 25 2026 02:26:57 GMT+0000 (UTC),0,,,V,92.4,13.8,437.7,16.3,
,,,,,,,SOLO,1782354467222,Thu Jun 25 2026 02:27:47 GMT+0000 (UTC),0,,,V,34.3,-39,433.4,16.3,
,,,,,,,SOLO,1782354535842,Thu Jun 25 2026 02:28:55 GMT+0000 (UTC),0,,,V,-7.8,13.6,441.8,16.3,
,,,,,,,SOLO,1782354575669,Thu Jun 25 2026 02:29:35 GMT+0000 (UTC),0,,,V,-86.5,32.7,442.4,16.3,
,,,,,,,SOLO,1782354615555,Thu Jun 25 2026 02:30:15 GMT+0000 (UTC),0,,,5,-155.4,-26.7,434,16.3,
,,,,,,,SOLO,1782354669120,Thu Jun 25 2026 02:31:09 GMT+0000 (UTC),0,,,V,-76.3,33.8,436.6,16.3,
,,,,,,,SOLO,1782354714117,Thu Jun 25 2026 02:31:54 GMT+0000 (UTC),0,,,V,-19.9,-1.3,441.6,16.3,
,,,,,,,SOLO,1782354757381,Thu Jun 25 2026 02:32:37 GMT+0000 (UTC),0,,,5,168.4,-157.9,438.9,16.3,
,,,,,,,SOLO,1782354798691,Thu Jun 25 2026 02:33:18 GMT+0000 (UTC),0,,,4,177.2,-210.7,431.4,16.3,
,,,,,,,SOLO,1782354845867,Thu Jun 25 2026 02:34:05 GMT+0000 (UTC),0,,,5,46.1,178.4,438.5,16.3,
### next string
J Kent 142,E 3,AU-LR,2130,1720,0,0
,,,,,,,SOLO,1782354442434,Thu Jun 25 2026 02:27:22 GMT+0000 (UTC),0,,,X,54.7,-7.9,517.5,16.2,
,,,,,,,SOLO,1782354469637,Thu Jun 25 2026 02:27:49 GMT+0000 (UTC),0,,,6,-104.9,38.8,520,16.2,
,,,,,,,SOLO,1782354497752,Thu Jun 25 2026 02:28:17 GMT+0000 (UTC),0,,,5,188.9,21.2,520.4,16.2,
,,,,,,,SOLO,1782354534265,Thu Jun 25 2026 02:28:54 GMT+0000 (UTC),0,,,6,-117.3,19.5,522.6,16.2,
,,,,,,,SOLO,1782354560029,Thu Jun 25 2026 02:29:20 GMT+0000 (UTC),0,,,X,-55.7,-22.4,519.5,16.2,
,,,,,,,SOLO,1782354577700,Thu Jun 25 2026 02:29:37 GMT+0000 (UTC),0,,,6,-74.3,6.1,521.7,16.2,
,,,,,,,SOLO,1782354601986,Thu Jun 25 2026 02:30:01 GMT+0000 (UTC),0,,,X,31.9,-28.9,517.2,16.2,
,,,,,,,SOLO,1782354620218,Thu Jun 25 2026 02:30:20 GMT+0000 (UTC),0,,,6,78.2,14.8,520,16.3,
,,,,,,,SOLO,1782354641068,Thu Jun 25 2026 02:30:41 GMT+0000 (UTC),0,,,6,96.6,20,526,16.3,
,,,,,,,SOLO,1782354662529,Thu Jun 25 2026 02:31:02 GMT+0000 (UTC),0,,,6,63.2,36.4,521.9,16.3,
### next string
Winkel A,E 1,AU-LR,2130,1725,0,0
,,,,,,,SOLO,1782354296766,Thu Jun 25 2026 02:24:56 GMT+0000 (UTC),0,,sighter,4,-209.6,-221.6,491.6,16.1,
,,,,,,,SOLO,1782354331618,Thu Jun 25 2026 02:25:31 GMT+0000 (UTC),0,,sighter,5,-203,25.6,487.3,16.1,
,,,,,,,SOLO,1782354362265,Thu Jun 25 2026 02:26:02 GMT+0000 (UTC),0,,,V,48.1,-4.8,488.7,16.1,
,,,,,,,SOLO,1782354379546,Thu Jun 25 2026 02:26:19 GMT+0000 (UTC),0,,,5,118.8,59.6,490.6,16.1,
,,,,,,,SOLO,1782354398904,Thu Jun 25 2026 02:26:38 GMT+0000 (UTC),0,,,5,34.8,147.9,500.3,16.1,
,,,,,,,SOLO,1782354427338,Thu Jun 25 2026 02:27:07 GMT+0000 (UTC),0,,,V,28.2,-8.9,493.4,16.1,
,,,,,,,SOLO,1782354443761,Thu Jun 25 2026 02:27:23 GMT+0000 (UTC),0,,,V,7.1,-32.9,501.3,16.1,
,,,,,,,SOLO,1782354458120,Thu Jun 25 2026 02:27:38 GMT+0000 (UTC),0,,,V,-28.6,-13.4,494.6,16.1,
,,,,,,,SOLO,1782354474411,Thu Jun 25 2026 02:27:54 GMT+0000 (UTC),0,,,V,110.5,-63.1,491.9,16.1,
,,,,,,,SOLO,1782354492630,Thu Jun 25 2026 02:28:12 GMT+0000 (UTC),0,,,V,37.5,-1.6,495.1,16.1,
,,,,,,,SOLO,1782354509820,Thu Jun 25 2026 02:28:29 GMT+0000 (UTC),0,,,V,116.2,38.3,495.2,16.1,
,,,,,,,SOLO,1782354524064,Thu Jun 25 2026 02:28:44 GMT+0000 (UTC),0,,,V,5.6,-7.4,493.6,16.1,
### next string
pearsall 40,E 4,AU-LR,2127,1721,0,0
,,,,,,,SOLO,1782353719885,Thu Jun 25 2026 02:15:19 GMT+0000 (UTC),0,,sighter,2,651.8,-22.1,583.2,17.1,
,,,,,,,SOLO,1782354314607,Thu Jun 25 2026 02:25:14 GMT+0000 (UTC),0,,sighter,6,-88.9,46.4,577.4,16.3,
,,,,,,,SOLO,1782354335084,Thu Jun 25 2026 02:25:35 GMT+0000 (UTC),0,,,6,-40.9,68,584.1,16.3,
,,,,,,,SOLO,1782354359729,Thu Jun 25 2026 02:25:59 GMT+0000 (UTC),0,,,X,-27.7,-21,582.5,16.3,
,,,,,,,SOLO,1782354374461,Thu Jun 25 2026 02:26:14 GMT+0000 (UTC),0,,,6,85.2,-42.7,582.7,16.3,
,,,,,,,SOLO,1782354391782,Thu Jun 25 2026 02:26:31 GMT+0000 (UTC),0,,,X,49.5,-41.5,581.1,16.3,
,,,,,,,SOLO,1782354405498,Thu Jun 25 2026 02:26:45 GMT+0000 (UTC),0,,,X,29.1,-24.5,584.7,16.3,
,,,,,,,SOLO,1782354418109,Thu Jun 25 2026 02:26:58 GMT+0000 (UTC),0,,,6,-6,-77.4,582.4,16.3,
,,,,,,,SOLO,1782354437880,Thu Jun 25 2026 02:27:17 GMT+0000 (UTC),0,,,X,58.5,-15.5,579.8,16.3,
,,,,,,,SOLO,1782354450326,Thu Jun 25 2026 02:27:30 GMT+0000 (UTC),0,,,X,-5.6,47.7,584.6,16.3,
,,,,,,,SOLO,1782354462106,Thu Jun 25 2026 02:27:42 GMT+0000 (UTC),0,,,6,30.3,-66.1,577.7,16.3,
,,,,,,,SOLO,1782354474775,Thu Jun 25 2026 02:27:54 GMT+0000 (UTC),0,,,X,-19.6,10.4,581.6,16.3,
### next string
Galea #124,E 2,AU-LR,2130,1721,0,0
,,,,,,,SOLO,1782353716220,Thu Jun 25 2026 02:15:16 GMT+0000 (UTC),0,,sighter,4,312.6,78.5,480,16.9,
,,,,,,,SOLO,1782353735160,Thu Jun 25 2026 02:15:35 GMT+0000 (UTC),0,,sighter,5,153,175.5,482.2,16.9,
,,,,,,,SOLO,1782354166932,Thu Jun 25 2026 02:22:46 GMT+0000 (UTC),0,,,4,-364.4,17.7,476.1,16.4,
,,,,,,,SOLO,1782354345924,Thu Jun 25 2026 02:25:45 GMT+0000 (UTC),0,,,6,-45.3,121.2,476.8,16.2,
,,,,,,,SOLO,1782354363150,Thu Jun 25 2026 02:26:03 GMT+0000 (UTC),0,,,6,66.9,24.4,477.3,16.2,
,,,,,,,SOLO,1782354373846,Thu Jun 25 2026 02:26:13 GMT+0000 (UTC),0,,,X,63.5,-1.5,476.4,16.2,
,,,,,,,SOLO,1782354384812,Thu Jun 25 2026 02:26:24 GMT+0000 (UTC),0,,,5,-33.8,165.5,477,16.1,
,,,,,,,SOLO,1782354402754,Thu Jun 25 2026 02:26:42 GMT+0000 (UTC),0,,,X,42.2,9.2,476.9,16.1,
,,,,,,,SOLO,1782354415716,Thu Jun 25 2026 02:26:55 GMT+0000 (UTC),0,,,X,54.2,19.4,480.7,16.1,
,,,,,,,SOLO,1782354427581,Thu Jun 25 2026 02:27:07 GMT+0000 (UTC),0,,,6,-8.9,78.2,479.6,16.1,
,,,,,,,SOLO,1782354439310,Thu Jun 25 2026 02:27:19 GMT+0000 (UTC),0,,,6,-73.3,9,480.5,16.1,
,,,,,,,SOLO,1782354451808,Thu Jun 25 2026 02:27:31 GMT+0000 (UTC),0,,,6,80.8,-4.4,478.2,16.2,
,,,,,,,SOLO,1782354464556,Thu Jun 25 2026 02:27:44 GMT+0000 (UTC),0,,,X,-10.8,36.6,482.2,16.2,
### next string
breezep,E 6,AU-LR,2130,1720,0,0
,,,,,,,SOLO,1782353456622,Thu Jun 25 2026 02:10:56 GMT+0000 (UTC),0,,sighter,2,-585.1,-157.9,445.9,17.8,
,,,,,,,SOLO,1782353540879,Thu Jun 25 2026 02:12:20 GMT+0000 (UTC),0,,,6,98.4,-30.1,448,17.6,
,,,,,,,SOLO,1782353569040,Thu Jun 25 2026 02:12:49 GMT+0000 (UTC),0,,,X,-1.9,24.3,445.8,17.5,
,,,,,,,SOLO,1782353594122,Thu Jun 25 2026 02:13:14 GMT+0000 (UTC),0,,,6,-56.3,-82.8,451.5,17.5,
,,,,,,,SOLO,1782353620784,Thu Jun 25 2026 02:13:40 GMT+0000 (UTC),0,,,X,6.8,-45.3,451.3,17.3,
,,,,,,,SOLO,1782353633813,Thu Jun 25 2026 02:13:53 GMT+0000 (UTC),0,,,X,1.3,13.3,447.9,17.3,
,,,,,,,SOLO,1782353649544,Thu Jun 25 2026 02:14:09 GMT+0000 (UTC),0,,,6,51.2,-53.7,448.8,17.3,
,,,,,,,SOLO,1782353660792,Thu Jun 25 2026 02:14:20 GMT+0000 (UTC),0,,,5,157.2,-95.6,445.8,17.3,
,,,,,,,SOLO,1782353675939,Thu Jun 25 2026 02:14:35 GMT+0000 (UTC),0,,,5,230.6,-97.2,448.1,17.3,
,,,,,,,SOLO,1782353713035,Thu Jun 25 2026 02:15:13 GMT+0000 (UTC),0,,,4,318.8,-69.3,444.9,17.1,
,,,,,,,SOLO,1782354327857,Thu Jun 25 2026 02:25:27 GMT+0000 (UTC),0,,,5,174.8,-127.1,447.9,16.3,
,,,,,,,SOLO,1782354367484,Thu Jun 25 2026 02:26:07 GMT+0000 (UTC),0,,,X,-35.3,22.1,448.2,16.3,
### next string
halnes 64,E 3,AU-LR,2130,1720,0,0
,,,,,,,SOLO,1782353520460,Thu Jun 25 2026 02:12:00 GMT+0000 (UTC),0,,sighter,6,-78.1,64.1,493.8,17.5,
,,,,,,,SOLO,1782353545891,Thu Jun 25 2026 02:12:25 GMT+0000 (UTC),0,,sighter,5,32.7,170,502.1,17.5,
,,,,,,,SOLO,1782353572856,Thu Jun 25 2026 02:12:52 GMT+0000 (UTC),0,,,6,-65.2,113.5,494.7,17.5,
,,,,,,,SOLO,1782353592966,Thu Jun 25 2026 02:13:12 GMT+0000 (UTC),0,,,6,-43,88.5,500.6,17.5,
,,,,,,,SOLO,1782353611540,Thu Jun 25 2026 02:13:31 GMT+0000 (UTC),0,,,X,18.4,46,496.6,17.5,
,,,,,,,SOLO,1782353625445,Thu Jun 25 2026 02:13:45 GMT+0000 (UTC),0,,,6,-48.8,79.9,501.1,17.5,
,,,,,,,SOLO,1782353644014,Thu Jun 25 2026 02:14:04 GMT+0000 (UTC),0,,,6,21.4,76.8,498.4,17.5,
,,,,,,,SOLO,1782353664040,Thu Jun 25 2026 02:14:24 GMT+0000 (UTC),0,,,5,234.3,-32.5,497.4,17.2,
,,,,,,,SOLO,1782353693941,Thu Jun 25 2026 02:14:53 GMT+0000 (UTC),0,,,4,361.4,-85.5,496,17.2,
,,,,,,,SOLO,1782354255838,Thu Jun 25 2026 02:24:15 GMT+0000 (UTC),0,,,4,-359.8,-17.2,497.6,16.3,
,,,,,,,SOLO,1782354296022,Thu Jun 25 2026 02:24:56 GMT+0000 (UTC),0,,,5,142.4,-2.4,499,16.3,
,,,,,,,SOLO,1782354307128,Thu Jun 25 2026 02:25:07 GMT+0000 (UTC),0,,,X,41.2,-38.9,496.5,16.3,
,,,,,,,SOLO,1782354316372,Thu Jun 25 2026 02:25:16 GMT+0000 (UTC),0,,,X,13,-26.3,496.3,16.3,
### next string
Mathison A,E 1,AU-LR,2130,1725,0,0
,,,,,,,SOLO,1782353452407,Thu Jun 25 2026 02:10:52 GMT+0000 (UTC),0,,sighter,X,32.5,45.4,460.7,17.5,
,,,,,,,SOLO,1782353467170,Thu Jun 25 2026 02:11:07 GMT+0000 (UTC),0,,sighter,5,131.9,28.7,467.7,17.5,
,,,,,,,SOLO,1782353509782,Thu Jun 25 2026 02:11:49 GMT+0000 (UTC),0,,,5,147.3,93.9,460.7,17.4,
,,,,,,,SOLO,1782353548121,Thu Jun 25 2026 02:12:28 GMT+0000 (UTC),0,,,5,117.5,-65,462.7,17.3,
,,,,,,,SOLO,1782353571082,Thu Jun 25 2026 02:12:51 GMT+0000 (UTC),0,,,X,9.8,41.4,464.3,17.3,
,,,,,,,SOLO,1782353584832,Thu Jun 25 2026 02:13:04 GMT+0000 (UTC),0,,,5,-49.5,166.8,463.8,17.3,
,,,,,,,SOLO,1782353609376,Thu Jun 25 2026 02:13:29 GMT+0000 (UTC),0,,,X,-60.5,-14.1,463,17.3,
,,,,,,,SOLO,1782353623386,Thu Jun 25 2026 02:13:43 GMT+0000 (UTC),0,,,5,38.5,-131.3,460.3,17.1,
,,,,,,,SOLO,1782353638955,Thu Jun 25 2026 02:13:58 GMT+0000 (UTC),0,,,X,48.4,-29.3,460.7,17.1,
,,,,,,,SOLO,1782353653749,Thu Jun 25 2026 02:14:13 GMT+0000 (UTC),0,,,6,102.8,71.6,459.6,17.1,
,,,,,,,SOLO,1782353673221,Thu Jun 25 2026 02:14:33 GMT+0000 (UTC),0,,,5,213.6,26.2,459.3,17.1,
,,,,,,,SOLO,1782353691741,Thu Jun 25 2026 02:14:51 GMT+0000 (UTC),0,,,6,115.6,-62,460.3,17,
### next string
hocking r,E 5,AU-LR,2130,1722,0,0
,,,,,,,SOLO,1782353036735,Thu Jun 25 2026 02:03:56 GMT+0000 (UTC),0,,sighter,3,-450.9,-74.7,416.9,18.4,
,,,,,,,missed_shot,1782353043188,Thu Jun 25 2026 02:04:03 GMT+0000 (UTC),0,,,0,0,0,0,22,
,,,,,,,SOLO,1782353091116,Thu Jun 25 2026 02:04:51 GMT+0000 (UTC),0,,,3,211.4,-445.4,423.5,18.2,
,,,,,,,SOLO,1782353161503,Thu Jun 25 2026 02:06:01 GMT+0000 (UTC),0,,,3,170.7,-463.5,414.2,18.1,
,,,,,,,SOLO,1782353202911,Thu Jun 25 2026 02:06:42 GMT+0000 (UTC),0,,,4,256.4,140.8,419.3,18,
,,,,,,,SOLO,1782353295720,Thu Jun 25 2026 02:08:15 GMT+0000 (UTC),0,,,V,108.9,10.7,417,17.9,
,,,,,,,SOLO,1782353333822,Thu Jun 25 2026 02:08:53 GMT+0000 (UTC),0,,,5,163.6,-93.8,417.6,17.9,
,,,,,,,SOLO,1782353381077,Thu Jun 25 2026 02:09:41 GMT+0000 (UTC),0,,,3,414.8,-67.8,412.8,17.9,
,,,,,,,SOLO,1782353421111,Thu Jun 25 2026 02:10:21 GMT+0000 (UTC),0,,,4,298.6,-149.8,412.1,17.8,
,,,,,,,SOLO,1782353463359,Thu Jun 25 2026 02:11:03 GMT+0000 (UTC),0,,,3,500.6,127.5,415.3,17.8,
,,,,,,,SOLO,1782353588122,Thu Jun 25 2026 02:13:08 GMT+0000 (UTC),0,,,2,297.8,605.2,414.6,17.5,
,,,,,,,SOLO,1782353632444,Thu Jun 25 2026 02:13:52 GMT+0000 (UTC),0,,,3,449.4,54.4,413.5,17.4,
### next string
sipinkoski 112,E 4,AU-LR,2127,1721,0,0
,,,,,,,SOLO,1782353426189,Thu Jun 25 2026 02:10:26 GMT+0000 (UTC),0,,sighter,2,-803.2,3,483.3,17.8,
,,,,,,,SOLO,1782353469492,Thu Jun 25 2026 02:11:09 GMT+0000 (UTC),0,,sighter,5,242,12.6,491.2,17.7,
,,,,,,,SOLO,1782353484920,Thu Jun 25 2026 02:11:24 GMT+0000 (UTC),0,,,X,17.7,30.3,491.7,17.7,
,,,,,,,SOLO,1782353495513,Thu Jun 25 2026 02:11:35 GMT+0000 (UTC),0,,,6,85.4,-15.4,493.1,17.7,
,,,,,,,SOLO,1782353506596,Thu Jun 25 2026 02:11:46 GMT+0000 (UTC),0,,,6,89.4,35.4,488.6,17.6,
,,,,,,,SOLO,1782353521219,Thu Jun 25 2026 02:12:01 GMT+0000 (UTC),0,,,6,73.6,48.8,493.5,17.6,
,,,,,,,SOLO,1782353533473,Thu Jun 25 2026 02:12:13 GMT+0000 (UTC),0,,,5,81.5,-124.2,489.5,17.6,
,,,,,,,SOLO,1782353556336,Thu Jun 25 2026 02:12:36 GMT+0000 (UTC),0,,,X,35.4,25.8,490.4,17.6,
,,,,,,,SOLO,1782353565260,Thu Jun 25 2026 02:12:45 GMT+0000 (UTC),0,,,X,-15.1,45.4,486.2,17.6,
,,,,,,,SOLO,1782353575285,Thu Jun 25 2026 02:12:55 GMT+0000 (UTC),0,,,X,-54.2,11,489,17.4,
,,,,,,,SOLO,1782353587400,Thu Jun 25 2026 02:13:07 GMT+0000 (UTC),0,,,6,-80.5,47.4,491.5,17.4,
,,,,,,,SOLO,1782353602818,Thu Jun 25 2026 02:13:22 GMT+0000 (UTC),0,,,X,-33,-27,492.1,17.4,
### next string
McIntosh 10,E 2,AU-LR,2130,1721,0,0
,,,,,,,SOLO,1782353096982,Thu Jun 25 2026 02:04:56 GMT+0000 (UTC),0,,sighter,4,-368.1,149.2,448.7,18.1,
,,,,,,,SOLO,1782353152537,Thu Jun 25 2026 02:05:52 GMT+0000 (UTC),0,,,5,-178.5,167.3,447.3,18,
,,,,,,,SOLO,1782353208534,Thu Jun 25 2026 02:06:48 GMT+0000 (UTC),0,,,V,35.1,-119.1,444.9,17.9,
,,,,,,,SOLO,1782353260923,Thu Jun 25 2026 02:07:40 GMT+0000 (UTC),0,,,V,37,-5.7,441.8,17.8,
,,,,,,,SOLO,1782353329180,Thu Jun 25 2026 02:08:49 GMT+0000 (UTC),0,,,5,164.9,26.9,441.1,17.8,
,,,,,,,SOLO,1782353392056,Thu Jun 25 2026 02:09:52 GMT+0000 (UTC),0,,,V,7.2,-125.9,447.6,17.7,
,,,,,,,SOLO,1782353428360,Thu Jun 25 2026 02:10:28 GMT+0000 (UTC),0,,,5,181,-0.6,449.7,17.7,
,,,,,,,SOLO,1782353464751,Thu Jun 25 2026 02:11:04 GMT+0000 (UTC),0,,,V,117.2,-1.5,451,17.5,
,,,,,,,SOLO,1782353500437,Thu Jun 25 2026 02:11:40 GMT+0000 (UTC),0,,,5,74.2,-114.1,440.1,17.5,
,,,,,,,SOLO,1782353543953,Thu Jun 25 2026 02:12:23 GMT+0000 (UTC),0,,,5,247.9,-47.7,446.3,17.4,
,,,,,,,SOLO,1782353579371,Thu Jun 25 2026 02:12:59 GMT+0000 (UTC),0,,,V,45.5,-65.8,437.6,17.4,
### next string
Spencer p 29,E 3,AU-LR,2130,1720,0,0
,,,,,,,SOLO,1782353088903,Thu Jun 25 2026 02:04:48 GMT+0000 (UTC),0,,,5,202,-51.7,432.4,18.2,
,,,,,,,SOLO,1782353113516,Thu Jun 25 2026 02:05:13 GMT+0000 (UTC),0,,,V,-88.2,17.5,437,18.1,
,,,,,,,SOLO,1782353154852,Thu Jun 25 2026 02:05:54 GMT+0000 (UTC),0,,,5,85,116.6,438.8,18.1,
,,,,,,,SOLO,1782353179448,Thu Jun 25 2026 02:06:19 GMT+0000 (UTC),0,,,5,132.4,30.5,434.4,18,
,,,,,,,SOLO,1782353208816,Thu Jun 25 2026 02:06:48 GMT+0000 (UTC),0,,,V,62.9,-54.8,431.7,18,
,,,,,,,SOLO,1782353233248,Thu Jun 25 2026 02:07:13 GMT+0000 (UTC),0,,,5,100.1,-120.9,436.7,18,
,,,,,,,SOLO,1782353258761,Thu Jun 25 2026 02:07:38 GMT+0000 (UTC),0,,,5,-1.7,152.3,433.1,17.9,
,,,,,,,SOLO,1782353285310,Thu Jun 25 2026 02:08:05 GMT+0000 (UTC),0,,,V,20.8,-32.9,432.7,17.9,
,,,,,,,SOLO,1782353308009,Thu Jun 25 2026 02:08:28 GMT+0000 (UTC),0,,,5,-112.5,228.9,442.9,17.9,
,,,,,,,SOLO,1782353331230,Thu Jun 25 2026 02:08:51 GMT+0000 (UTC),0,,,5,188.8,79.1,433.5,17.8,
### next string
zhu m,E 6,AU-LR,2130,1720,0,0
,,,,,,,SOLO,1782406451088,Fri Dec 08 2023 16:54:11 GMT+0000 (UTC),0,,sighter,2,-466.9,479.7,396.4,19.5,
,,,,,,,SOLO,1782352670295,Thu Jun 25 2026 01:57:50 GMT+0000 (UTC),0,,sighter,3,-389.9,211.2,397.3,19.4,
,,,,,,,SOLO,1782352749472,Thu Jun 25 2026 01:59:09 GMT+0000 (UTC),0,,,2,-591.7,-15,398.3,19.2,
,,,,,,,SOLO,1782352838517,Thu Jun 25 2026 02:00:38 GMT+0000 (UTC),0,,,2,-748.6,85,395.9,19,
,,,,,,,SOLO,1782352912146,Thu Jun 25 2026 02:01:52 GMT+0000 (UTC),0,,,4,-258.9,-272.8,397.7,18.7,
,,,,,,,SOLO,1782352981381,Thu Jun 25 2026 02:03:01 GMT+0000 (UTC),0,,,5,134.3,142.1,403.1,18.4,
,,,,,,,SOLO,1782353030117,Thu Jun 25 2026 02:03:50 GMT+0000 (UTC),0,,,4,166.1,312.6,400,18.3,
,,,,,,,SOLO,1782353095022,Thu Jun 25 2026 02:04:55 GMT+0000 (UTC),0,,,4,20.8,-326.1,401.1,18.1,
,,,,,,,SOLO,1782353152050,Thu Jun 25 2026 02:05:52 GMT+0000 (UTC),0,,,V,104.7,-71.6,401.4,18,
,,,,,,,SOLO,1782353206319,Thu Jun 25 2026 02:06:46 GMT+0000 (UTC),0,,,3,317.7,-345.9,401.5,18,
,,,,,,,SOLO,1782353257366,Thu Jun 25 2026 02:07:37 GMT+0000 (UTC),0,,,4,231.3,-119.2,400.3,18,
,,,,,,,SOLO,1782353290823,Thu Jun 25 2026 02:08:10 GMT+0000 (UTC),0,,,4,340.2,-89.8,404.3,17.9,
### next string
Fincham J 168,E 1,AU-LR,2130,1725,0,0
,,,,,,,SOLO,1782353118991,Thu Jun 25 2026 02:05:18 GMT+0000 (UTC),0,,sighter,5,-175.3,12.5,492.8,18,
,,,,,,,SOLO,1782353156674,Thu Jun 25 2026 02:05:56 GMT+0000 (UTC),0,,,6,-33.2,88.5,502.1,17.8,
,,,,,,,SOLO,1782353172395,Thu Jun 25 2026 02:06:12 GMT+0000 (UTC),0,,,6,-32.2,85,498.4,17.8,
,,,,,,,SOLO,1782353189006,Thu Jun 25 2026 02:06:29 GMT+0000 (UTC),0,,,X,-8.5,-24.8,494.8,17.8,
,,,,,,,SOLO,1782353201488,Thu Jun 25 2026 02:06:41 GMT+0000 (UTC),0,,,X,49.7,32,501.9,17.8,
,,,,,,,SOLO,1782353219329,Thu Jun 25 2026 02:06:59 GMT+0000 (UTC),0,,,6,77.8,70.5,499.4,17.8,
,,,,,,,SOLO,1782353240623,Thu Jun 25 2026 02:07:20 GMT+0000 (UTC),0,,,6,20.7,92.5,507.2,17.8,
,,,,,,,SOLO,1782353259668,Thu Jun 25 2026 02:07:39 GMT+0000 (UTC),0,,,6,86.8,86,501.9,17.8,
,,,,,,,SOLO,1782353277594,Thu Jun 25 2026 02:07:57 GMT+0000 (UTC),0,,,X,21.6,36.6,504.3,17.7,
,,,,,,,SOLO,1782353293710,Thu Jun 25 2026 02:08:13 GMT+0000 (UTC),0,,,6,-49,57.5,508,17.7,
,,,,,,,SOLO,1782353312930,Thu Jun 25 2026 02:08:32 GMT+0000 (UTC),0,,,6,3.9,-70.9,497.9,17.7,
### next string
Schwebel C,E 4,AU-LR,2127,1721,0,0
,,,,,,,SOLO,1782353046963,Thu Jun 25 2026 02:04:06 GMT+0000 (UTC),0,,,5,-28,131.1,448,18.3,
,,,,,,,SOLO,1782353068340,Thu Jun 25 2026 02:04:28 GMT+0000 (UTC),0,,,V,-34,-58.7,446,18.3,
,,,,,,,SOLO,1782353085838,Thu Jun 25 2026 02:04:45 GMT+0000 (UTC),0,,,V,-80,49.7,451.8,18.3,
,,,,,,,SOLO,1782353103047,Thu Jun 25 2026 02:05:03 GMT+0000 (UTC),0,,,5,-82.5,-135,451.7,18.1,
,,,,,,,SOLO,1782353122289,Thu Jun 25 2026 02:05:22 GMT+0000 (UTC),0,,,5,106.1,77.7,455.7,18.1,
,,,,,,,SOLO,1782353154645,Thu Jun 25 2026 02:05:54 GMT+0000 (UTC),0,,,V,-42,-63,454.9,18.1,
,,,,,,,SOLO,1782353172611,Thu Jun 25 2026 02:06:12 GMT+0000 (UTC),0,,,V,-54.8,-74.3,444,18,
,,,,,,,SOLO,1782353193686,Thu Jun 25 2026 02:06:33 GMT+0000 (UTC),0,,,V,-119.8,16.6,445.8,18,
,,,,,,,SOLO,1782353210135,Thu Jun 25 2026 02:06:50 GMT+0000 (UTC),0,,,5,226.6,-99.7,445.4,18,
,,,,,,,SOLO,1782353254681,Thu Jun 25 2026 02:07:34 GMT+0000 (UTC),0,,,5,60.2,-145.8,445.3,17.9,
### next string
Austen C 106,E 1,AU-LR,2130,1725,0,0
,,,,,,,SOLO,1782406325728,Fri Dec 08 2023 16:52:05 GMT+0000 (UTC),0,,sighter,4,102.4,-256.5,492.4,19.4,
,,,,,,,SOLO,1782406394114,Fri Dec 08 2023 16:53:14 GMT+0000 (UTC),0,,sighter,5,-161.9,165,496.9,19.4,
,,,,,,,SOLO,1782406505473,Fri Dec 08 2023 16:55:05 GMT+0000 (UTC),0,,,6,-104.4,69.8,501.1,19.4,
,,,,,,,SOLO,1782352691019,Thu Jun 25 2026 01:58:11 GMT+0000 (UTC),0,,,6,28.1,68.4,500.4,19.2,
,,,,,,,SOLO,1782352741585,Thu Jun 25 2026 01:59:01 GMT+0000 (UTC),0,,,6,-90,38.1,501.6,19.2,
,,,,,,,SOLO,1782352776219,Thu Jun 25 2026 01:59:36 GMT+0000 (UTC),0,,,4,-402.9,0.8,494.9,19,
,,,,,,,SOLO,1782352829251,Thu Jun 25 2026 02:00:29 GMT+0000 (UTC),0,,,4,-286.5,111.5,494.2,18.8,
,,,,,,,SOLO,1782352865154,Thu Jun 25 2026 02:01:05 GMT+0000 (UTC),0,,,5,207.9,151.2,498.6,18.8,
,,,,,,,SOLO,1782352899871,Thu Jun 25 2026 02:01:39 GMT+0000 (UTC),0,,,5,-76.9,-234.3,495.9,18.6,
,,,,,,,SOLO,1782352951248,Thu Jun 25 2026 02:02:31 GMT+0000 (UTC),0,,,5,94,-179.6,497.1,18.3,
,,,,,,,SOLO,1782352984638,Thu Jun 25 2026 02:03:04 GMT+0000 (UTC),0,,,5,-69,130.8,498.8,18.3,
,,,,,,,SOLO,1782353025793,Thu Jun 25 2026 02:03:45 GMT+0000 (UTC),0,,,6,-111.7,18.6,498.7,18.1,
### next string
Schwebel 80,E 2,AU-LR,2130,1721,0,0
,,,,,,,SOLO,1782406341867,Fri Dec 08 2023 16:52:21 GMT+0000 (UTC),0,,sighter,4,316.3,73.1,461.5,19.5,
,,,,,,,SOLO,1782406392884,Fri Dec 08 2023 16:53:12 GMT+0000 (UTC),0,,,5,-171.5,183.4,467.3,19.5,
,,,,,,,SOLO,1782406436907,Fri Dec 08 2023 16:53:56 GMT+0000 (UTC),0,,,5,-58.3,149.9,468.1,19.5,
,,,,,,,SOLO,1782406487887,Fri Dec 08 2023 16:54:47 GMT+0000 (UTC),0,,,4,-246.6,-91.3,462.7,19.4,
,,,,,,,SOLO,1782352684262,Thu Jun 25 2026 01:58:04 GMT+0000 (UTC),0,,,4,99.4,-270.9,456.8,19.3,
,,,,,,,SOLO,1782352750413,Thu Jun 25 2026 01:59:10 GMT+0000 (UTC),0,,,4,-312.8,2.3,458.6,19.1,
,,,,,,,SOLO,1782352812039,Thu Jun 25 2026 02:00:12 GMT+0000 (UTC),0,,,5,-185.8,-76.3,459.2,19,
,,,,,,,SOLO,1782352868411,Thu Jun 25 2026 02:01:08 GMT+0000 (UTC),0,,,V,-35.7,-64.9,462,18.7,
,,,,,,,SOLO,1782352915807,Thu Jun 25 2026 02:01:55 GMT+0000 (UTC),0,,,5,-5.9,131.9,463.2,18.7,
,,,,,,,SOLO,1782352961129,Thu Jun 25 2026 02:02:41 GMT+0000 (UTC),0,,,V,80.6,11.5,463.9,18.4,
,,,,,,,SOLO,1782353006084,Thu Jun 25 2026 02:03:26 GMT+0000 (UTC),0,,,V,83.1,101.3,468,18.3,
### next string
Williams s 23295,E 3,AU-LR,2130,1720,0,0
,,,,,,,SOLO,1782406296063,Fri Dec 08 2023 16:51:36 GMT+0000 (UTC),0,,sighter,V,109.8,60.6,451.7,19.5,
,,,,,,,SOLO,1782406336841,Fri Dec 08 2023 16:52:16 GMT+0000 (UTC),0,,sighter,4,40.7,317,461.6,19.5,
,,,,,,,SOLO,1782406381398,Fri Dec 08 2023 16:53:01 GMT+0000 (UTC),0,,,3,-393.4,224.6,457.6,19.4,
,,,,,,,SOLO,1782406447910,Fri Dec 08 2023 16:54:07 GMT+0000 (UTC),0,,,3,-327.3,263.8,459.7,19.4,
,,,,,,,SOLO,1782406513612,Fri Dec 08 2023 16:55:13 GMT+0000 (UTC),0,,,5,20.9,212.5,458.7,19.3,
,,,,,,,SOLO,1782352692166,Thu Jun 25 2026 01:58:12 GMT+0000 (UTC),0,,,V,-33,102.2,458,19.3,
,,,,,,,SOLO,1782352731250,Thu Jun 25 2026 01:58:51 GMT+0000 (UTC),0,,,V,-18.8,18.7,464.3,19.2,
,,,,,,,SOLO,1782352765110,Thu Jun 25 2026 01:59:25 GMT+0000 (UTC),0,,,V,5,-52.6,454.5,19.2,
,,,,,,,SOLO,1782352858616,Thu Jun 25 2026 02:00:58 GMT+0000 (UTC),0,,,4,-253.7,-61.5,457.2,18.9,
,,,,,,,SOLO,1782352897453,Thu Jun 25 2026 02:01:37 GMT+0000 (UTC),0,,,5,-167.4,-122.2,452.3,18.9,
,,,,,,,SOLO,1782352930142,Thu Jun 25 2026 02:02:10 GMT+0000 (UTC),0,,,V,-60.2,1.9,447.7,18.6,
,,,,,,,SOLO,1782352958895,Thu Jun 25 2026 02:02:38 GMT+0000 (UTC),0,,,4,241.6,181.8,455,18.6,
### next string
McCauley B,E 4,AU-LR,2127,1721,0,0
,,,,,,,SOLO,1782406312423,Fri Dec 08 2023 16:51:52 GMT+0000 (UTC),0,,,5,154.4,-119.7,460.2,19.6,
,,,,,,,SOLO,1782406362627,Fri Dec 08 2023 16:52:42 GMT+0000 (UTC),0,,,5,-143.9,22.3,462.2,19.6,
,,,,,,,SOLO,1782406400258,Fri Dec 08 2023 16:53:20 GMT+0000 (UTC),0,,,5,-125,62.3,461.1,19.6,
,,,,,,,SOLO,1782406454834,Fri Dec 08 2023 16:54:14 GMT+0000 (UTC),0,,,V,-94.9,55.3,463,19.4,
,,,,,,,SOLO,1782406499842,Fri Dec 08 2023 16:54:59 GMT+0000 (UTC),0,,,4,-243.6,88.8,460.4,19.3,
,,,,,,,SOLO,1782352720110,Thu Jun 25 2026 01:58:40 GMT+0000 (UTC),0,,,V,-58.7,-89,460.4,19.2,
,,,,,,,SOLO,1782352758736,Thu Jun 25 2026 01:59:18 GMT+0000 (UTC),0,,,4,-249,81.7,456.3,19.2,
,,,,,,,SOLO,1782352864171,Thu Jun 25 2026 02:01:04 GMT+0000 (UTC),0,,,4,-251.3,79.1,458.4,18.9,
,,,,,,,SOLO,1782352911459,Thu Jun 25 2026 02:01:51 GMT+0000 (UTC),0,,,V,-20.1,22.9,464.7,18.7,
,,,,,,,SOLO,1782352934356,Thu Jun 25 2026 02:02:14 GMT+0000 (UTC),0,,,V,27.4,70.2,465.5,18.7,
### next string
chad m,E 5,AU-LR,2130,1722,0,0
,,,,,,,SOLO,1782406124445,Fri Dec 08 2023 16:48:44 GMT+0000 (UTC),0,,,5,-76.9,-163.2,447.2,19.6,
,,,,,,,SOLO,1782406179192,Fri Dec 08 2023 16:49:39 GMT+0000 (UTC),0,,,5,-153.8,7.8,451,19.6,
,,,,,,,SOLO,1782406213181,Fri Dec 08 2023 16:50:13 GMT+0000 (UTC),0,,,5,-39.5,-160.1,446.5,19.6,
,,,,,,,SOLO,1782406254732,Fri Dec 08 2023 16:50:54 GMT+0000 (UTC),0,,,V,-49.2,-53.8,448.2,19.6,
,,,,,,,SOLO,1782406311404,Fri Dec 08 2023 16:51:51 GMT+0000 (UTC),0,,,V,77.8,-8,449,19.6,
,,,,,,,SOLO,1782406357300,Fri Dec 08 2023 16:52:37 GMT+0000 (UTC),0,,,5,174.9,-34.9,446.9,19.4,
,,,,,,,SOLO,1782406400063,Fri Dec 08 2023 16:53:20 GMT+0000 (UTC),0,,,4,-298,-39,447.7,19.6,
,,,,,,,SOLO,1782406446873,Fri Dec 08 2023 16:54:06 GMT+0000 (UTC),0,,,5,-224.9,42.3,448.8,19.6,
,,,,,,,SOLO,1782406481036,Fri Dec 08 2023 16:54:41 GMT+0000 (UTC),0,,,V,45,-30.1,447.3,19.4,
,,,,,,,SOLO,1782352680225,Thu Jun 25 2026 01:58:00 GMT+0000 (UTC),0,,,5,9.1,-161.6,445.9,19.3,
### next string
M Shelley,E 4,AU-LR,2127,1721,0,0
,,,,,,,SOLO,1782349688640,Thu Jun 25 2026 01:08:08 GMT+0000 (UTC),0,,sighter,4,-331.4,196.4,438.2,16.8,
,,,,,,,SOLO,1782349743269,Thu Jun 25 2026 01:09:03 GMT+0000 (UTC),0,,sighter,4,-141.2,298,440.7,16.8,
,,,,,,,SOLO,1782349806571,Thu Jun 25 2026 01:10:06 GMT+0000 (UTC),0,,,5,210.9,-52,440.2,16.7,
,,,,,,,SOLO,1782349856253,Thu Jun 25 2026 01:10:56 GMT+0000 (UTC),0,,,V,54.7,-60.4,439.2,16.7,
,,,,,,,SOLO,1782349901399,Thu Jun 25 2026 01:11:41 GMT+0000 (UTC),0,,,4,127.2,256.5,441.3,16.7,
,,,,,,,SOLO,1782349954869,Thu Jun 25 2026 01:12:34 GMT+0000 (UTC),0,,,V,-28.6,-24,429.8,16.7,
,,,,,,,SOLO,1782349975611,Thu Jun 25 2026 01:12:55 GMT+0000 (UTC),0,,,V,89.1,81.1,442.8,16.7,
,,,,,,,SOLO,1782350058104,Thu Jun 25 2026 01:14:18 GMT+0000 (UTC),0,,,V,-41.5,64.5,435.7,16.7,
,,,,,,,SOLO,1782350079478,Thu Jun 25 2026 01:14:39 GMT+0000 (UTC),0,,,5,93.3,-92.8,433.6,16.6,
,,,,,,,SOLO,1782350100221,Thu Jun 25 2026 01:15:00 GMT+0000 (UTC),0,,,V,-46,11.3,432.3,16.6,
,,,,,,,SOLO,1782350143675,Thu Jun 25 2026 01:15:43 GMT+0000 (UTC),0,,,5,-126.5,-120.8,435.2,16.7,
,,,,,,,SOLO,1782350218813,Thu Jun 25 2026 01:16:58 GMT+0000 (UTC),0,,,5,67.5,-210,423.6,16.6,
### next string
Fincham D,E 1,AU-LR,2130,1725,0,0
,,,,,,,SOLO,1782349657089,Thu Jun 25 2026 01:07:37 GMT+0000 (UTC),0,,sighter,5,123.8,-70.3,554.9,16.8,
,,,,,,,SOLO,1782349694942,Thu Jun 25 2026 01:08:14 GMT+0000 (UTC),0,,sighter,5,151.4,30.2,555.8,16.8,
,,,,,,,SOLO,1782349749027,Thu Jun 25 2026 01:09:09 GMT+0000 (UTC),0,,,6,-68.6,44.9,558,16.7,
,,,,,,,SOLO,1782349788604,Thu Jun 25 2026 01:09:48 GMT+0000 (UTC),0,,,X,33.3,-27.9,552.6,16.6,
,,,,,,,SOLO,1782349830037,Thu Jun 25 2026 01:10:30 GMT+0000 (UTC),0,,,X,64.2,-3.4,553.2,16.6,
,,,,,,,SOLO,1782349867060,Thu Jun 25 2026 01:11:07 GMT+0000 (UTC),0,,,6,113.3,-12.3,550.4,16.6,
,,,,,,,SOLO,1782349891590,Thu Jun 25 2026 01:11:31 GMT+0000 (UTC),0,,,6,42.5,90.9,556.3,16.6,
,,,,,,,SOLO,1782349936713,Thu Jun 25 2026 01:12:16 GMT+0000 (UTC),0,,,6,82.8,17,551.9,16.6,
,,,,,,,SOLO,1782349961118,Thu Jun 25 2026 01:12:41 GMT+0000 (UTC),0,,,X,-37.6,47.9,561.1,16.5,
,,,,,,,SOLO,1782350064494,Thu Jun 25 2026 01:14:24 GMT+0000 (UTC),0,,,6,-109.9,-41.6,550.7,16.6,
,,,,,,,SOLO,1782350150972,Thu Jun 25 2026 01:15:50 GMT+0000 (UTC),0,,,6,-80.3,20.7,550.3,16.5,
,,,,,,,SOLO,1782350216197,Thu Jun 25 2026 01:16:56 GMT+0000 (UTC),0,,,5,123.1,-50.9,558.4,16.5,
### next string
d hutton,E 3,AU-LR,2130,1720,0,0
,,,,,,,SOLO,1782349533032,Thu Jun 25 2026 01:05:33 GMT+0000 (UTC),0,,sighter,2,-646.8,626.5,401.4,16.9,
,,,,,,,SOLO,1782349610322,Thu Jun 25 2026 01:06:50 GMT+0000 (UTC),0,,,5,145.1,0.7,411.8,16.9,
,,,,,,,SOLO,1782349661688,Thu Jun 25 2026 01:07:41 GMT+0000 (UTC),0,,,5,-55.3,-182.9,409,16.8,
,,,,,,,SOLO,1782349697221,Thu Jun 25 2026 01:08:17 GMT+0000 (UTC),0,,,5,222.8,-92,412.5,16.7,
,,,,,,,SOLO,1782349735933,Thu Jun 25 2026 01:08:55 GMT+0000 (UTC),0,,,5,-240,37.1,448.5,16.7,
,,,,,,,SOLO,1782349743965,Thu Jun 25 2026 01:09:03 GMT+0000 (UTC),0,,,4,86,-281.6,405.1,16.8,
,,,,,,,SOLO,1782349870709,Thu Jun 25 2026 01:11:10 GMT+0000 (UTC),0,,,3,338.4,-257.6,406.7,16.6,
,,,,,,,SOLO,1782349930407,Thu Jun 25 2026 01:12:10 GMT+0000 (UTC),0,,,5,183.6,-175.7,406.4,16.6,
,,,,,,,SOLO,1782349966492,Thu Jun 25 2026 01:12:46 GMT+0000 (UTC),0,,,3,457.9,-285.7,401,16.6,
,,,,,,,SOLO,1782350041197,Thu Jun 25 2026 01:14:01 GMT+0000 (UTC),0,,,5,177.3,-84,402.6,16.6,
,,,,,,,SOLO,1782350079714,Thu Jun 25 2026 01:14:39 GMT+0000 (UTC),0,,,V,12.2,-8.6,405.2,16.6,
,,,,,,,SOLO,1782350162601,Thu Jun 25 2026 01:16:02 GMT+0000 (UTC),0,,,5,177.2,-10.6,409.9,16.6,
### next string
Bartlet ,E 2,AU-LR,2130,1721,0,0
,,,,,,,SOLO,1782349576362,Thu Jun 25 2026 01:06:16 GMT+0000 (UTC),0,,sighter,2,-667.2,-333.2,451.2,16.8,
,,,,,,,SOLO,1782349624982,Thu Jun 25 2026 01:07:04 GMT+0000 (UTC),0,,sighter,4,-301.3,-85.5,453.1,16.8,
,,,,,,,SOLO,1782349659440,Thu Jun 25 2026 01:07:39 GMT+0000 (UTC),0,,,4,364.9,19.6,453.7,16.8,
,,,,,,,SOLO,1782349699545,Thu Jun 25 2026 01:08:19 GMT+0000 (UTC),0,,,6,94.2,31,453,16.8,
,,,,,,,missed_shot,1782349881713,Thu Jun 25 2026 01:11:21 GMT+0000 (UTC),0,,,0,0,0,0,22,
,,,,,,,SOLO,1782349786352,Thu Jun 25 2026 01:09:46 GMT+0000 (UTC),0,,,5,231.2,-21.5,463,16.7,
,,,,,,,SOLO,1782349821106,Thu Jun 25 2026 01:10:21 GMT+0000 (UTC),0,,,6,-75.9,-47.5,454.5,16.7,
,,,,,,,SOLO,1782349843542,Thu Jun 25 2026 01:10:43 GMT+0000 (UTC),0,,,5,-143.1,-83.2,454.2,16.7,
,,,,,,,SOLO,1782349872270,Thu Jun 25 2026 01:11:12 GMT+0000 (UTC),0,,,4,257.5,30.4,451,16.6,
,,,,,,,SOLO,1782349924103,Thu Jun 25 2026 01:12:04 GMT+0000 (UTC),0,,,6,-77.9,10.6,451.8,16.7,
,,,,,,,SOLO,1782349942735,Thu Jun 25 2026 01:12:22 GMT+0000 (UTC),0,,,6,-3.4,-85.1,452.8,16.7,
,,,,,,,SOLO,1782349959917,Thu Jun 25 2026 01:12:39 GMT+0000 (UTC),0,,,6,85.5,5,451,16.7,
### next string
Trinh E,E 6,AU-LR,2130,1720,0,0
,,,,,,,SOLO,1782348821301,Thu Jun 25 2026 00:53:41 GMT+0000 (UTC),0,,sighter,2,-656.7,-209.9,392.1,17.6,
,,,,,,,SOLO,1782348903993,Thu Jun 25 2026 00:55:03 GMT+0000 (UTC),0,,sighter,3,-426.1,-43.3,397.6,17.4,
,,,,,,,SOLO,1782348997622,Thu Jun 25 2026 00:56:37 GMT+0000 (UTC),0,,,5,-102.4,-158.3,396.6,17.3,
,,,,,,,SOLO,1782349100881,Thu Jun 25 2026 00:58:20 GMT+0000 (UTC),0,,,5,-12.5,-156.2,396.1,17.1,
,,,,,,,SOLO,1782349187607,Thu Jun 25 2026 00:59:47 GMT+0000 (UTC),0,,,4,22.7,-288,393.1,17.1,
,,,,,,,SOLO,1782349241291,Thu Jun 25 2026 01:00:41 GMT+0000 (UTC),0,,,3,422.6,-267.9,395,17.2,
,,,,,,,SOLO,1782349359540,Thu Jun 25 2026 01:02:39 GMT+0000 (UTC),0,,,4,331.6,-76.9,396.6,17.1,
,,,,,,,SOLO,1782349440484,Thu Jun 25 2026 01:04:00 GMT+0000 (UTC),0,,,V,-63.7,28.6,396.3,17.1,
,,,,,,,SOLO,1782349527420,Thu Jun 25 2026 01:05:27 GMT+0000 (UTC),0,,,4,-350.5,13.5,391,17,
,,,,,,,SOLO,1782349569295,Thu Jun 25 2026 01:06:09 GMT+0000 (UTC),0,,,5,-213.6,-130.6,390.8,16.9,
,,,,,,,SOLO,1782349628450,Thu Jun 25 2026 01:07:08 GMT+0000 (UTC),0,,,4,-221.5,238.9,390.7,16.9,
,,,,,,,SOLO,1782349704966,Thu Jun 25 2026 01:08:24 GMT+0000 (UTC),0,,,5,130.1,139,393.8,16.9,
### next string
crowe g,E 5,AU-LR,2130,1722,0,0
,,,,,,,SOLO,1782349412435,Thu Jun 25 2026 01:03:32 GMT+0000 (UTC),0,,sighter,4,-322.4,30.3,447.8,17.1,
,,,,,,,SOLO,1782349451346,Thu Jun 25 2026 01:04:11 GMT+0000 (UTC),0,,,6,102.8,39.3,444.1,17.1,
,,,,,,,SOLO,1782349482251,Thu Jun 25 2026 01:04:42 GMT+0000 (UTC),0,,,5,121.2,-78.6,443.2,17,
,,,,,,,SOLO,1782349499021,Thu Jun 25 2026 01:04:59 GMT+0000 (UTC),0,,,6,95.3,5.3,443.2,17,
,,,,,,,SOLO,1782349529061,Thu Jun 25 2026 01:05:29 GMT+0000 (UTC),0,,,X,-43.6,-16.1,443.9,16.9,
,,,,,,,SOLO,1782349542244,Thu Jun 25 2026 01:05:42 GMT+0000 (UTC),0,,,6,56.1,-74.5,443.3,16.9,
,,,,,,,SOLO,1782349552402,Thu Jun 25 2026 01:05:52 GMT+0000 (UTC),0,,,6,121.5,-35.2,445.3,16.9,
,,,,,,,SOLO,1782349572592,Thu Jun 25 2026 01:06:12 GMT+0000 (UTC),0,,,X,-1.6,-31.9,439.9,16.9,
,,,,,,,SOLO,1782349586498,Thu Jun 25 2026 01:06:26 GMT+0000 (UTC),0,,,X,33.1,52.2,440.8,16.9,
,,,,,,,SOLO,1782349603762,Thu Jun 25 2026 01:06:43 GMT+0000 (UTC),0,,,6,121.8,-1.3,444.7,16.9,
,,,,,,,SOLO,1782349620185,Thu Jun 25 2026 01:07:00 GMT+0000 (UTC),0,,,5,-198,-25.2,440.8,16.9,
### next string
Maguire John,E 4,AU-LR,2127,1721,0,0
,,,,,,,SOLO,1782349118912,Thu Jun 25 2026 00:58:38 GMT+0000 (UTC),0,,sighter,4,-256.6,109.6,439.1,17.1,
,,,,,,,SOLO,1782349174772,Thu Jun 25 2026 00:59:34 GMT+0000 (UTC),0,,,6,56.6,78.1,435,17.1,
,,,,,,,SOLO,1782349221343,Thu Jun 25 2026 01:00:21 GMT+0000 (UTC),0,,,5,-127.2,-114.4,439.9,17,
,,,,,,,SOLO,1782349254591,Thu Jun 25 2026 01:00:54 GMT+0000 (UTC),0,,,5,65.4,125.2,434.5,17,
,,,,,,,SOLO,1782349292880,Thu Jun 25 2026 01:01:32 GMT+0000 (UTC),0,,,5,240.1,-64.6,444.3,17.1,
,,,,,,,SOLO,1782349344046,Thu Jun 25 2026 01:02:24 GMT+0000 (UTC),0,,,5,186.7,-102.9,437.2,17,
,,,,,,,SOLO,1782349386388,Thu Jun 25 2026 01:03:06 GMT+0000 (UTC),0,,,6,38.8,118.2,442.9,17,
,,,,,,,SOLO,1782349428909,Thu Jun 25 2026 01:03:48 GMT+0000 (UTC),0,,,5,23.5,-137.2,441.7,17,
,,,,,,,SOLO,1782349469178,Thu Jun 25 2026 01:04:29 GMT+0000 (UTC),0,,,6,35.6,-95.1,437.8,17,
,,,,,,,SOLO,1782349498795,Thu Jun 25 2026 01:04:58 GMT+0000 (UTC),0,,,6,109.9,-20.6,437.5,16.9,
,,,,,,,SOLO,1782349538002,Thu Jun 25 2026 01:05:38 GMT+0000 (UTC),0,,,6,35.4,-85.4,439,16.9,
### next string
Winkel A,E 1,AU-LR,2130,1725,0,0
,,,,,,,SOLO,1782349111990,Thu Jun 25 2026 00:58:31 GMT+0000 (UTC),0,,sighter,3,-340.8,-345.4,487.7,17.1,
,,,,,,,SOLO,1782349174248,Thu Jun 25 2026 00:59:34 GMT+0000 (UTC),0,,,5,-81.2,191.4,491.8,16.9,
,,,,,,,SOLO,1782349216717,Thu Jun 25 2026 01:00:16 GMT+0000 (UTC),0,,,5,-62.7,174.5,496,16.9,
,,,,,,,SOLO,1782349255146,Thu Jun 25 2026 01:00:55 GMT+0000 (UTC),0,,,V,118.8,-37,494.2,16.9,
,,,,,,,SOLO,1782349281061,Thu Jun 25 2026 01:01:21 GMT+0000 (UTC),0,,,5,166.9,-28,496.2,16.9,
,,,,,,,SOLO,1782349364834,Thu Jun 25 2026 01:02:44 GMT+0000 (UTC),0,,,5,144.7,168.3,499.8,16.9,
,,,,,,,SOLO,1782349421968,Thu Jun 25 2026 01:03:41 GMT+0000 (UTC),0,,,V,98.6,-68.6,497.3,16.8,
,,,,,,,SOLO,1782349480118,Thu Jun 25 2026 01:04:40 GMT+0000 (UTC),0,,,5,-135.1,16,498.1,16.8,
,,,,,,,SOLO,1782349496619,Thu Jun 25 2026 01:04:56 GMT+0000 (UTC),0,,,V,13.8,-71,494.4,16.8,
,,,,,,,SOLO,1782349515518,Thu Jun 25 2026 01:05:15 GMT+0000 (UTC),0,,,V,-37.5,-7.2,502.2,16.8,
,,,,,,,SOLO,1782349534167,Thu Jun 25 2026 01:05:34 GMT+0000 (UTC),0,,,V,53.8,10.3,496,16.8,
### next string
43 crisp,E 2,AU-LR,2130,1721,0,0
,,,,,,,SOLO,1782349045891,Thu Jun 25 2026 00:57:25 GMT+0000 (UTC),0,,sighter,5,-207.3,31.9,517.5,17.2,
,,,,,,,SOLO,1782349085357,Thu Jun 25 2026 00:58:05 GMT+0000 (UTC),0,,sighter,3,-431.7,-12.4,526.9,17.1,
,,,,,,,SOLO,1782349156321,Thu Jun 25 2026 00:59:16 GMT+0000 (UTC),0,,,6,76.5,10.9,525.6,17.1,
,,,,,,,SOLO,1782349185742,Thu Jun 25 2026 00:59:45 GMT+0000 (UTC),0,,,X,15.4,19,526.4,17.1,
,,,,,,,SOLO,1782349202319,Thu Jun 25 2026 01:00:02 GMT+0000 (UTC),0,,,X,27.8,-32.1,524.9,17.1,
,,,,,,,SOLO,1782349214847,Thu Jun 25 2026 01:00:14 GMT+0000 (UTC),0,,,X,46.6,-19.2,521.3,17.1,
,,,,,,,SOLO,1782349236386,Thu Jun 25 2026 01:00:36 GMT+0000 (UTC),0,,,5,122,-92.6,525.7,17,
,,,,,,,SOLO,1782349354473,Thu Jun 25 2026 01:02:34 GMT+0000 (UTC),0,,,6,72.5,79.8,519.1,17,
,,,,,,,SOLO,1782349397150,Thu Jun 25 2026 01:03:17 GMT+0000 (UTC),0,,,6,-71.3,20.6,527.1,17,
,,,,,,,SOLO,1782349417494,Thu Jun 25 2026 01:03:37 GMT+0000 (UTC),0,,,6,85.1,-17.9,525.9,17,
,,,,,,,SOLO,1782349435181,Thu Jun 25 2026 01:03:55 GMT+0000 (UTC),0,,,6,71.2,18.4,528.1,17,
,,,,,,,SOLO,1782349456829,Thu Jun 25 2026 01:04:16 GMT+0000 (UTC),0,,,6,-89.2,-11.8,522.4,16.9,
### next string
a dukes,E 3,AU-LR,2130,1720,0,0
,,,,,,,SOLO,1782349154553,Thu Jun 25 2026 00:59:14 GMT+0000 (UTC),0,,,4,-278.7,273.6,463.6,17.1,
,,,,,,,SOLO,1782349205967,Thu Jun 25 2026 01:00:05 GMT+0000 (UTC),0,,,6,-71.8,-2.8,463.6,17.1,
,,,,,,,SOLO,1782349230085,Thu Jun 25 2026 01:00:30 GMT+0000 (UTC),0,,,6,71,28.5,467.2,17.1,
,,,,,,,SOLO,1782349248701,Thu Jun 25 2026 01:00:48 GMT+0000 (UTC),0,,,5,228.6,13.5,467.5,17.1,
,,,,,,,SOLO,1782349282696,Thu Jun 25 2026 01:01:22 GMT+0000 (UTC),0,,,5,164.1,3.7,468.5,17,
,,,,,,,SOLO,1782349306479,Thu Jun 25 2026 01:01:46 GMT+0000 (UTC),0,,,6,73.5,34.2,463.4,17,
,,,,,,,SOLO,1782349322871,Thu Jun 25 2026 01:02:02 GMT+0000 (UTC),0,,,6,84.8,71.4,470.2,17,
,,,,,,,SOLO,1782349340238,Thu Jun 25 2026 01:02:20 GMT+0000 (UTC),0,,,6,23.5,65.3,463.6,17,
,,,,,,,SOLO,1782349358842,Thu Jun 25 2026 01:02:38 GMT+0000 (UTC),0,,,X,15.4,38.7,467.6,17,
,,,,,,,SOLO,1782349374446,Thu Jun 25 2026 01:02:54 GMT+0000 (UTC),0,,,X,33.4,20,465.5,17,
,,,,,,,SOLO,1782349390534,Thu Jun 25 2026 01:03:10 GMT+0000 (UTC),0,,,6,-9.6,94,466.1,17,
### next string
sharp M,E 5,AU-LR,2130,1722,0,0
,,,,,,,SOLO,1782348893230,Thu Jun 25 2026 00:54:53 GMT+0000 (UTC),0,,sighter,2,-734.8,41.7,526.1,17.5,
,,,,,,,SOLO,1782348949072,Thu Jun 25 2026 00:55:49 GMT+0000 (UTC),0,,,X,20.3,-55.4,526.9,17.4,
,,,,,,,SOLO,1782348968178,Thu Jun 25 2026 00:56:08 GMT+0000 (UTC),0,,,X,7.1,3.3,527.1,17.3,
,,,,,,,SOLO,1782348995496,Thu Jun 25 2026 00:56:35 GMT+0000 (UTC),0,,,6,42.5,122.5,531.5,17.3,
,,,,,,,SOLO,1782349018990,Thu Jun 25 2026 00:56:58 GMT+0000 (UTC),0,,,X,54.3,-18.7,526.5,17.3,
,,,,,,,SOLO,1782349038420,Thu Jun 25 2026 00:57:18 GMT+0000 (UTC),0,,,5,110.4,86.9,527.6,17.3,
,,,,,,,SOLO,1782349153984,Thu Jun 25 2026 00:59:13 GMT+0000 (UTC),0,,,6,-15.7,-84.9,528.6,17.1,
,,,,,,,SOLO,1782349188041,Thu Jun 25 2026 00:59:48 GMT+0000 (UTC),0,,,X,11.5,-1.4,528.5,17.1,
,,,,,,,SOLO,1782349207979,Thu Jun 25 2026 01:00:07 GMT+0000 (UTC),0,,,X,-35,-10,524.8,17.1,
,,,,,,,SOLO,1782349229067,Thu Jun 25 2026 01:00:29 GMT+0000 (UTC),0,,,X,17.5,-7.8,523.8,17.1,
,,,,,,,SOLO,1782349338887,Thu Jun 25 2026 01:02:18 GMT+0000 (UTC),0,,,6,93.1,3.3,525.1,17.1,
### next string
Kent j 142,E 3,AU-LR,2130,1720,0,0
,,,,,,,SOLO,1782348791843,Thu Jun 25 2026 00:53:11 GMT+0000 (UTC),0,,sighter,5,-88.1,122.5,522,17.6,
,,,,,,,SOLO,1782348836023,Thu Jun 25 2026 00:53:56 GMT+0000 (UTC),0,,sighter,5,-159.8,3.7,518.9,17.4,
,,,,,,,SOLO,1782348872091,Thu Jun 25 2026 00:54:32 GMT+0000 (UTC),0,,,6,-80.6,-9.1,520.3,17.4,
,,,,,,,SOLO,1782348892047,Thu Jun 25 2026 00:54:52 GMT+0000 (UTC),0,,,6,-63,61.9,517.1,17.3,
,,,,,,,SOLO,1782348911133,Thu Jun 25 2026 00:55:11 GMT+0000 (UTC),0,,,X,-14,-45.3,520.7,17.3,
,,,,,,,SOLO,1782348928973,Thu Jun 25 2026 00:55:28 GMT+0000 (UTC),0,,,X,19.8,-39.2,513.6,17.3,
,,,,,,,SOLO,1782348947285,Thu Jun 25 2026 00:55:47 GMT+0000 (UTC),0,,,6,-60.9,68.8,522.4,17.3,
,,,,,,,SOLO,1782348966387,Thu Jun 25 2026 00:56:06 GMT+0000 (UTC),0,,,6,65.6,86.7,522.6,17.3,
,,,,,,,SOLO,1782348985268,Thu Jun 25 2026 00:56:25 GMT+0000 (UTC),0,,,5,144.8,109,526.4,17.3,
,,,,,,,SOLO,1782349005723,Thu Jun 25 2026 00:56:45 GMT+0000 (UTC),0,,,X,-10.6,2.6,525.2,17.2,
,,,,,,,SOLO,1782349026301,Thu Jun 25 2026 00:57:06 GMT+0000 (UTC),0,,,6,57,96.3,523.7,17.2,
,,,,,,,SOLO,1782349045639,Thu Jun 25 2026 00:57:25 GMT+0000 (UTC),0,,,6,110,37.6,525.4,17.2,
### next string
pearsall 40,E 4,AU-LR,2127,1721,0,0
,,,,,,,SOLO,1782348719694,Thu Jun 25 2026 00:51:59 GMT+0000 (UTC),0,,sighter,3,-424,240.9,578.9,17.7,
,,,,,,,SOLO,1782348766434,Thu Jun 25 2026 00:52:46 GMT+0000 (UTC),0,,sighter,5,29.5,138.6,587.9,17.6,
,,,,,,,SOLO,1782348811242,Thu Jun 25 2026 00:53:31 GMT+0000 (UTC),0,,,X,-4.6,3.6,579,17.6,
,,,,,,,SOLO,1782348828049,Thu Jun 25 2026 00:53:48 GMT+0000 (UTC),0,,,6,-37.4,115.4,582.9,17.6,
,,,,,,,SOLO,1782348867869,Thu Jun 25 2026 00:54:27 GMT+0000 (UTC),0,,,6,-91.1,-16.1,577.1,17.4,
,,,,,,,SOLO,1782348921305,Thu Jun 25 2026 00:55:21 GMT+0000 (UTC),0,,,6,76.7,61.6,581,17.4,
,,,,,,,SOLO,1782348944251,Thu Jun 25 2026 00:55:44 GMT+0000 (UTC),0,,,6,-49.8,64.3,587,17.4,
,,,,,,,SOLO,1782348959860,Thu Jun 25 2026 00:55:59 GMT+0000 (UTC),0,,,6,74.8,57.4,587.5,17.4,
,,,,,,,SOLO,1782348977400,Thu Jun 25 2026 00:56:17 GMT+0000 (UTC),0,,,6,7.9,71,578.4,17.4,
,,,,,,,SOLO,1782348990751,Thu Jun 25 2026 00:56:30 GMT+0000 (UTC),0,,,X,-27.2,55.2,586.1,17.3,
,,,,,,,SOLO,1782349002239,Thu Jun 25 2026 00:56:42 GMT+0000 (UTC),0,,,6,51.4,-104.1,581.3,17.3,
,,,,,,,SOLO,1782349039639,Thu Jun 25 2026 00:57:19 GMT+0000 (UTC),0,,,6,81.1,40.5,584.9,17.2,
### next string
Mathison A,E 1,AU-LR,2130,1725,0,0
,,,,,,,missed_shot,1782348929285,Thu Jun 25 2026 00:55:29 GMT+0000 (UTC),0,,,0,0,0,0,22,
,,,,,,,SOLO,1782348780445,Thu Jun 25 2026 00:53:00 GMT+0000 (UTC),0,,sighter,5,-243.6,12.2,465.1,17.5,
,,,,,,,SOLO,1782348820444,Thu Jun 25 2026 00:53:40 GMT+0000 (UTC),0,,,6,61.6,68.3,463.7,17.4,
,,,,,,,SOLO,1782348853160,Thu Jun 25 2026 00:54:13 GMT+0000 (UTC),0,,,5,-141.4,-56.9,464.3,17.4,
,,,,,,,SOLO,1782348908396,Thu Jun 25 2026 00:55:08 GMT+0000 (UTC),0,,,6,0.8,128.9,462.2,17.3,
,,,,,,,SOLO,1782348927102,Thu Jun 25 2026 00:55:27 GMT+0000 (UTC),0,,,6,-110.4,-49.1,463.6,17.1,
,,,,,,,SOLO,1782348949428,Thu Jun 25 2026 00:55:49 GMT+0000 (UTC),0,,,6,88.5,7.8,456.2,17.1,
,,,,,,,SOLO,1782348965904,Thu Jun 25 2026 00:56:05 GMT+0000 (UTC),0,,,6,38.9,59.8,460.8,17.1,
,,,,,,,SOLO,1782348979143,Thu Jun 25 2026 00:56:19 GMT+0000 (UTC),0,,,6,73.2,-56.5,460.2,17.1,
,,,,,,,SOLO,1782348995830,Thu Jun 25 2026 00:56:35 GMT+0000 (UTC),0,,,6,69,23.3,466.6,17.1,
,,,,,,,SOLO,1782349008963,Thu Jun 25 2026 00:56:48 GMT+0000 (UTC),0,,,6,-39.8,62,463.3,17.1,
,,,,,,,SOLO,1782349020909,Thu Jun 25 2026 00:57:00 GMT+0000 (UTC),0,,,5,188.1,49.7,462.5,17.1,
### next string
crossfire,E 2,AU-LR,2130,1721,0,0
,,,,,,,SOLO,1782348703473,Thu Jun 25 2026 00:51:43 GMT+0000 (UTC),0,,sighter,2,-738.7,51,451.2,17.7,
### next string
,E 5,AU-LR,2130,1722,0,0
### next string
,E 6,AU-LR,2130,1720,0,0
### next string
,E 2,AU-LR,2130,1721,0,0
,,,,,,,SOLO,1782281642017,Wed Jun 24 2026 06:14:02 GMT+0000 (UTC),0,,sighter,5,-159.3,159,514,20.1,
,,,,,,,SOLO,1782281688794,Wed Jun 24 2026 06:14:48 GMT+0000 (UTC),0,,sighter,5,-143.6,101.2,511.2,20.1,
,,,,,,,SOLO,1782281748966,Wed Jun 24 2026 06:15:48 GMT+0000 (UTC),0,,,5,-8.4,-198.7,507,20,
,,,,,,,SOLO,1782281792220,Wed Jun 24 2026 06:16:32 GMT+0000 (UTC),0,,,5,-82.6,120.8,507.1,20,
,,,,,,,SOLO,1782281857871,Wed Jun 24 2026 06:17:37 GMT+0000 (UTC),0,,,5,-189.2,-17.4,508.1,19.9,
,,,,,,,SOLO,1782281915717,Wed Jun 24 2026 06:18:35 GMT+0000 (UTC),0,,,V,4.8,27.6,504.6,19.9,
,,,,,,,SOLO,1782281996639,Wed Jun 24 2026 06:19:56 GMT+0000 (UTC),0,,,V,29.4,97.9,509.9,19.9,
,,,,,,,SOLO,1782282073331,Wed Jun 24 2026 06:21:13 GMT+0000 (UTC),0,,,5,64.3,150.7,509.3,19.8,
,,,,,,,SOLO,1782282116568,Wed Jun 24 2026 06:21:56 GMT+0000 (UTC),0,,,5,147.4,-117.8,508.3,19.8,
,,,,,,,SOLO,1782282183640,Wed Jun 24 2026 06:23:03 GMT+0000 (UTC),0,,,5,208.8,9.6,508,19.8,
,,,,,,,SOLO,1782282276836,Wed Jun 24 2026 06:24:36 GMT+0000 (UTC),0,,,V,60.5,49.9,508.1,19.7,
,,,,,,,SOLO,1782282323691,Wed Jun 24 2026 06:25:23 GMT+0000 (UTC),0,,,V,66.2,31.1,510,19.7,
### next string
hocking r,E 3,AU-LR,2130,1720,0,0
,,,,,,,SOLO,1782346373169,Thu Jun 25 2026 00:12:53 GMT+0000 (UTC),0,,sighter,3,407.3,-126.5,457.4,16.9,
,,,,,,,SOLO,1782346446368,Thu Jun 25 2026 00:14:06 GMT+0000 (UTC),0,,sighter,2,669.7,-60.7,459.2,17,
,,,,,,,SOLO,1782346524418,Thu Jun 25 2026 00:15:24 GMT+0000 (UTC),0,,,1,921,127,461.2,17,
,,,,,,,SOLO,1782346605963,Thu Jun 25 2026 00:16:45 GMT+0000 (UTC),0,,,3,429.4,-121.8,465.6,17.1,
,,,,,,,SOLO,1782346655793,Thu Jun 25 2026 00:17:35 GMT+0000 (UTC),0,,,4,-174.8,322.5,464.7,17.1,
,,,,,,,SOLO,1782346694107,Thu Jun 25 2026 00:18:14 GMT+0000 (UTC),0,,,5,128.8,-142.5,473.7,17.1,
,,,,,,,SOLO,1782346723628,Thu Jun 25 2026 00:18:43 GMT+0000 (UTC),0,,,5,64.5,142.8,466.5,17.1,
,,,,,,,SOLO,1782346758500,Thu Jun 25 2026 00:19:18 GMT+0000 (UTC),0,,,5,-80.2,139.5,464.1,17.1,
,,,,,,,SOLO,1782346792401,Thu Jun 25 2026 00:19:52 GMT+0000 (UTC),0,,,V,-14.2,90.4,470.3,17.1,
,,,,,,,SOLO,1782346822803,Thu Jun 25 2026 00:20:22 GMT+0000 (UTC),0,,,V,85.9,-27.7,467.3,17.3,
,,,,,,,SOLO,1782346846832,Thu Jun 25 2026 00:20:46 GMT+0000 (UTC),0,,,5,165.9,-161.5,465.3,17.3,
,,,,,,,SOLO,1782346871570,Thu Jun 25 2026 00:21:11 GMT+0000 (UTC),0,,,V,-96.8,25.7,462.8,17.3,
### next string
Zhu M,E 4,AU-LR,2127,1721,0,0
,,,,,,,SOLO,1782346204033,Thu Jun 25 2026 00:10:04 GMT+0000 (UTC),0,,,5,227.9,-121.1,443.7,16.9,
,,,,,,,SOLO,1782346287216,Thu Jun 25 2026 00:11:27 GMT+0000 (UTC),0,,,5,-148.6,63.9,453.3,17,
,,,,,,,SOLO,1782346356293,Thu Jun 25 2026 00:12:36 GMT+0000 (UTC),0,,,V,116.4,22.3,451.2,17,
,,,,,,,SOLO,1782346417213,Thu Jun 25 2026 00:13:37 GMT+0000 (UTC),0,,,V,-37.7,-3.5,453.8,17.1,
,,,,,,,SOLO,1782346481501,Thu Jun 25 2026 00:14:41 GMT+0000 (UTC),0,,,4,234.2,-318.2,446.1,17.1,
,,,,,,,SOLO,1782346534878,Thu Jun 25 2026 00:15:34 GMT+0000 (UTC),0,,,2,590.8,43,440.4,17.1,
,,,,,,,SOLO,1782346618403,Thu Jun 25 2026 00:16:58 GMT+0000 (UTC),0,,,4,-304.1,189.7,449,17.1,
,,,,,,,SOLO,1782346663971,Thu Jun 25 2026 00:17:43 GMT+0000 (UTC),0,,,V,-76.2,-38.7,448,17.2,
,,,,,,,SOLO,1782346699714,Thu Jun 25 2026 00:18:19 GMT+0000 (UTC),0,,,4,-279.8,2.5,445.5,17.2,
,,,,,,,SOLO,1782346737689,Thu Jun 25 2026 00:18:57 GMT+0000 (UTC),0,,,4,-181.4,227.6,446.4,17.2,
### next string
Singh. A,E 5,AU-LR,2130,1722,0,0
,,,,,,,SOLO,1782345664131,Thu Jun 25 2026 00:01:04 GMT+0000 (UTC),0,,sighter,1,-1135.3,624.1,435.6,16.7,
,,,,,,,SOLO,1782345797164,Thu Jun 25 2026 00:03:17 GMT+0000 (UTC),0,,,5,-131,-43.1,446.8,16.7,
,,,,,,,SOLO,1782345910246,Thu Jun 25 2026 00:05:10 GMT+0000 (UTC),0,,,4,-73.6,305.3,441.8,16.8,
,,,,,,,SOLO,1782345991799,Thu Jun 25 2026 00:06:31 GMT+0000 (UTC),0,,,4,-261.4,257.1,452.3,16.8,
,,,,,,,SOLO,1782346075936,Thu Jun 25 2026 00:07:55 GMT+0000 (UTC),0,,,5,116,80.6,449.3,16.9,
,,,,,,,SOLO,1782346115364,Thu Jun 25 2026 00:08:35 GMT+0000 (UTC),0,,,4,334.8,230.9,453.4,16.9,
,,,,,,,SOLO,1782346178189,Thu Jun 25 2026 00:09:38 GMT+0000 (UTC),0,,,4,149.7,-276.1,446.5,16.9,
,,,,,,,SOLO,1782346213583,Thu Jun 25 2026 00:10:13 GMT+0000 (UTC),0,,,V,62,-99.1,447.6,16.9,
,,,,,,,SOLO,1782346252764,Thu Jun 25 2026 00:10:52 GMT+0000 (UTC),0,,,4,87.3,-317.8,452.4,16.9,
,,,,,,,SOLO,1782346296650,Thu Jun 25 2026 00:11:36 GMT+0000 (UTC),0,,,V,61.1,-57,446.7,16.9,
,,,,,,,SOLO,1782346342452,Thu Jun 25 2026 00:12:22 GMT+0000 (UTC),0,,,4,328.5,65.3,445.6,16.9,
### next string
Williams s 23295,E 1,AU-LR,2130,1725,0,0
,,,,,,,SOLO,1782345939477,Thu Jun 25 2026 00:05:39 GMT+0000 (UTC),0,,,V,-100.3,-50.6,473.6,16.6,
,,,,,,,SOLO,1782345978005,Thu Jun 25 2026 00:06:18 GMT+0000 (UTC),0,,,5,175.9,58.8,480.6,16.6,
,,,,,,,SOLO,1782346011085,Thu Jun 25 2026 00:06:51 GMT+0000 (UTC),0,,,5,162.7,-47.8,491,16.7,
,,,,,,,SOLO,1782346059512,Thu Jun 25 2026 00:07:39 GMT+0000 (UTC),0,,,4,267,-0.5,485.8,16.7,
,,,,,,,SOLO,1782346095058,Thu Jun 25 2026 00:08:15 GMT+0000 (UTC),0,,,5,-19.5,185.5,483.6,16.8,
,,,,,,,SOLO,1782346125690,Thu Jun 25 2026 00:08:45 GMT+0000 (UTC),0,,,4,272.6,-49.9,485,16.8,
,,,,,,,SOLO,1782346163706,Thu Jun 25 2026 00:09:23 GMT+0000 (UTC),0,,,V,94.6,48.8,485.3,16.7,
,,,,,,,SOLO,1782346199712,Thu Jun 25 2026 00:09:59 GMT+0000 (UTC),0,,,V,93,64.5,483.8,16.8,
,,,,,,,SOLO,1782346234081,Thu Jun 25 2026 00:10:34 GMT+0000 (UTC),0,,,V,117.8,32,483,16.8,
,,,,,,,SOLO,1782346260383,Thu Jun 25 2026 00:11:00 GMT+0000 (UTC),0,,,V,-80.4,-40.6,481.6,16.8,
### next string
chad m,E 3,AU-LR,2130,1720,0,0
,,,,,,,SOLO,1782345686976,Thu Jun 25 2026 00:01:26 GMT+0000 (UTC),0,,sighter,4,49.2,383.8,499.2,16.8,
,,,,,,,SOLO,1782345729124,Thu Jun 25 2026 00:02:09 GMT+0000 (UTC),0,,sighter,4,153.4,230.5,502.2,16.8,
,,,,,,,SOLO,1782345776664,Thu Jun 25 2026 00:02:56 GMT+0000 (UTC),0,,,V,97.5,-4.2,501.1,16.7,
,,,,,,,SOLO,1782345817029,Thu Jun 25 2026 00:03:37 GMT+0000 (UTC),0,,,V,12.2,-121.3,496.1,16.8,
,,,,,,,SOLO,1782345881629,Thu Jun 25 2026 00:04:41 GMT+0000 (UTC),0,,,V,116.6,-31.8,501.8,16.8,
,,,,,,,SOLO,1782345927470,Thu Jun 25 2026 00:05:27 GMT+0000 (UTC),0,,,5,-138.3,45.3,496.4,16.8,
,,,,,,,SOLO,1782345976273,Thu Jun 25 2026 00:06:16 GMT+0000 (UTC),0,,,V,-36.7,-3.5,495.2,16.9,
,,,,,,,SOLO,1782346022044,Thu Jun 25 2026 00:07:02 GMT+0000 (UTC),0,,,4,267.8,-119,492.1,16.9,
,,,,,,,SOLO,1782346068034,Thu Jun 25 2026 00:07:48 GMT+0000 (UTC),0,,,V,97.1,-42.5,501.2,16.9,
,,,,,,,SOLO,1782346107543,Thu Jun 25 2026 00:08:27 GMT+0000 (UTC),0,,,V,30.7,-15.7,501.6,16.9,
,,,,,,,SOLO,1782346146082,Thu Jun 25 2026 00:09:06 GMT+0000 (UTC),0,,,V,56.2,-16.6,499.7,16.9,
,,,,,,,SOLO,1782346221043,Thu Jun 25 2026 00:10:21 GMT+0000 (UTC),0,,,5,117.8,-69.6,497.4,16.9,
### next string
Thurtell 115,E 6,AU-LR,2130,1720,0,0
,,,,,,,SOLO,1782345779184,Thu Jun 25 2026 00:02:59 GMT+0000 (UTC),0,,,5,-230.4,-70.8,494.5,16.6,
,,,,,,,SOLO,1782345827427,Thu Jun 25 2026 00:03:47 GMT+0000 (UTC),0,,,V,37.1,9.3,499.2,16.6,
,,,,,,,SOLO,1782345859846,Thu Jun 25 2026 00:04:19 GMT+0000 (UTC),0,,,V,91.4,-57.5,496.9,16.6,
,,,,,,,SOLO,1782345889506,Thu Jun 25 2026 00:04:49 GMT+0000 (UTC),0,,,V,-96.9,-50.1,497.9,16.6,
,,,,,,,SOLO,1782345924403,Thu Jun 25 2026 00:05:24 GMT+0000 (UTC),0,,,V,-66.4,-8.2,495.1,16.7,
,,,,,,,SOLO,1782345963115,Thu Jun 25 2026 00:06:03 GMT+0000 (UTC),0,,,5,-154.6,-65,491.2,16.8,
,,,,,,,SOLO,1782345993643,Thu Jun 25 2026 00:06:33 GMT+0000 (UTC),0,,,V,14,-45.5,496.7,16.8,
,,,,,,,SOLO,1782346021170,Thu Jun 25 2026 00:07:01 GMT+0000 (UTC),0,,,V,6.3,-106.9,492.2,16.7,
,,,,,,,SOLO,1782346052461,Thu Jun 25 2026 00:07:32 GMT+0000 (UTC),0,,,4,271.6,-63.6,492.9,16.8,
,,,,,,,SOLO,1782346084479,Thu Jun 25 2026 00:08:04 GMT+0000 (UTC),0,,,V,-13.6,-60.7,500.3,16.8,
### next string
Ryder M,E 4,AU-LR,2127,1721,0,0
,,,,,,,SOLO,1782345320721,Wed Jun 24 2026 23:55:20 GMT+0000 (UTC),0,,sighter,4,78.7,279.3,440.1,17.1,
,,,,,,,SOLO,1782345382158,Wed Jun 24 2026 23:56:22 GMT+0000 (UTC),0,,sighter,1,-965.8,260.1,438.7,17.1,
,,,,,,,SOLO,1782345503784,Wed Jun 24 2026 23:58:23 GMT+0000 (UTC),0,,,V,-6.5,-49.9,446.5,17,
,,,,,,,SOLO,1782345576920,Wed Jun 24 2026 23:59:36 GMT+0000 (UTC),0,,,3,-428.3,-44.1,452.5,16.9,
,,,,,,,SOLO,1782345650873,Thu Jun 25 2026 00:00:50 GMT+0000 (UTC),0,,,5,-113.4,-173,440.4,16.8,
,,,,,,,SOLO,1782345737713,Thu Jun 25 2026 00:02:17 GMT+0000 (UTC),0,,,V,70.3,-13.9,445.6,16.8,
,,,,,,,SOLO,1782345809398,Thu Jun 25 2026 00:03:29 GMT+0000 (UTC),0,,,V,-51.4,-72.7,449.2,16.8,
,,,,,,,SOLO,1782345853636,Thu Jun 25 2026 00:04:13 GMT+0000 (UTC),0,,,4,157.3,-210.7,449.5,16.8,
,,,,,,,SOLO,1782345896779,Thu Jun 25 2026 00:04:56 GMT+0000 (UTC),0,,,5,-85.8,110.8,448.9,16.8,
,,,,,,,SOLO,1782345945334,Thu Jun 25 2026 00:05:45 GMT+0000 (UTC),0,,,V,-55.9,-14.9,443.7,16.9,
,,,,,,,SOLO,1782345998500,Thu Jun 25 2026 00:06:38 GMT+0000 (UTC),0,,,V,10.7,45,447,16.9,
,,,,,,,SOLO,1782346040289,Thu Jun 25 2026 00:07:20 GMT+0000 (UTC),0,,,V,46.7,-72.3,449.2,16.9,
### next string
bell a 21129,E 1,AU-LR,2130,1725,0,0
,,,,,,,SOLO,1782345292283,Wed Jun 24 2026 23:54:52 GMT+0000 (UTC),0,,sighter,4,-310.5,-51.1,498.3,17,
,,,,,,,SOLO,1782345346610,Wed Jun 24 2026 23:55:46 GMT+0000 (UTC),0,,sighter,4,-333.9,-47,491.7,16.9,
,,,,,,,SOLO,1782345417844,Wed Jun 24 2026 23:56:57 GMT+0000 (UTC),0,,,5,-201.2,-112.2,486.7,16.8,
,,,,,,,SOLO,1782345459214,Wed Jun 24 2026 23:57:39 GMT+0000 (UTC),0,,,5,-59.6,-153.3,484.7,16.8,
,,,,,,,SOLO,1782345506190,Wed Jun 24 2026 23:58:26 GMT+0000 (UTC),0,,,5,-129.4,-24.8,485.6,16.8,
,,,,,,,SOLO,1782345537776,Wed Jun 24 2026 23:58:57 GMT+0000 (UTC),0,,,5,40.4,-185,486,16.8,
,,,,,,,SOLO,1782345573860,Wed Jun 24 2026 23:59:33 GMT+0000 (UTC),0,,,V,-44,-14.9,491,16.8,
,,,,,,,SOLO,1782345608215,Thu Jun 25 2026 00:00:08 GMT+0000 (UTC),0,,,5,136.9,20.2,487.7,16.6,
,,,,,,,SOLO,1782345643101,Thu Jun 25 2026 00:00:43 GMT+0000 (UTC),0,,,V,-114.5,56.9,488.4,16.7,
,,,,,,,SOLO,1782345679769,Thu Jun 25 2026 00:01:19 GMT+0000 (UTC),0,,,V,-8.1,-45.3,483.6,16.6,
,,,,,,,SOLO,1782345731888,Thu Jun 25 2026 00:02:11 GMT+0000 (UTC),0,,,V,-115.5,48.7,486.5,16.6,
,,,,,,,SOLO,1782345769955,Thu Jun 25 2026 00:02:49 GMT+0000 (UTC),0,,,5,74.2,-109.2,492.2,16.6,
### next string
Sainsbury D,E 3,AU-LR,2130,1720,0,0
,,,,,,,SOLO,1782344928552,Wed Jun 24 2026 23:48:48 GMT+0000 (UTC),0,,sighter,4,376,-92,485.9,17.1,
,,,,,,,SOLO,1782344995861,Wed Jun 24 2026 23:49:55 GMT+0000 (UTC),0,,sighter,4,358.3,-71.8,480.3,17.1,
,,,,,,,SOLO,1782345072056,Wed Jun 24 2026 23:51:12 GMT+0000 (UTC),0,,,5,-167.2,10.3,485.6,17.2,
,,,,,,,SOLO,1782345165498,Wed Jun 24 2026 23:52:45 GMT+0000 (UTC),0,,,5,195,-78.4,483.4,17.2,
,,,,,,,SOLO,1782345237207,Wed Jun 24 2026 23:53:57 GMT+0000 (UTC),0,,,5,44.6,-213.1,475.3,17.2,
,,,,,,,SOLO,1782345308787,Wed Jun 24 2026 23:55:08 GMT+0000 (UTC),0,,,5,175.6,-106.8,482.6,17.1,
,,,,,,,SOLO,1782345349772,Wed Jun 24 2026 23:55:49 GMT+0000 (UTC),0,,,V,-55.1,-90.2,485,17.1,
,,,,,,,SOLO,1782345410406,Wed Jun 24 2026 23:56:50 GMT+0000 (UTC),0,,,V,69.5,-49,479.6,17.1,
,,,,,,,SOLO,1782345451317,Wed Jun 24 2026 23:57:31 GMT+0000 (UTC),0,,,V,63.5,-74.9,477.8,17.1,
,,,,,,,SOLO,1782345491134,Wed Jun 24 2026 23:58:11 GMT+0000 (UTC),0,,,V,76.3,-43.3,487.6,17,
,,,,,,,SOLO,1782345528801,Wed Jun 24 2026 23:58:48 GMT+0000 (UTC),0,,,V,128,23.3,486.3,16.9,
,,,,,,,SOLO,1782345562941,Wed Jun 24 2026 23:59:22 GMT+0000 (UTC),0,,,V,100.7,-22.5,479.5,16.9,
### next string
Munasinghe N,E 5,AU-LR,2130,1722,0,0
,,,,,,,SOLO,1782344774961,Wed Jun 24 2026 23:46:14 GMT+0000 (UTC),0,,sighter,2,-247.5,-603.8,458.4,17,
,,,,,,,SOLO,1782344880286,Wed Jun 24 2026 23:48:00 GMT+0000 (UTC),0,,,5,-175.3,-72.8,454.3,16.9,
,,,,,,,SOLO,1782344944626,Wed Jun 24 2026 23:49:04 GMT+0000 (UTC),0,,,V,4.7,24.8,460.9,17.1,
,,,,,,,SOLO,1782344992469,Wed Jun 24 2026 23:49:52 GMT+0000 (UTC),0,,,V,59.9,-23.5,460.9,17,
,,,,,,,SOLO,1782345054996,Wed Jun 24 2026 23:50:54 GMT+0000 (UTC),0,,,V,68.2,-30.1,454.1,17.1,
,,,,,,,SOLO,1782345084591,Wed Jun 24 2026 23:51:24 GMT+0000 (UTC),0,,,V,-4.9,-71.3,462.2,17.1,
,,,,,,,SOLO,1782345135885,Wed Jun 24 2026 23:52:15 GMT+0000 (UTC),0,,,4,-143.4,288.3,462.9,17.2,
,,,,,,,SOLO,1782345202839,Wed Jun 24 2026 23:53:22 GMT+0000 (UTC),0,,,4,112.8,344.5,456.7,17.1,
,,,,,,,SOLO,1782345265548,Wed Jun 24 2026 23:54:25 GMT+0000 (UTC),0,,,5,-86.2,109.4,454.6,17.1,
,,,,,,,SOLO,1782345313269,Wed Jun 24 2026 23:55:13 GMT+0000 (UTC),0,,,V,-32.9,-31,460,17.1,
,,,,,,,SOLO,1782345355398,Wed Jun 24 2026 23:55:55 GMT+0000 (UTC),0,,,3,-409.4,122.4,459.7,17.1,
### next string
Sonnenberg A,E 1,AU-LR,2130,1725,0,0
,,,,,,,SOLO,1782344756573,Wed Jun 24 2026 23:45:56 GMT+0000 (UTC),0,,sighter,V,-67.7,-35.6,514.7,16.9,
,,,,,,,SOLO,1782344785244,Wed Jun 24 2026 23:46:25 GMT+0000 (UTC),0,,sighter,5,-142.1,83.8,517.3,16.9,
,,,,,,,SOLO,1782344829335,Wed Jun 24 2026 23:47:09 GMT+0000 (UTC),0,,,5,-117.5,67.9,519.1,16.9,
,,,,,,,SOLO,1782344869401,Wed Jun 24 2026 23:47:49 GMT+0000 (UTC),0,,,V,23.9,58.3,517.8,16.9,
,,,,,,,SOLO,1782344906944,Wed Jun 24 2026 23:48:26 GMT+0000 (UTC),0,,,5,-68.2,131.2,522.1,16.9,
,,,,,,,SOLO,1782344942601,Wed Jun 24 2026 23:49:02 GMT+0000 (UTC),0,,,V,-63.7,42.4,515,17,
,,,,,,,SOLO,1782344963598,Wed Jun 24 2026 23:49:23 GMT+0000 (UTC),0,,,V,26.2,-24.6,517.1,17,
,,,,,,,SOLO,1782344990771,Wed Jun 24 2026 23:49:50 GMT+0000 (UTC),0,,,V,-59.6,-52,523.4,17,
,,,,,,,SOLO,1782345016607,Wed Jun 24 2026 23:50:16 GMT+0000 (UTC),0,,,V,68.8,-83.7,517.5,17,
,,,,,,,SOLO,1782345053616,Wed Jun 24 2026 23:50:53 GMT+0000 (UTC),0,,,V,21.5,-36.2,518.1,17.1,
,,,,,,,SOLO,1782345096215,Wed Jun 24 2026 23:51:36 GMT+0000 (UTC),0,,,V,-107.2,-40.9,520.3,17.1,
,,,,,,,SOLO,1782345115529,Wed Jun 24 2026 23:51:55 GMT+0000 (UTC),0,,,5,-196.8,-125.3,518.1,17.1,
### next string
Kothari O,E 4,AU-LR,2127,1721,0,0
,,,,,,,SOLO,1782344734681,Wed Jun 24 2026 23:45:34 GMT+0000 (UTC),0,,,5,176.9,-57.8,447,17.1,
,,,,,,,SOLO,1782344786246,Wed Jun 24 2026 23:46:26 GMT+0000 (UTC),0,,,5,-86.2,-155.1,447.4,17,
,,,,,,,SOLO,1782344827410,Wed Jun 24 2026 23:47:07 GMT+0000 (UTC),0,,,V,25.4,64,453.5,17.1,
,,,,,,,SOLO,1782344855373,Wed Jun 24 2026 23:47:35 GMT+0000 (UTC),0,,,V,60.9,-15.7,448.4,17.1,
,,,,,,,SOLO,1782344882150,Wed Jun 24 2026 23:48:02 GMT+0000 (UTC),0,,,V,80.8,5.4,449.3,17.1,
,,,,,,,SOLO,1782344912218,Wed Jun 24 2026 23:48:32 GMT+0000 (UTC),0,,,V,79.4,14.1,446.4,17.1,
,,,,,,,SOLO,1782344942311,Wed Jun 24 2026 23:49:02 GMT+0000 (UTC),0,,,V,95.4,6.7,446.1,17.1,
,,,,,,,SOLO,1782344986162,Wed Jun 24 2026 23:49:46 GMT+0000 (UTC),0,,,4,276.2,-157,453.5,17.2,
,,,,,,,SOLO,1782345062237,Wed Jun 24 2026 23:51:02 GMT+0000 (UTC),0,,,V,-9.9,1.1,445.4,17.2,
,,,,,,,SOLO,1782345092240,Wed Jun 24 2026 23:51:32 GMT+0000 (UTC),0,,,4,-250.2,104.3,448.6,17.2,
### next string
Harold b,E 3,AU-LR,2130,1720,0,0
,,,,,,,SOLO,1782344371854,Wed Jun 24 2026 23:39:31 GMT+0000 (UTC),0,,sighter,3,-444.3,-243.9,456.1,17,
,,,,,,,SOLO,1782344420901,Wed Jun 24 2026 23:40:20 GMT+0000 (UTC),0,,sighter,4,-321.7,-176.2,450.8,17,
,,,,,,,SOLO,1782344470999,Wed Jun 24 2026 23:41:10 GMT+0000 (UTC),0,,,5,188.2,123.5,456.4,17,
,,,,,,,SOLO,1782344515456,Wed Jun 24 2026 23:41:55 GMT+0000 (UTC),0,,,5,-40.7,-194.1,450.9,17,
,,,,,,,SOLO,1782344557305,Wed Jun 24 2026 23:42:37 GMT+0000 (UTC),0,,,4,-227,277.6,456,17,
,,,,,,,SOLO,1782344603128,Wed Jun 24 2026 23:43:23 GMT+0000 (UTC),0,,,3,-504.6,21,441.2,17,
,,,,,,,SOLO,1782344642675,Wed Jun 24 2026 23:44:02 GMT+0000 (UTC),0,,,5,-21.8,-219.3,451,17,
,,,,,,,SOLO,1782344673388,Wed Jun 24 2026 23:44:33 GMT+0000 (UTC),0,,,5,-20.6,-182.3,451.1,17,
,,,,,,,SOLO,1782344702888,Wed Jun 24 2026 23:45:02 GMT+0000 (UTC),0,,,5,-50.2,140.6,459,16.9,
,,,,,,,SOLO,1782344742675,Wed Jun 24 2026 23:45:42 GMT+0000 (UTC),0,,,5,159.1,49.7,454.6,17,
,,,,,,,SOLO,1782344778161,Wed Jun 24 2026 23:46:18 GMT+0000 (UTC),0,,,V,104.4,42.3,454.2,17.1,
,,,,,,,SOLO,1782344816120,Wed Jun 24 2026 23:46:56 GMT+0000 (UTC),0,,,3,-282.8,-380.4,449.8,17.1,
### next string
d hutton,E 1,AU-LR,2130,1725,0,0
,,,,,,,SOLO,1782344194578,Wed Jun 24 2026 23:36:34 GMT+0000 (UTC),0,,sighter,4,100,-314.2,461.2,16.8,
,,,,,,,SOLO,1782344246772,Wed Jun 24 2026 23:37:26 GMT+0000 (UTC),0,,,V,110.3,23.6,460.2,16.8,
,,,,,,,SOLO,1782344273855,Wed Jun 24 2026 23:37:53 GMT+0000 (UTC),0,,,5,127.6,33.4,461.6,16.8,
,,,,,,,SOLO,1782344304461,Wed Jun 24 2026 23:38:24 GMT+0000 (UTC),0,,,V,15.1,-71.2,459.3,16.8,
,,,,,,,SOLO,1782344333561,Wed Jun 24 2026 23:38:53 GMT+0000 (UTC),0,,,5,-142.3,63.4,466.4,16.8,
,,,,,,,SOLO,1782344361446,Wed Jun 24 2026 23:39:21 GMT+0000 (UTC),0,,,V,86.2,38.2,463,16.9,
,,,,,,,SOLO,1782344428674,Wed Jun 24 2026 23:40:28 GMT+0000 (UTC),0,,,V,97.8,-45.9,461.2,16.8,
,,,,,,,SOLO,1782344463406,Wed Jun 24 2026 23:41:03 GMT+0000 (UTC),0,,,V,-38.9,-93.3,459.5,16.8,
,,,,,,,SOLO,1782344521207,Wed Jun 24 2026 23:42:01 GMT+0000 (UTC),0,,,V,-16.4,-44.8,464.4,16.8,
,,,,,,,SOLO,1782344551608,Wed Jun 24 2026 23:42:31 GMT+0000 (UTC),0,,,5,-120,105.3,462.3,16.9,
,,,,,,,SOLO,1782344626478,Wed Jun 24 2026 23:43:46 GMT+0000 (UTC),0,,,V,-119.9,26.9,463.6,16.9,
### next string
Trinh E,E 4,AU-LR,2127,1721,0,0
,,,,,,,SOLO,1782343901590,Wed Jun 24 2026 23:31:41 GMT+0000 (UTC),0,,sighter,2,316,-606,444.4,16.8,
,,,,,,,SOLO,1782344006375,Wed Jun 24 2026 23:33:26 GMT+0000 (UTC),0,,sighter,3,490.2,23.8,446.2,16.8,
,,,,,,,SOLO,1782344070993,Wed Jun 24 2026 23:34:30 GMT+0000 (UTC),0,,,5,61.3,223.8,443.9,16.9,
,,,,,,,SOLO,1782344127573,Wed Jun 24 2026 23:35:27 GMT+0000 (UTC),0,,,V,-3.2,79.4,443.3,16.9,
,,,,,,,SOLO,1782344174818,Wed Jun 24 2026 23:36:14 GMT+0000 (UTC),0,,,V,-66.2,30.6,445.5,16.9,
,,,,,,,SOLO,1782344226798,Wed Jun 24 2026 23:37:06 GMT+0000 (UTC),0,,,V,-75.5,9.7,444.6,16.9,
,,,,,,,SOLO,1782344286975,Wed Jun 24 2026 23:38:06 GMT+0000 (UTC),0,,,V,71.6,-102.7,443.7,16.9,
,,,,,,,SOLO,1782344341989,Wed Jun 24 2026 23:39:01 GMT+0000 (UTC),0,,,V,68.3,-10.8,441.7,16.9,
,,,,,,,SOLO,1782344393135,Wed Jun 24 2026 23:39:53 GMT+0000 (UTC),0,,,5,-52.6,-213.3,439.5,17,
,,,,,,,SOLO,1782344444239,Wed Jun 24 2026 23:40:44 GMT+0000 (UTC),0,,,5,67.1,-221.7,436.6,16.9,
,,,,,,,SOLO,1782344495567,Wed Jun 24 2026 23:41:35 GMT+0000 (UTC),0,,,5,-24.8,-157.9,439.7,17,
,,,,,,,SOLO,1782344548371,Wed Jun 24 2026 23:42:28 GMT+0000 (UTC),0,,,5,-162.9,-26.3,435.8,17.1,
### next string
crossfire,E 6,AU-LR,2130,1720,0,0
,,,,,,,SOLO,1782344056531,Wed Jun 24 2026 23:34:16 GMT+0000 (UTC),0,,sighter,V,-84.8,-80.8,564.7,16.7,
### next string
Zeeshan 99,E 5,AU-LR,2130,1722,0,0
,,,,,,,SOLO,1782343608994,Wed Jun 24 2026 23:26:48 GMT+0000 (UTC),0,,sighter,3,-198.8,-373.4,450.4,16.5,
,,,,,,,SOLO,1782343700038,Wed Jun 24 2026 23:28:20 GMT+0000 (UTC),0,,sighter,4,115.7,-235.5,445,16.5,
,,,,,,,SOLO,1782343796784,Wed Jun 24 2026 23:29:56 GMT+0000 (UTC),0,,,5,-151.1,-27.7,451.9,16.6,
,,,,,,,SOLO,1782343849242,Wed Jun 24 2026 23:30:49 GMT+0000 (UTC),0,,,5,139.6,71.3,445.7,16.6,
,,,,,,,SOLO,1782343913681,Wed Jun 24 2026 23:31:53 GMT+0000 (UTC),0,,,5,-36.4,-243.6,441.4,16.7,
,,,,,,,SOLO,1782344002284,Wed Jun 24 2026 23:33:22 GMT+0000 (UTC),0,,,4,274.5,27.8,453.8,16.8,
,,,,,,,SOLO,1782344058951,Wed Jun 24 2026 23:34:18 GMT+0000 (UTC),0,,,5,200.5,-110,449.2,16.8,
,,,,,,,SOLO,1782344162031,Wed Jun 24 2026 23:36:02 GMT+0000 (UTC),0,,,V,73.1,98,451.8,16.8,
,,,,,,,SOLO,1782344217462,Wed Jun 24 2026 23:36:57 GMT+0000 (UTC),0,,,5,99.3,100.3,444.6,16.8,
,,,,,,,SOLO,1782344277306,Wed Jun 24 2026 23:37:57 GMT+0000 (UTC),0,,,5,20.6,-230.2,451.4,16.9,
,,,,,,,SOLO,1782344350559,Wed Jun 24 2026 23:39:10 GMT+0000 (UTC),0,,,5,-117.2,-178,448.4,16.9,
,,,,,,,SOLO,1782344381202,Wed Jun 24 2026 23:39:41 GMT+0000 (UTC),0,,,V,-100.1,-57.3,457.6,16.9,
### next string
crowe G,E 3,AU-LR,2130,1720,0,0
,,,,,,,SOLO,1782343825930,Wed Jun 24 2026 23:30:25 GMT+0000 (UTC),0,,sighter,5,140.6,8.7,484,16.6,
,,,,,,,SOLO,1782343850655,Wed Jun 24 2026 23:30:50 GMT+0000 (UTC),0,,sighter,5,134.1,143.4,498,16.7,
,,,,,,,SOLO,1782343883403,Wed Jun 24 2026 23:31:23 GMT+0000 (UTC),0,,,5,170.1,41.7,495.9,16.7,
,,,,,,,SOLO,1782343927393,Wed Jun 24 2026 23:32:07 GMT+0000 (UTC),0,,,6,41.3,64.1,498.9,16.7,
,,,,,,,SOLO,1782343959409,Wed Jun 24 2026 23:32:39 GMT+0000 (UTC),0,,,6,97.3,-87.8,497.2,16.8,
,,,,,,,SOLO,1782343986371,Wed Jun 24 2026 23:33:06 GMT+0000 (UTC),0,,,X,62.7,-16.5,497.9,16.8,
,,,,,,,SOLO,1782344012286,Wed Jun 24 2026 23:33:32 GMT+0000 (UTC),0,,,6,-54,-99.8,493.5,16.8,
,,,,,,,SOLO,1782344103620,Wed Jun 24 2026 23:35:03 GMT+0000 (UTC),0,,,X,-4.3,38.1,497,16.8,
,,,,,,,SOLO,1782344123504,Wed Jun 24 2026 23:35:23 GMT+0000 (UTC),0,,,X,-15,-18.8,495.2,16.8,
,,,,,,,SOLO,1782344139110,Wed Jun 24 2026 23:35:39 GMT+0000 (UTC),0,,,6,-65.3,-93,488.9,16.8,
,,,,,,,SOLO,1782344158632,Wed Jun 24 2026 23:35:58 GMT+0000 (UTC),0,,,X,-22.8,10.5,496.3,16.8,
,,,,,,,SOLO,1782344176163,Wed Jun 24 2026 23:36:16 GMT+0000 (UTC),0,,,6,-44.4,-99.2,491.6,16.8,
### next string
Anderson Lee,E 4,AU-LR,2127,1721,0,0
,,,,,,,SOLO,1782343088427,Wed Jun 24 2026 23:18:08 GMT+0000 (UTC),0,,sighter,3,-302.9,-400.3,446.3,16.2,
,,,,,,,SOLO,1782343179612,Wed Jun 24 2026 23:19:39 GMT+0000 (UTC),0,,sighter,4,-234.5,-195.9,446.2,16.2,
,,,,,,,SOLO,1782343250427,Wed Jun 24 2026 23:20:50 GMT+0000 (UTC),0,,,5,-221.8,-47,451.3,16.3,
,,,,,,,SOLO,1782343308123,Wed Jun 24 2026 23:21:48 GMT+0000 (UTC),0,,,5,-184.2,-32.8,452,16.3,
,,,,,,,SOLO,1782343361671,Wed Jun 24 2026 23:22:41 GMT+0000 (UTC),0,,,3,17.3,-513.3,445.1,16.4,
,,,,,,,SOLO,1782343440993,Wed Jun 24 2026 23:24:00 GMT+0000 (UTC),0,,,4,279.5,177.9,444.8,16.5,
,,,,,,,SOLO,1782343516423,Wed Jun 24 2026 23:25:16 GMT+0000 (UTC),0,,,4,191.2,231.9,448.5,16.5,
,,,,,,,SOLO,1782343562353,Wed Jun 24 2026 23:26:02 GMT+0000 (UTC),0,,,V,82.7,49.9,446.9,16.5,
,,,,,,,SOLO,1782343616873,Wed Jun 24 2026 23:26:56 GMT+0000 (UTC),0,,,5,-101.3,-119.8,448.7,16.6,
,,,,,,,SOLO,1782343662675,Wed Jun 24 2026 23:27:42 GMT+0000 (UTC),0,,,5,-159.8,-6.3,444.6,16.6,
,,,,,,,SOLO,1782343705148,Wed Jun 24 2026 23:28:25 GMT+0000 (UTC),0,,,4,244,-105.2,448.2,16.6,
,,,,,,,SOLO,1782343741370,Wed Jun 24 2026 23:29:01 GMT+0000 (UTC),0,,,V,-62.3,-8.5,440.5,16.5,
### next string
a dukes,E 1,AU-LR,2130,1725,0,0
,,,,,,,SOLO,1782343550170,Wed Jun 24 2026 23:25:50 GMT+0000 (UTC),0,,sighter,X,60.9,24,508.5,16.3,
,,,,,,,SOLO,1782343568069,Wed Jun 24 2026 23:26:08 GMT+0000 (UTC),0,,sighter,5,90.3,136.7,525.8,16.4,
,,,,,,,SOLO,1782343590763,Wed Jun 24 2026 23:26:30 GMT+0000 (UTC),0,,,5,57.1,172.2,523.2,16.4,
,,,,,,,SOLO,1782343612731,Wed Jun 24 2026 23:26:52 GMT+0000 (UTC),0,,,X,16.5,49.2,518.9,16.4,
,,,,,,,SOLO,1782343629354,Wed Jun 24 2026 23:27:09 GMT+0000 (UTC),0,,,6,61.7,39.3,514.8,16.4,
,,,,,,,SOLO,1782343644651,Wed Jun 24 2026 23:27:24 GMT+0000 (UTC),0,,,X,20.8,-33.8,518.2,16.4,
,,,,,,,SOLO,1782343662229,Wed Jun 24 2026 23:27:42 GMT+0000 (UTC),0,,,6,48.9,48.2,517.7,16.4,
,,,,,,,SOLO,1782343676421,Wed Jun 24 2026 23:27:56 GMT+0000 (UTC),0,,,X,46,9.6,515.5,16.4,
,,,,,,,SOLO,1782343689241,Wed Jun 24 2026 23:28:09 GMT+0000 (UTC),0,,,X,-7.5,-15.1,520.4,16.4,
,,,,,,,SOLO,1782343704887,Wed Jun 24 2026 23:28:24 GMT+0000 (UTC),0,,,6,67.8,12.7,522,16.4,
,,,,,,,SOLO,1782343718364,Wed Jun 24 2026 23:28:38 GMT+0000 (UTC),0,,,X,11.4,20.1,516.2,16.6,
,,,,,,,SOLO,1782343735566,Wed Jun 24 2026 23:28:55 GMT+0000 (UTC),0,,,X,-50.9,-0.4,518.8,16.6,
### next string
sharp m,E 3,AU-LR,2130,1720,0,0
,,,,,,,SOLO,1782343362291,Wed Jun 24 2026 23:22:42 GMT+0000 (UTC),0,,sighter,5,99.8,189.7,571.4,16.4,
,,,,,,,SOLO,1782343417581,Wed Jun 24 2026 23:23:37 GMT+0000 (UTC),0,,,6,108.3,-33,571.5,16.4,
,,,,,,,SOLO,1782343449370,Wed Jun 24 2026 23:24:09 GMT+0000 (UTC),0,,,X,35.3,-45.7,569.5,16.4,
,,,,,,,SOLO,1782343489223,Wed Jun 24 2026 23:24:49 GMT+0000 (UTC),0,,,X,-10.4,-65.1,567.8,16.5,
,,,,,,,SOLO,1782343511559,Wed Jun 24 2026 23:25:11 GMT+0000 (UTC),0,,,6,-43.7,-80.1,564.6,16.5,
,,,,,,,SOLO,1782343542306,Wed Jun 24 2026 23:25:42 GMT+0000 (UTC),0,,,6,-48.5,-52.8,566,16.5,
,,,,,,,SOLO,1782343564475,Wed Jun 24 2026 23:26:04 GMT+0000 (UTC),0,,,X,-26.3,-37,564.8,16.5,
,,,,,,,SOLO,1782343588501,Wed Jun 24 2026 23:26:28 GMT+0000 (UTC),0,,,6,-51.9,-45.4,572.1,16.5,
,,,,,,,SOLO,1782343608573,Wed Jun 24 2026 23:26:48 GMT+0000 (UTC),0,,,6,-59.1,-39.6,566.1,16.6,
,,,,,,,SOLO,1782343627236,Wed Jun 24 2026 23:27:07 GMT+0000 (UTC),0,,,6,-70.7,-7.8,568.8,16.6,
,,,,,,,SOLO,1782343653865,Wed Jun 24 2026 23:27:33 GMT+0000 (UTC),0,,,6,-96,23.3,565.4,16.6,
### next string
Kent j 142,E 1,AU-LR,2130,1725,0,0
,,,,,,,SOLO,1782343105480,Wed Jun 24 2026 23:18:25 GMT+0000 (UTC),0,,sighter,5,141.1,-204.2,552,16,
,,,,,,,SOLO,1782343151781,Wed Jun 24 2026 23:19:11 GMT+0000 (UTC),0,,,6,66.8,94.3,560.4,16.1,
,,,,,,,SOLO,1782343183185,Wed Jun 24 2026 23:19:43 GMT+0000 (UTC),0,,,X,39.2,26.6,562.7,16.1,
,,,,,,,SOLO,1782343203960,Wed Jun 24 2026 23:20:03 GMT+0000 (UTC),0,,,6,70.5,-32.9,559,16.1,
,,,,,,,SOLO,1782343225378,Wed Jun 24 2026 23:20:25 GMT+0000 (UTC),0,,,X,15.3,33.2,566.5,16.1,
,,,,,,,SOLO,1782343244810,Wed Jun 24 2026 23:20:44 GMT+0000 (UTC),0,,,X,6.5,-38.5,554.1,16.1,
,,,,,,,SOLO,1782343259066,Wed Jun 24 2026 23:20:59 GMT+0000 (UTC),0,,,6,22.7,114.8,562.1,16.1,
,,,,,,,SOLO,1782343292699,Wed Jun 24 2026 23:21:32 GMT+0000 (UTC),0,,,6,74.5,19.8,559.6,16.1,
,,,,,,,SOLO,1782343310353,Wed Jun 24 2026 23:21:50 GMT+0000 (UTC),0,,,X,-56.5,20.8,562.8,16.1,
,,,,,,,SOLO,1782343331331,Wed Jun 24 2026 23:22:11 GMT+0000 (UTC),0,,,6,-10,76.2,565.4,16.1,
,,,,,,,SOLO,1782343354308,Wed Jun 24 2026 23:22:34 GMT+0000 (UTC),0,,,6,110.2,-1.5,561.5,16.1,
### next string
hoskinson j,E 3,AU-LR,2130,1720,0,0
,,,,,,,SOLO,1782342925992,Wed Jun 24 2026 23:15:25 GMT+0000 (UTC),0,,,6,-119.5,-40.9,525.8,16,
,,,,,,,SOLO,1782342974189,Wed Jun 24 2026 23:16:14 GMT+0000 (UTC),0,,,X,-25.5,-1.6,528.1,16.1,
,,,,,,,SOLO,1782343021671,Wed Jun 24 2026 23:17:01 GMT+0000 (UTC),0,,,X,-22.5,9.1,525.6,16.2,
,,,,,,,SOLO,1782343069788,Wed Jun 24 2026 23:17:49 GMT+0000 (UTC),0,,,X,43.3,7.3,530,16.1,
,,,,,,,SOLO,1782343104470,Wed Jun 24 2026 23:18:24 GMT+0000 (UTC),0,,,6,123.4,-19.3,528.9,16.2,
,,,,,,,SOLO,1782343166798,Wed Jun 24 2026 23:19:26 GMT+0000 (UTC),0,,,X,-52.8,-1.8,528.1,16.2,
,,,,,,,SOLO,1782343194282,Wed Jun 24 2026 23:19:54 GMT+0000 (UTC),0,,,6,-26.4,-89.8,526.4,16.2,
,,,,,,,SOLO,1782343219643,Wed Jun 24 2026 23:20:19 GMT+0000 (UTC),0,,,6,-8,-81.1,532.1,16.4,
,,,,,,,SOLO,1782343240910,Wed Jun 24 2026 23:20:40 GMT+0000 (UTC),0,,,X,46.2,-26.9,524.9,16.4,
,,,,,,,SOLO,1782343263056,Wed Jun 24 2026 23:21:03 GMT+0000 (UTC),0,,,X,-54.5,8.4,524.8,16.4,
### next string
Young L,E 5,AU-LR,2130,1722,0,0
,,,,,,,SOLO,1782343020576,Wed Jun 24 2026 23:17:00 GMT+0000 (UTC),0,,sighter,4,279.6,-195.4,527.5,16.1,
,,,,,,,SOLO,1782343051051,Wed Jun 24 2026 23:17:31 GMT+0000 (UTC),0,,sighter,5,220.3,39.2,526.6,16.1,
,,,,,,,SOLO,1782343070930,Wed Jun 24 2026 23:17:50 GMT+0000 (UTC),0,,,5,99.3,-115.9,523.6,16.1,
,,,,,,,SOLO,1782343086621,Wed Jun 24 2026 23:18:06 GMT+0000 (UTC),0,,,V,-34.4,41.1,533,16.2,
,,,,,,,SOLO,1782343099751,Wed Jun 24 2026 23:18:19 GMT+0000 (UTC),0,,,5,67.7,-112.9,523.7,16.2,
,,,,,,,SOLO,1782343111742,Wed Jun 24 2026 23:18:31 GMT+0000 (UTC),0,,,5,88.4,101.2,518.7,16.2,
,,,,,,,SOLO,1782343125135,Wed Jun 24 2026 23:18:45 GMT+0000 (UTC),0,,,V,-6.5,-30.1,522.1,16.1,
,,,,,,,SOLO,1782343138732,Wed Jun 24 2026 23:18:58 GMT+0000 (UTC),0,,,V,1.5,93.4,525.6,16.1,
,,,,,,,SOLO,1782343151385,Wed Jun 24 2026 23:19:11 GMT+0000 (UTC),0,,,V,-107.4,6.7,518.3,16.1,
,,,,,,,SOLO,1782343163148,Wed Jun 24 2026 23:19:23 GMT+0000 (UTC),0,,,V,-41.6,-59.5,521.9,16.3,
,,,,,,,SOLO,1782343175204,Wed Jun 24 2026 23:19:35 GMT+0000 (UTC),0,,,V,-102.6,-45.9,521.5,16.3,
,,,,,,,SOLO,1782343186032,Wed Jun 24 2026 23:19:46 GMT+0000 (UTC),0,,,V,-17.1,-4.1,534,16.3,
### next string
Haines t 64,E 1,AU-LR,2130,1725,0,0
,,,,,,,SOLO,1782342793389,Wed Jun 24 2026 23:13:13 GMT+0000 (UTC),0,,sighter,5,136.3,177.4,538.1,15.8,
,,,,,,,SOLO,1782342818261,Wed Jun 24 2026 23:13:38 GMT+0000 (UTC),0,,,6,-69.3,31.3,535.4,15.8,
,,,,,,,SOLO,1782342834509,Wed Jun 24 2026 23:13:54 GMT+0000 (UTC),0,,,6,55.4,86.4,541.4,15.8,
,,,,,,,SOLO,1782342849956,Wed Jun 24 2026 23:14:09 GMT+0000 (UTC),0,,,6,46,102.8,542.8,15.9,
,,,,,,,SOLO,1782342886276,Wed Jun 24 2026 23:14:46 GMT+0000 (UTC),0,,,5,-70.2,-125.8,533.3,15.9,
,,,,,,,SOLO,1782342903250,Wed Jun 24 2026 23:15:03 GMT+0000 (UTC),0,,,X,33.8,52.5,541.1,15.9,
,,,,,,,SOLO,1782342917389,Wed Jun 24 2026 23:15:17 GMT+0000 (UTC),0,,,X,-36.3,-24.3,539.1,15.9,
,,,,,,,SOLO,1782342930136,Wed Jun 24 2026 23:15:30 GMT+0000 (UTC),0,,,X,-45,-11.9,537.2,15.9,
,,,,,,,SOLO,1782342952069,Wed Jun 24 2026 23:15:52 GMT+0000 (UTC),0,,,X,-7.4,-45.7,542.3,15.9,
,,,,,,,SOLO,1782342963005,Wed Jun 24 2026 23:16:03 GMT+0000 (UTC),0,,,X,-32.1,-24.4,543.1,15.9,
,,,,,,,SOLO,1782342977321,Wed Jun 24 2026 23:16:17 GMT+0000 (UTC),0,,,X,38.3,-12,540.5,15.9,
### next string
Kelly m.,E 5,AU-LR,2130,1722,0,0
,,,,,,,SOLO,1782342758430,Wed Jun 24 2026 23:12:38 GMT+0000 (UTC),0,,,6,-12.3,-93.5,520.9,15.9,
,,,,,,,SOLO,1782342776997,Wed Jun 24 2026 23:12:56 GMT+0000 (UTC),0,,,6,-84.1,-15.4,535.4,15.9,
,,,,,,,SOLO,1782342790093,Wed Jun 24 2026 23:13:10 GMT+0000 (UTC),0,,,6,-10.2,-71.2,533,15.9,
,,,,,,,SOLO,1782342802152,Wed Jun 24 2026 23:13:22 GMT+0000 (UTC),0,,,X,-1,-14.8,536.5,16,
,,,,,,,SOLO,1782342822756,Wed Jun 24 2026 23:13:42 GMT+0000 (UTC),0,,,6,-82.5,-99.4,529.3,16,
,,,,,,,SOLO,1782342839160,Wed Jun 24 2026 23:13:59 GMT+0000 (UTC),0,,,6,-47.4,87,529.6,15.9,
,,,,,,,SOLO,1782342851143,Wed Jun 24 2026 23:14:11 GMT+0000 (UTC),0,,,5,-38.3,-133.3,531.9,15.9,
,,,,,,,SOLO,1782342865196,Wed Jun 24 2026 23:14:25 GMT+0000 (UTC),0,,,6,-93.1,84.3,539.8,16,
,,,,,,,SOLO,1782342877066,Wed Jun 24 2026 23:14:37 GMT+0000 (UTC),0,,,6,-121.3,-7.2,533.5,16,
,,,,,,,SOLO,1782342887260,Wed Jun 24 2026 23:14:47 GMT+0000 (UTC),0,,,6,-60.3,-33.7,531.6,16,
### next string
breeze.p,E 4,AU-LR,2127,1721,0,0
,,,,,,,SOLO,1782342634025,Wed Jun 24 2026 23:10:34 GMT+0000 (UTC),0,,,6,-53.7,-75.1,483.7,15.8,
,,,,,,,SOLO,1782342676548,Wed Jun 24 2026 23:11:16 GMT+0000 (UTC),0,,,6,-3.6,93,485.1,15.9,
,,,,,,,SOLO,1782342723377,Wed Jun 24 2026 23:12:03 GMT+0000 (UTC),0,,,5,165,-7.8,485.3,15.9,
,,,,,,,SOLO,1782342737863,Wed Jun 24 2026 23:12:17 GMT+0000 (UTC),0,,,6,89.4,12.9,492.9,15.9,
,,,,,,,SOLO,1782342754338,Wed Jun 24 2026 23:12:34 GMT+0000 (UTC),0,,,X,24.9,15.5,481.9,15.9,
,,,,,,,SOLO,1782342768414,Wed Jun 24 2026 23:12:48 GMT+0000 (UTC),0,,,X,53,-0.7,484.1,16,
,,,,,,,SOLO,1782342781737,Wed Jun 24 2026 23:13:01 GMT+0000 (UTC),0,,,X,15.2,-3.1,483.7,16,
,,,,,,,SOLO,1782342794739,Wed Jun 24 2026 23:13:14 GMT+0000 (UTC),0,,,6,99.8,18.1,485.5,16,
,,,,,,,SOLO,1782342805912,Wed Jun 24 2026 23:13:25 GMT+0000 (UTC),0,,,X,9.8,-17.1,498,16,
,,,,,,,SOLO,1782342817360,Wed Jun 24 2026 23:13:37 GMT+0000 (UTC),0,,,5,48.4,-128.8,487.2,16,
### next string
wilson r,E 3,AU-LR,2130,1720,0,0
,,,,,,,SOLO,1782342254066,Wed Jun 24 2026 23:04:14 GMT+0000 (UTC),0,,sighter,2,-593.1,153.4,482.7,15.7,
,,,,,,,SOLO,1782342308488,Wed Jun 24 2026 23:05:08 GMT+0000 (UTC),0,,sighter,3,455.6,-109.8,492.5,15.8,
,,,,,,,SOLO,1782342384442,Wed Jun 24 2026 23:06:24 GMT+0000 (UTC),0,,,V,19.9,-18.7,493.5,15.8,
,,,,,,,SOLO,1782342416472,Wed Jun 24 2026 23:06:56 GMT+0000 (UTC),0,,,5,97.9,-190.4,487.8,15.8,
,,,,,,,SOLO,1782342466536,Wed Jun 24 2026 23:07:46 GMT+0000 (UTC),0,,,V,-30.2,-5.5,488.5,15.8,
,,,,,,,SOLO,1782342499013,Wed Jun 24 2026 23:08:19 GMT+0000 (UTC),0,,,V,35.7,19.6,486.9,15.8,
,,,,,,,SOLO,1782342536770,Wed Jun 24 2026 23:08:56 GMT+0000 (UTC),0,,,V,75,-89.2,485.6,15.8,
,,,,,,,SOLO,1782342576062,Wed Jun 24 2026 23:09:36 GMT+0000 (UTC),0,,,V,37,32.3,493.8,15.8,
,,,,,,,SOLO,1782342607826,Wed Jun 24 2026 23:10:07 GMT+0000 (UTC),0,,,5,173.8,-56.1,491.1,15.8,
,,,,,,,SOLO,1782342639184,Wed Jun 24 2026 23:10:39 GMT+0000 (UTC),0,,,V,62.2,-1,493.8,15.9,
,,,,,,,SOLO,1782342719797,Wed Jun 24 2026 23:11:59 GMT+0000 (UTC),0,,,5,144.2,124.7,492,16,
,,,,,,,SOLO,1782342769275,Wed Jun 24 2026 23:12:49 GMT+0000 (UTC),0,,,V,119.9,-35.6,492.6,16,
### next string
Spencer p 29,E 1,AU-LR,2130,1725,0,0
,,,,,,,SOLO,1782342310372,Wed Jun 24 2026 23:05:10 GMT+0000 (UTC),0,,sighter,5,125.9,-101.3,478.6,15.5,
,,,,,,,SOLO,1782342338834,Wed Jun 24 2026 23:05:38 GMT+0000 (UTC),0,,sighter,4,313.6,33.8,491.9,15.5,
,,,,,,,SOLO,1782342372675,Wed Jun 24 2026 23:06:12 GMT+0000 (UTC),0,,,V,-67.3,-1.5,482.6,15.6,
,,,,,,,SOLO,1782342393305,Wed Jun 24 2026 23:06:33 GMT+0000 (UTC),0,,,5,45.4,146.8,489.6,15.6,
,,,,,,,SOLO,1782342415900,Wed Jun 24 2026 23:06:55 GMT+0000 (UTC),0,,,5,-248.6,70.3,497.7,15.7,
,,,,,,,SOLO,1782342489906,Wed Jun 24 2026 23:08:09 GMT+0000 (UTC),0,,,5,-73,109.9,492.3,15.7,
,,,,,,,SOLO,1782342515163,Wed Jun 24 2026 23:08:35 GMT+0000 (UTC),0,,,V,63.8,15.6,483,15.7,
,,,,,,,SOLO,1782342539543,Wed Jun 24 2026 23:08:59 GMT+0000 (UTC),0,,,5,157.6,-49.1,481.6,15.7,
,,,,,,,SOLO,1782342580074,Wed Jun 24 2026 23:09:40 GMT+0000 (UTC),0,,,V,12.9,-99.3,487.4,15.7,
,,,,,,,SOLO,1782342606078,Wed Jun 24 2026 23:10:06 GMT+0000 (UTC),0,,,V,-47.7,54.6,485.3,15.7,
,,,,,,,SOLO,1782342629704,Wed Jun 24 2026 23:10:29 GMT+0000 (UTC),0,,,V,-113.7,-55.8,486.6,15.8,
,,,,,,,SOLO,1782342655334,Wed Jun 24 2026 23:10:55 GMT+0000 (UTC),0,,,5,126.7,57,491.2,15.8,
### next string
Betts P,E 5,AU-LR,2130,1722,0,0
,,,,,,,SOLO,1782342196556,Wed Jun 24 2026 23:03:16 GMT+0000 (UTC),0,,sighter,V,43.6,-22,488.5,15.7,
,,,,,,,SOLO,1782342225241,Wed Jun 24 2026 23:03:45 GMT+0000 (UTC),0,,sighter,4,-289.6,35.8,493.9,15.7,
,,,,,,,SOLO,1782342278438,Wed Jun 24 2026 23:04:38 GMT+0000 (UTC),0,,,V,-17.9,-31.5,492.3,15.7,
,,,,,,,SOLO,1782342307107,Wed Jun 24 2026 23:05:07 GMT+0000 (UTC),0,,,5,217.2,-39.2,490.3,15.7,
,,,,,,,SOLO,1782342346856,Wed Jun 24 2026 23:05:46 GMT+0000 (UTC),0,,,V,-7,-20.6,492.6,15.8,
,,,,,,,SOLO,1782342386249,Wed Jun 24 2026 23:06:26 GMT+0000 (UTC),0,,,5,128.2,83.9,488.3,15.8,
,,,,,,,SOLO,1782342421059,Wed Jun 24 2026 23:07:01 GMT+0000 (UTC),0,,,V,48.4,-67.6,496.4,15.8,
,,,,,,,SOLO,1782342457632,Wed Jun 24 2026 23:07:37 GMT+0000 (UTC),0,,,5,132.3,-121.3,494.9,15.8,
,,,,,,,SOLO,1782342502126,Wed Jun 24 2026 23:08:22 GMT+0000 (UTC),0,,,5,149.7,16.3,494.5,15.8,
,,,,,,,SOLO,1782342535836,Wed Jun 24 2026 23:08:55 GMT+0000 (UTC),0,,,5,-144.5,-38.6,491.3,15.8,
,,,,,,,SOLO,1782342567333,Wed Jun 24 2026 23:09:27 GMT+0000 (UTC),0,,,5,34.5,-199.9,489.7,15.9,
,,,,,,,SOLO,1782342595551,Wed Jun 24 2026 23:09:55 GMT+0000 (UTC),0,,,V,69.8,80.3,489.2,15.9,
### next string
Pedersen 171,E 5,AU-600m,2130,1722,0,0
,,,,,,,SOLO,1782281897196,Wed Jun 24 2026 06:18:17 GMT+0000 (UTC),0,,,5,-83.8,-14.2,544.9,20.1,
,,,,,,,SOLO,1782281951598,Wed Jun 24 2026 06:19:11 GMT+0000 (UTC),0,,,V,70.8,42.5,546.3,20.1,
,,,,,,,SOLO,1782282006321,Wed Jun 24 2026 06:20:06 GMT+0000 (UTC),0,,,5,-84,-129.3,553.9,19.9,
,,,,,,,SOLO,1782282055047,Wed Jun 24 2026 06:20:55 GMT+0000 (UTC),0,,,V,-72.5,-40.7,538.4,19.9,
,,,,,,,SOLO,1782282082031,Wed Jun 24 2026 06:21:22 GMT+0000 (UTC),0,,,5,126.7,39.5,539.4,19.9,
,,,,,,,SOLO,1782282108199,Wed Jun 24 2026 06:21:48 GMT+0000 (UTC),0,,,5,-31.9,117.5,543.5,20,
,,,,,,,SOLO,1782282137449,Wed Jun 24 2026 06:22:17 GMT+0000 (UTC),0,,,V,33.7,-65.8,543.2,20,
,,,,,,,SOLO,1782282169120,Wed Jun 24 2026 06:22:49 GMT+0000 (UTC),0,,,5,80.5,-58.5,538.3,20,
,,,,,,,SOLO,1782282196063,Wed Jun 24 2026 06:23:16 GMT+0000 (UTC),0,,,5,40.2,101.3,550.2,19.9,
,,,,,,,SOLO,1782282219430,Wed Jun 24 2026 06:23:39 GMT+0000 (UTC),0,,,V,53.9,-10.5,540.8,19.9,
### next string
Anderson lee,E 6,AU-600m,2130,1720,0,0
,,,,,,,SOLO,1782281625443,Wed Jun 24 2026 06:13:45 GMT+0000 (UTC),0,,sighter,5,35.1,-94.9,505.8,20.2,
,,,,,,,SOLO,1782281677279,Wed Jun 24 2026 06:14:37 GMT+0000 (UTC),0,,sighter,V,30.9,-40.9,510.1,20.2,
,,,,,,,SOLO,1782281729338,Wed Jun 24 2026 06:15:29 GMT+0000 (UTC),0,,,5,-117.5,-22.4,505.7,20,
,,,,,,,SOLO,1782281842079,Wed Jun 24 2026 06:17:22 GMT+0000 (UTC),0,,,5,-53,87.5,508.3,19.9,
,,,,,,,SOLO,1782281888970,Wed Jun 24 2026 06:18:08 GMT+0000 (UTC),0,,,V,-9.7,-64,507.7,19.9,
,,,,,,,SOLO,1782281941917,Wed Jun 24 2026 06:19:01 GMT+0000 (UTC),0,,,5,100.5,-16.9,507,19.9,
,,,,,,,SOLO,1782281976000,Wed Jun 24 2026 06:19:36 GMT+0000 (UTC),0,,,4,201,-10.3,513.5,19.9,
,,,,,,,SOLO,1782282030442,Wed Jun 24 2026 06:20:30 GMT+0000 (UTC),0,,,5,48.4,-117.8,508,19.9,
,,,,,,,SOLO,1782282078285,Wed Jun 24 2026 06:21:18 GMT+0000 (UTC),0,,,5,93.7,-36.4,512.7,19.9,
,,,,,,,SOLO,1782282116770,Wed Jun 24 2026 06:21:56 GMT+0000 (UTC),0,,,4,131.8,-155.9,514,19.9,
### next string
Munasinghe N,E 4,AU-600m,2127,1721,0,0
,,,,,,,SOLO,1782281385122,Wed Jun 24 2026 06:09:45 GMT+0000 (UTC),0,,sighter,1,888.1,-57,515.3,20.5,
,,,,,,,SOLO,1782281489010,Wed Jun 24 2026 06:11:29 GMT+0000 (UTC),0,,sighter,3,-380.7,-67.3,519.5,20.5,
,,,,,,,SOLO,1782281557657,Wed Jun 24 2026 06:12:37 GMT+0000 (UTC),0,,,5,45.9,-101.2,523.8,20.4,
,,,,,,,SOLO,1782281608983,Wed Jun 24 2026 06:13:28 GMT+0000 (UTC),0,,,4,-66.5,-167.6,515.8,20.3,
,,,,,,,SOLO,1782281672031,Wed Jun 24 2026 06:14:32 GMT+0000 (UTC),0,,,4,-145.5,94,519.5,20.3,
,,,,,,,SOLO,1782281749741,Wed Jun 24 2026 06:15:49 GMT+0000 (UTC),0,,,V,-37.1,71,520,20.2,
,,,,,,,SOLO,1782281803062,Wed Jun 24 2026 06:16:43 GMT+0000 (UTC),0,,,5,-102.4,109.3,522,20.1,
,,,,,,,SOLO,1782281850067,Wed Jun 24 2026 06:17:30 GMT+0000 (UTC),0,,,5,129.3,25.8,517.3,20.1,
,,,,,,,SOLO,1782281902145,Wed Jun 24 2026 06:18:22 GMT+0000 (UTC),0,,,V,66.2,25,520.4,20,
,,,,,,,SOLO,1782281962343,Wed Jun 24 2026 06:19:22 GMT+0000 (UTC),0,,,4,178.4,-98.2,518.9,20,
,,,,,,,SOLO,1782282032461,Wed Jun 24 2026 06:20:32 GMT+0000 (UTC),0,,,V,43.5,36.9,515.8,19.9,
,,,,,,,SOLO,1782282083663,Wed Jun 24 2026 06:21:23 GMT+0000 (UTC),0,,,V,0.2,-17.3,524.1,19.9,
### next string
Sainsbury D,E 1,AU-600m,2130,1725,0,0
,,,,,,,SOLO,1782281334981,Wed Jun 24 2026 06:08:54 GMT+0000 (UTC),0,,,V,-71.8,-42.5,537.5,20.5,
,,,,,,,SOLO,1782281374696,Wed Jun 24 2026 06:09:34 GMT+0000 (UTC),0,,,V,-3,31.6,530.8,20.5,
,,,,,,,SOLO,1782281413398,Wed Jun 24 2026 06:10:13 GMT+0000 (UTC),0,,,V,-24.1,55.9,538.4,20.4,
,,,,,,,SOLO,1782281448521,Wed Jun 24 2026 06:10:48 GMT+0000 (UTC),0,,,V,3.8,55.2,532.6,20.4,
,,,,,,,SOLO,1782281481670,Wed Jun 24 2026 06:11:21 GMT+0000 (UTC),0,,,4,-184.2,20.8,540,20.4,
,,,,,,,SOLO,1782281586197,Wed Jun 24 2026 06:13:06 GMT+0000 (UTC),0,,,5,-94.9,26.5,531.4,20.2,
,,,,,,,SOLO,1782281626892,Wed Jun 24 2026 06:13:46 GMT+0000 (UTC),0,,,V,57.9,60.7,536,20.2,
,,,,,,,SOLO,1782281668864,Wed Jun 24 2026 06:14:28 GMT+0000 (UTC),0,,,V,44.8,-25,529.5,20.2,
,,,,,,,SOLO,1782281716797,Wed Jun 24 2026 06:15:16 GMT+0000 (UTC),0,,,V,-56.5,32.9,535.1,20.1,
,,,,,,,SOLO,1782281752581,Wed Jun 24 2026 06:15:52 GMT+0000 (UTC),0,,,4,-157.7,-94.6,533.3,20.1,
### next string
Watson m,E 5,AU-600m,2130,1722,0,0
,,,,,,,SOLO,1782281371902,Wed Jun 24 2026 06:09:31 GMT+0000 (UTC),0,,,6,79,-9.4,618.4,20.7,
,,,,,,,SOLO,1782281402320,Wed Jun 24 2026 06:10:02 GMT+0000 (UTC),0,,,X,29.2,-14.3,611.2,20.7,
,,,,,,,SOLO,1782281442372,Wed Jun 24 2026 06:10:42 GMT+0000 (UTC),0,,,X,36.6,-4.9,614.4,20.6,
,,,,,,,SOLO,1782281496212,Wed Jun 24 2026 06:11:36 GMT+0000 (UTC),0,,,X,-1.6,-41.9,614,20.6,
,,,,,,,SOLO,1782281516182,Wed Jun 24 2026 06:11:56 GMT+0000 (UTC),0,,,X,-10.1,-1.2,615.4,20.5,
,,,,,,,SOLO,1782281533313,Wed Jun 24 2026 06:12:13 GMT+0000 (UTC),0,,,X,-33.5,16.6,618.5,20.5,
,,,,,,,SOLO,1782281558153,Wed Jun 24 2026 06:12:38 GMT+0000 (UTC),0,,,X,-31.9,-29.6,612.4,20.5,
,,,,,,,SOLO,1782281579258,Wed Jun 24 2026 06:12:59 GMT+0000 (UTC),0,,,6,-50.2,-32.2,613.9,20.5,
,,,,,,,SOLO,1782281611419,Wed Jun 24 2026 06:13:31 GMT+0000 (UTC),0,,,4,-166.9,27.1,622,20.4,
,,,,,,,SOLO,1782281719861,Wed Jun 24 2026 06:15:19 GMT+0000 (UTC),0,,,X,-27.9,13.1,619.9,20.2,
### next string
breeze.p,E 2,AU-600m,2130,1721,0,0
,,,,,,,SOLO,1782281112236,Wed Jun 24 2026 06:05:12 GMT+0000 (UTC),0,,sighter,4,-278.5,90.3,540.2,20.6,
,,,,,,,SOLO,1782281182841,Wed Jun 24 2026 06:06:22 GMT+0000 (UTC),0,,sighter,4,199.4,81.3,545.6,20.6,
,,,,,,,SOLO,1782281268703,Wed Jun 24 2026 06:07:48 GMT+0000 (UTC),0,,,5,-44.4,-78.6,541.3,20.4,
,,,,,,,SOLO,1782281311112,Wed Jun 24 2026 06:08:31 GMT+0000 (UTC),0,,,6,-60.5,45.7,540.7,20.5,
,,,,,,,SOLO,1782281351315,Wed Jun 24 2026 06:09:11 GMT+0000 (UTC),0,,,6,29.7,-53.5,540.2,20.5,
,,,,,,,SOLO,1782281369063,Wed Jun 24 2026 06:09:29 GMT+0000 (UTC),0,,,6,-69.6,12.8,538.2,20.4,
,,,,,,,SOLO,1782281380859,Wed Jun 24 2026 06:09:40 GMT+0000 (UTC),0,,,X,-37.7,10.2,538.2,20.4,
,,,,,,,SOLO,1782281392782,Wed Jun 24 2026 06:09:52 GMT+0000 (UTC),0,,,6,66,20.5,538.8,20.4,
,,,,,,,SOLO,1782281404771,Wed Jun 24 2026 06:10:04 GMT+0000 (UTC),0,,,5,83.6,10.5,544.3,20.4,
,,,,,,,SOLO,1782281443928,Wed Jun 24 2026 06:10:43 GMT+0000 (UTC),0,,,6,-43.5,-10.4,539.1,20.4,
,,,,,,,SOLO,1782281477421,Wed Jun 24 2026 06:11:17 GMT+0000 (UTC),0,,,5,-62.2,71.4,538.1,20.4,
,,,,,,,SOLO,1782281527269,Wed Jun 24 2026 06:12:07 GMT+0000 (UTC),0,,,6,64.3,39.8,538.7,20.4,
### next string
warrian 77,E 5,AU-600m,2130,1722,0,0
,,,,,,,SOLO,1782280721960,Wed Jun 24 2026 05:58:41 GMT+0000 (UTC),0,,sighter,5,10.6,-87.9,605.9,21.2,
,,,,,,,SOLO,1782280777968,Wed Jun 24 2026 05:59:37 GMT+0000 (UTC),0,,,6,-42.2,12.1,606.3,21.3,
,,,,,,,SOLO,1782280833933,Wed Jun 24 2026 06:00:33 GMT+0000 (UTC),0,,,X,-6.8,32.5,608.6,21.3,
,,,,,,,SOLO,1782280865354,Wed Jun 24 2026 06:01:05 GMT+0000 (UTC),0,,,X,-7.8,0.6,606.9,21.1,
,,,,,,,SOLO,1782280914526,Wed Jun 24 2026 06:01:54 GMT+0000 (UTC),0,,,6,20.3,39.1,609.7,21.1,
,,,,,,,SOLO,1782280955837,Wed Jun 24 2026 06:02:35 GMT+0000 (UTC),0,,,5,-26.8,-92.7,605.3,21.1,
,,,,,,,SOLO,1782281019901,Wed Jun 24 2026 06:03:39 GMT+0000 (UTC),0,,,X,-2.4,-20.7,614.1,21.1,
,,,,,,,SOLO,1782281087348,Wed Jun 24 2026 06:04:47 GMT+0000 (UTC),0,,,X,29.2,15.9,609.8,21,
,,,,,,,SOLO,1782281121559,Wed Jun 24 2026 06:05:21 GMT+0000 (UTC),0,,,X,-25.3,28.9,609.9,21,
,,,,,,,SOLO,1782281185304,Wed Jun 24 2026 06:06:25 GMT+0000 (UTC),0,,,X,5.1,7.8,613.6,20.8,
,,,,,,,SOLO,1782281233567,Wed Jun 24 2026 06:07:13 GMT+0000 (UTC),0,,,6,61.4,7.9,606.9,20.7,
### next string
Young L,E 3,AU-600m,2130,1720,0,0
,,,,,,,SOLO,1782281096922,Wed Jun 24 2026 06:04:56 GMT+0000 (UTC),0,,,V,-54,-11.6,576.9,20.6,
,,,,,,,SOLO,1782281110510,Wed Jun 24 2026 06:05:10 GMT+0000 (UTC),0,,,5,-135.7,35,573.1,20.6,
,,,,,,,SOLO,1782281128871,Wed Jun 24 2026 06:05:28 GMT+0000 (UTC),0,,,5,123.2,39.5,575.2,20.6,
,,,,,,,SOLO,1782281150637,Wed Jun 24 2026 06:05:50 GMT+0000 (UTC),0,,,V,28,64,580.8,20.6,
,,,,,,,SOLO,1782281164982,Wed Jun 24 2026 06:06:04 GMT+0000 (UTC),0,,,V,19.9,9.9,584,20.5,
,,,,,,,SOLO,1782281179920,Wed Jun 24 2026 06:06:19 GMT+0000 (UTC),0,,,V,-0.8,4.3,579.5,20.5,
,,,,,,,SOLO,1782281195644,Wed Jun 24 2026 06:06:35 GMT+0000 (UTC),0,,,V,-8.3,11.3,580.7,20.5,
,,,,,,,SOLO,1782281207690,Wed Jun 24 2026 06:06:47 GMT+0000 (UTC),0,,,V,-36.5,23,581,20.5,
,,,,,,,SOLO,1782281218870,Wed Jun 24 2026 06:06:58 GMT+0000 (UTC),0,,,V,-4.7,70.6,582,20.5,
,,,,,,,SOLO,1782281230753,Wed Jun 24 2026 06:07:10 GMT+0000 (UTC),0,,,V,-39.5,70,576.3,20.5,
### next string
Tchachenko K,E 4,AU-600m,2127,1721,0,0
,,,,,,,SOLO,1782280722218,Wed Jun 24 2026 05:58:42 GMT+0000 (UTC),0,,,V,69.4,14.5,511.3,21.1,
,,,,,,,SOLO,1782280780552,Wed Jun 24 2026 05:59:40 GMT+0000 (UTC),0,,,5,-14.6,113.5,512.8,21.1,
,,,,,,,SOLO,1782280877318,Wed Jun 24 2026 06:01:17 GMT+0000 (UTC),0,,,5,-121.8,-93.7,508.9,21,
,,,,,,,SOLO,1782280910280,Wed Jun 24 2026 06:01:50 GMT+0000 (UTC),0,,,V,9.7,-1.2,515,21,
,,,,,,,SOLO,1782280954461,Wed Jun 24 2026 06:02:34 GMT+0000 (UTC),0,,,V,31.8,36.3,513.8,20.9,
,,,,,,,SOLO,1782281007323,Wed Jun 24 2026 06:03:27 GMT+0000 (UTC),0,,,5,-58.8,-77.6,506.1,20.9,
,,,,,,,SOLO,1782281055379,Wed Jun 24 2026 06:04:15 GMT+0000 (UTC),0,,,4,167.3,-79.2,505,20.8,
,,,,,,,SOLO,1782281102330,Wed Jun 24 2026 06:05:02 GMT+0000 (UTC),0,,,5,65.7,74,512.6,20.8,
,,,,,,,SOLO,1782281135550,Wed Jun 24 2026 06:05:35 GMT+0000 (UTC),0,,,4,144.5,-81.1,511.8,20.6,
,,,,,,,SOLO,1782281181296,Wed Jun 24 2026 06:06:21 GMT+0000 (UTC),0,,,V,71.5,12.7,511.5,20.6,
### next string
crowe G,E 1,AU-600m,2130,1725,0,0
,,,,,,,SOLO,1782280740450,Wed Jun 24 2026 05:59:00 GMT+0000 (UTC),0,,sighter,6,50.4,47.7,554.4,21,
,,,,,,,SOLO,1782280769424,Wed Jun 24 2026 05:59:29 GMT+0000 (UTC),0,,sighter,5,-84.4,-13.9,552.6,21,
,,,,,,,SOLO,1782280787465,Wed Jun 24 2026 05:59:47 GMT+0000 (UTC),0,,,5,-93.3,51.5,554.4,21,
,,,,,,,SOLO,1782280821417,Wed Jun 24 2026 06:00:21 GMT+0000 (UTC),0,,,5,124.5,8,554.2,21,
,,,,,,,SOLO,1782280850059,Wed Jun 24 2026 06:00:50 GMT+0000 (UTC),0,,,6,62.3,-40.2,554.9,21,
,,,,,,,SOLO,1782280880771,Wed Jun 24 2026 06:01:20 GMT+0000 (UTC),0,,,X,9.3,10.2,556,21,
,,,,,,,SOLO,1782280896747,Wed Jun 24 2026 06:01:36 GMT+0000 (UTC),0,,,6,51.3,-3.4,559.6,21,
,,,,,,,SOLO,1782280911183,Wed Jun 24 2026 06:01:51 GMT+0000 (UTC),0,,,X,-8.4,-40.3,550.7,20.8,
,,,,,,,SOLO,1782280923569,Wed Jun 24 2026 06:02:03 GMT+0000 (UTC),0,,,6,-78.3,26.5,555.5,20.8,
,,,,,,,SOLO,1782281079136,Wed Jun 24 2026 06:04:39 GMT+0000 (UTC),0,,,6,-44,42.1,564.7,20.9,
,,,,,,,SOLO,1782281101214,Wed Jun 24 2026 06:05:01 GMT+0000 (UTC),0,,,5,71.3,-53.6,556.1,20.6,
,,,,,,,SOLO,1782281127249,Wed Jun 24 2026 06:05:27 GMT+0000 (UTC),0,,,6,45.5,-14.6,555.9,20.6,
### next string
R Brown,E 6,AU-600m,2130,1720,0,0
,,,,,,,SOLO,1782280614581,Wed Jun 24 2026 05:56:54 GMT+0000 (UTC),0,,sighter,V,-9.2,22.9,640.5,21,
,,,,,,,SOLO,1782280654705,Wed Jun 24 2026 05:57:34 GMT+0000 (UTC),0,,sighter,5,111.5,52.2,639,21,
,,,,,,,SOLO,1782280701359,Wed Jun 24 2026 05:58:21 GMT+0000 (UTC),0,,,V,-15.3,18.9,639.4,21,
,,,,,,,SOLO,1782280739060,Wed Jun 24 2026 05:58:59 GMT+0000 (UTC),0,,,V,2.2,-8.9,633.7,20.9,
,,,,,,,SOLO,1782280755459,Wed Jun 24 2026 05:59:15 GMT+0000 (UTC),0,,,V,-52,-33.2,641,20.9,
,,,,,,,SOLO,1782280784773,Wed Jun 24 2026 05:59:44 GMT+0000 (UTC),0,,,V,39.2,14.9,645.7,20.9,
,,,,,,,SOLO,1782280807418,Wed Jun 24 2026 06:00:07 GMT+0000 (UTC),0,,,V,37.2,60.9,658.9,20.9,
,,,,,,,SOLO,1782280826182,Wed Jun 24 2026 06:00:26 GMT+0000 (UTC),0,,,5,84.1,-47.7,644.7,20.9,
,,,,,,,SOLO,1782280848114,Wed Jun 24 2026 06:00:48 GMT+0000 (UTC),0,,,V,81.5,13.8,640.7,20.9,
,,,,,,,SOLO,1782280869925,Wed Jun 24 2026 06:01:09 GMT+0000 (UTC),0,,,5,92,18.7,670.4,20.9,
,,,,,,,SOLO,1782280887802,Wed Jun 24 2026 06:01:27 GMT+0000 (UTC),0,,,V,-6.3,-49.4,644.6,20.9,
,,,,,,,SOLO,1782280913231,Wed Jun 24 2026 06:01:53 GMT+0000 (UTC),0,,,V,66.9,-2.8,638.4,20.9,
### next string
Zhu M,E 2,AU-600m,2130,1721,0,0
,,,,,,,SOLO,1782280366981,Wed Jun 24 2026 05:52:46 GMT+0000 (UTC),0,,sighter,3,-352,34.4,512.4,21,
,,,,,,,SOLO,1782280418004,Wed Jun 24 2026 05:53:38 GMT+0000 (UTC),0,,sighter,4,38.9,259.5,519,21,
,,,,,,,SOLO,1782280466359,Wed Jun 24 2026 05:54:26 GMT+0000 (UTC),0,,,4,-139.9,106.4,513.4,20.9,
,,,,,,,SOLO,1782280507499,Wed Jun 24 2026 05:55:07 GMT+0000 (UTC),0,,,5,-103.2,71.6,527.6,20.9,
,,,,,,,SOLO,1782280573987,Wed Jun 24 2026 05:56:13 GMT+0000 (UTC),0,,,4,202,-113.6,515.3,21,
,,,,,,,SOLO,1782280655718,Wed Jun 24 2026 05:57:35 GMT+0000 (UTC),0,,,5,-100.6,-18.3,513.8,20.9,
,,,,,,,SOLO,1782280703301,Wed Jun 24 2026 05:58:23 GMT+0000 (UTC),0,,,4,9.8,-205,508,21,
,,,,,,,SOLO,1782280779464,Wed Jun 24 2026 05:59:39 GMT+0000 (UTC),0,,,3,-338.9,58.5,512.9,21,
,,,,,,,SOLO,1782280826945,Wed Jun 24 2026 06:00:26 GMT+0000 (UTC),0,,,4,174.3,-229.6,504.5,21,
,,,,,,,SOLO,1782280894169,Wed Jun 24 2026 06:01:34 GMT+0000 (UTC),0,,,4,220.7,-97,519.1,20.8,
,,,,,,,SOLO,1782280935698,Wed Jun 24 2026 06:02:15 GMT+0000 (UTC),0,,,4,195.7,-121.8,515.3,20.8,
,,,,,,,SOLO,1782280984206,Wed Jun 24 2026 06:03:04 GMT+0000 (UTC),0,,,X,-24.1,7.3,518.8,20.8,
### next string
Marty 48,E 3,AU-600m,2130,1720,0,0
,,,,,,,SOLO,1782280559078,Wed Jun 24 2026 05:55:59 GMT+0000 (UTC),0,,sighter,5,90.3,16.8,579.2,21,
,,,,,,,SOLO,1782280597652,Wed Jun 24 2026 05:56:37 GMT+0000 (UTC),0,,sighter,4,169.4,50.9,582.2,21,
,,,,,,,SOLO,1782280813170,Wed Jun 24 2026 06:00:13 GMT+0000 (UTC),0,,,6,-38.6,-25.9,586.4,21,
,,,,,,,SOLO,1782280828976,Wed Jun 24 2026 06:00:28 GMT+0000 (UTC),0,,,6,19.3,45.6,579.8,21,
,,,,,,,SOLO,1782280840581,Wed Jun 24 2026 06:00:40 GMT+0000 (UTC),0,,,5,94,-58.6,581.8,21,
,,,,,,,SOLO,1782280852439,Wed Jun 24 2026 06:00:52 GMT+0000 (UTC),0,,,6,-76.3,23.1,586.3,21,
,,,,,,,SOLO,1782280867261,Wed Jun 24 2026 06:01:07 GMT+0000 (UTC),0,,,6,67.8,-16.5,582.4,21,
,,,,,,,SOLO,1782280879355,Wed Jun 24 2026 06:01:19 GMT+0000 (UTC),0,,,5,96.8,-23.8,583.5,20.9,
,,,,,,,SOLO,1782280891058,Wed Jun 24 2026 06:01:31 GMT+0000 (UTC),0,,,6,-66.2,35.4,579.2,20.9,
,,,,,,,SOLO,1782280906736,Wed Jun 24 2026 06:01:46 GMT+0000 (UTC),0,,,5,134.3,-31.2,585,20.9,
,,,,,,,SOLO,1782280919170,Wed Jun 24 2026 06:01:59 GMT+0000 (UTC),0,,,X,22.3,28.1,585.8,20.9,
,,,,,,,SOLO,1782280931470,Wed Jun 24 2026 06:02:11 GMT+0000 (UTC),0,,,5,-148.9,-9.9,582.1,20.9,
### next string
sharp m,E 1,AU-600m,2130,1725,0,0
,,,,,,,SOLO,1782280327578,Wed Jun 24 2026 05:52:07 GMT+0000 (UTC),0,,,X,4.7,20.5,608.1,21,
,,,,,,,SOLO,1782280346512,Wed Jun 24 2026 05:52:26 GMT+0000 (UTC),0,,,6,40.3,52.3,616.2,21,
,,,,,,,SOLO,1782280370030,Wed Jun 24 2026 05:52:50 GMT+0000 (UTC),0,,,6,-12.4,76.6,617.1,21,
,,,,,,,SOLO,1782280397296,Wed Jun 24 2026 05:53:17 GMT+0000 (UTC),0,,,5,-12.2,92.2,621.7,21,
,,,,,,,SOLO,1782280451174,Wed Jun 24 2026 05:54:11 GMT+0000 (UTC),0,,,X,0.9,9.9,611.3,21,
,,,,,,,SOLO,1782280474471,Wed Jun 24 2026 05:54:34 GMT+0000 (UTC),0,,,6,-33.3,-42,612.9,21,
,,,,,,,SOLO,1782280517927,Wed Jun 24 2026 05:55:17 GMT+0000 (UTC),0,,,6,44.6,-36.8,610,20.9,
,,,,,,,SOLO,1782280571026,Wed Jun 24 2026 05:56:11 GMT+0000 (UTC),0,,,X,27.4,-10.1,612.4,20.9,
,,,,,,,SOLO,1782280608599,Wed Jun 24 2026 05:56:48 GMT+0000 (UTC),0,,,X,-29,12,610.7,20.9,
,,,,,,,SOLO,1782280642003,Wed Jun 24 2026 05:57:22 GMT+0000 (UTC),0,,,X,35.1,15.8,612.7,21,
### next string
d Phipps 7,E 5,AU-600m,2130,1722,0,0
,,,,,,,SOLO,1782280292715,Wed Jun 24 2026 05:51:32 GMT+0000 (UTC),0,,,6,-68.2,11.4,538.5,21.4,
,,,,,,,SOLO,1782280316694,Wed Jun 24 2026 05:51:56 GMT+0000 (UTC),0,,,X,-36.7,17.2,544.3,21.4,
,,,,,,,SOLO,1782280340045,Wed Jun 24 2026 05:52:20 GMT+0000 (UTC),0,,,5,114.3,29,541.7,21.4,
,,,,,,,SOLO,1782280386679,Wed Jun 24 2026 05:53:06 GMT+0000 (UTC),0,,,X,10.8,41.5,548.6,21.3,
,,,,,,,SOLO,1782280415612,Wed Jun 24 2026 05:53:35 GMT+0000 (UTC),0,,,X,-0.8,15.4,545.1,21.3,
,,,,,,,SOLO,1782280432333,Wed Jun 24 2026 05:53:52 GMT+0000 (UTC),0,,,X,25,25,542.8,21.3,
,,,,,,,SOLO,1782280449091,Wed Jun 24 2026 05:54:09 GMT+0000 (UTC),0,,,X,35.4,20.6,544,21.3,
,,,,,,,SOLO,1782280468528,Wed Jun 24 2026 05:54:28 GMT+0000 (UTC),0,,,X,41.4,13.1,542.5,21.2,
,,,,,,,SOLO,1782280486930,Wed Jun 24 2026 05:54:46 GMT+0000 (UTC),0,,,6,-37.1,-42.4,538.7,21.2,
,,,,,,,SOLO,1782280510741,Wed Jun 24 2026 05:55:10 GMT+0000 (UTC),0,,,5,57.2,68.4,546.3,21.2,
### next string
Willis 139,E 6,AU-600m,2130,1720,0,0
,,,,,,,SOLO,1782280248688,Wed Jun 24 2026 05:50:48 GMT+0000 (UTC),0,,sighter,5,8.7,88.8,603.9,21.2,
,,,,,,,SOLO,1782280280024,Wed Jun 24 2026 05:51:20 GMT+0000 (UTC),0,,sighter,5,84.2,-30.6,615.8,21.2,
,,,,,,,SOLO,1782280305279,Wed Jun 24 2026 05:51:45 GMT+0000 (UTC),0,,,X,19.8,25.6,605.3,21.2,
,,,,,,,SOLO,1782280313871,Wed Jun 24 2026 05:51:53 GMT+0000 (UTC),0,,,X,24.2,5.9,612.5,21.2,
,,,,,,,SOLO,1782280323324,Wed Jun 24 2026 05:52:03 GMT+0000 (UTC),0,,,6,21,65.2,614.7,21.2,
,,,,,,,SOLO,1782280332809,Wed Jun 24 2026 05:52:12 GMT+0000 (UTC),0,,,6,50.5,-27.5,605,21.2,
,,,,,,,SOLO,1782280348865,Wed Jun 24 2026 05:52:28 GMT+0000 (UTC),0,,,X,26.8,-5.3,603.9,21.2,
,,,,,,,SOLO,1782280367604,Wed Jun 24 2026 05:52:47 GMT+0000 (UTC),0,,,X,-13.1,-1,607.2,21,
,,,,,,,SOLO,1782280377738,Wed Jun 24 2026 05:52:57 GMT+0000 (UTC),0,,,6,57.3,-50.8,609,21,
,,,,,,,SOLO,1782280395892,Wed Jun 24 2026 05:53:15 GMT+0000 (UTC),0,,,X,8.6,-13.4,607,21,
,,,,,,,SOLO,1782280406165,Wed Jun 24 2026 05:53:26 GMT+0000 (UTC),0,,,X,22.6,-33.3,609.2,21,
,,,,,,,SOLO,1782280422945,Wed Jun 24 2026 05:53:42 GMT+0000 (UTC),0,,,6,59,-21.9,609,21,
### next string
Betts P,E 3,AU-600m,2130,1720,0,0
,,,,,,,SOLO,1782279958336,Wed Jun 24 2026 05:45:58 GMT+0000 (UTC),0,,sighter,4,-86.2,-179.9,546.4,20.9,
,,,,,,,SOLO,1782280002680,Wed Jun 24 2026 05:46:42 GMT+0000 (UTC),0,,,V,-4.6,-80.9,560.4,20.9,
,,,,,,,SOLO,1782280043256,Wed Jun 24 2026 05:47:23 GMT+0000 (UTC),0,,,4,-21.1,-221.3,560.7,21.1,
,,,,,,,SOLO,1782280080097,Wed Jun 24 2026 05:48:00 GMT+0000 (UTC),0,,,5,-70.5,-120.6,555.7,21.1,
,,,,,,,SOLO,1782280127639,Wed Jun 24 2026 05:48:47 GMT+0000 (UTC),0,,,5,78.4,-103.4,553.2,21.1,
,,,,,,,SOLO,1782280163495,Wed Jun 24 2026 05:49:23 GMT+0000 (UTC),0,,,5,-11.1,93.9,553.9,21.1,
,,,,,,,SOLO,1782280203945,Wed Jun 24 2026 05:50:03 GMT+0000 (UTC),0,,,5,-91.7,-26,550.5,21.1,
,,,,,,,SOLO,1782280233833,Wed Jun 24 2026 05:50:33 GMT+0000 (UTC),0,,,4,169.3,-18.5,551,21.1,
,,,,,,,SOLO,1782280274117,Wed Jun 24 2026 05:51:14 GMT+0000 (UTC),0,,,3,-65,345.8,560,21.1,
,,,,,,,SOLO,1782280306014,Wed Jun 24 2026 05:51:46 GMT+0000 (UTC),0,,,5,83.8,28.4,551.6,21.1,
,,,,,,,SOLO,1782280337745,Wed Jun 24 2026 05:52:17 GMT+0000 (UTC),0,,,4,149.4,129.1,553.3,21.1,
### next string
Wong J,E 2,AU-600m,2130,1721,0,0
,,,,,,,SOLO,1782279772919,Wed Jun 24 2026 05:42:52 GMT+0000 (UTC),0,,,5,121,27.9,515.2,20.9,
,,,,,,,SOLO,1782279821104,Wed Jun 24 2026 05:43:41 GMT+0000 (UTC),0,,,V,-17.2,2.6,515,20.9,
,,,,,,,SOLO,1782279876172,Wed Jun 24 2026 05:44:36 GMT+0000 (UTC),0,,,4,238.2,11.5,506.8,20.9,
,,,,,,,SOLO,1782279929963,Wed Jun 24 2026 05:45:29 GMT+0000 (UTC),0,,,5,75.1,-116.2,508.8,20.9,
,,,,,,,SOLO,1782279976939,Wed Jun 24 2026 05:46:16 GMT+0000 (UTC),0,,,5,61.2,-145,516.2,20.9,
,,,,,,,SOLO,1782280007595,Wed Jun 24 2026 05:46:47 GMT+0000 (UTC),0,,,5,88.9,47.9,509.4,20.9,
,,,,,,,SOLO,1782280040031,Wed Jun 24 2026 05:47:20 GMT+0000 (UTC),0,,,5,115.9,115.6,513.8,20.9,
,,,,,,,SOLO,1782280097307,Wed Jun 24 2026 05:48:17 GMT+0000 (UTC),0,,,4,223.7,-85.9,510.1,21,
,,,,,,,SOLO,1782280165985,Wed Jun 24 2026 05:49:25 GMT+0000 (UTC),0,,,3,-285.4,237.3,512.8,21,
,,,,,,,SOLO,1782280233503,Wed Jun 24 2026 05:50:33 GMT+0000 (UTC),0,,,5,68.6,-140.6,506.1,21.1,
### next string
Pedrana 181,E 5,AU-600m,2130,1722,0,0
,,,,,,,SOLO,1782279852116,Wed Jun 24 2026 05:44:12 GMT+0000 (UTC),0,,sighter,6,-66.3,13,549.4,21.2,
,,,,,,,SOLO,1782279881050,Wed Jun 24 2026 05:44:41 GMT+0000 (UTC),0,,sighter,5,-83.2,41.4,555.2,21.2,
,,,,,,,SOLO,1782279923030,Wed Jun 24 2026 05:45:23 GMT+0000 (UTC),0,,,6,65,22.4,550,21.2,
,,,,,,,SOLO,1782279950253,Wed Jun 24 2026 05:45:50 GMT+0000 (UTC),0,,,6,26.8,63.7,554.6,21.2,
,,,,,,,SOLO,1782279969294,Wed Jun 24 2026 05:46:09 GMT+0000 (UTC),0,,,5,-129,62.2,548.2,21.2,
,,,,,,,SOLO,1782280004341,Wed Jun 24 2026 05:46:44 GMT+0000 (UTC),0,,,X,16.7,9.8,545,21.3,
,,,,,,,SOLO,1782280021486,Wed Jun 24 2026 05:47:01 GMT+0000 (UTC),0,,,5,101.4,-5.5,552.8,21.3,
,,,,,,,SOLO,1782280059410,Wed Jun 24 2026 05:47:39 GMT+0000 (UTC),0,,,5,-59.6,72,545.4,21.3,
,,,,,,,SOLO,1782280081400,Wed Jun 24 2026 05:48:01 GMT+0000 (UTC),0,,,6,-54.3,-35.2,545.2,21.3,
,,,,,,,SOLO,1782280108801,Wed Jun 24 2026 05:48:28 GMT+0000 (UTC),0,,,X,4.5,-16.1,547.9,21.4,
,,,,,,,SOLO,1782280136973,Wed Jun 24 2026 05:48:56 GMT+0000 (UTC),0,,,5,-44.3,85.4,552.7,21.4,
,,,,,,,SOLO,1782280162709,Wed Jun 24 2026 05:49:22 GMT+0000 (UTC),0,,,4,167.6,-32,551.7,21.4,
### next string
hoskinson j,E 1,AU-600m,2130,1725,0,0
,,,,,,,SOLO,1782279779786,Wed Jun 24 2026 05:42:59 GMT+0000 (UTC),0,,,6,-51.2,24.6,575.4,20.9,
,,,,,,,SOLO,1782279834850,Wed Jun 24 2026 05:43:54 GMT+0000 (UTC),0,,,X,-11.7,-9.2,576.4,20.9,
,,,,,,,SOLO,1782279871499,Wed Jun 24 2026 05:44:31 GMT+0000 (UTC),0,,,5,-64.9,-77.2,574.2,20.9,
,,,,,,,SOLO,1782279923470,Wed Jun 24 2026 05:45:23 GMT+0000 (UTC),0,,,X,-20.3,-16.4,583.8,20.9,
,,,,,,,SOLO,1782279947745,Wed Jun 24 2026 05:45:47 GMT+0000 (UTC),0,,,6,63.8,-15.7,573.7,21,
,,,,,,,SOLO,1782279965734,Wed Jun 24 2026 05:46:05 GMT+0000 (UTC),0,,,6,-43.1,-8.6,572.5,21,
,,,,,,,SOLO,1782280018426,Wed Jun 24 2026 05:46:58 GMT+0000 (UTC),0,,,6,-1.9,74.3,578.3,21,
,,,,,,,SOLO,1782280056205,Wed Jun 24 2026 05:47:36 GMT+0000 (UTC),0,,,X,-11.2,-3.2,569.8,21,
,,,,,,,SOLO,1782280080321,Wed Jun 24 2026 05:48:00 GMT+0000 (UTC),0,,,6,54.9,-19.2,575.7,21,
,,,,,,,SOLO,1782280169895,Wed Jun 24 2026 05:49:29 GMT+0000 (UTC),0,,,6,-52.2,-37.2,570.4,21.1,
### next string
garlic 121,E 6,AU-600m,2130,1720,0,0
,,,,,,,SOLO,1782279912841,Wed Jun 24 2026 05:45:12 GMT+0000 (UTC),0,,,X,7.7,-32.9,538.9,21,
,,,,,,,SOLO,1782279926858,Wed Jun 24 2026 05:45:26 GMT+0000 (UTC),0,,,6,55.8,10.4,542.3,21,
,,,,,,,SOLO,1782279938781,Wed Jun 24 2026 05:45:38 GMT+0000 (UTC),0,,,X,-30.7,-5,536.7,21,
,,,,,,,SOLO,1782279948540,Wed Jun 24 2026 05:45:48 GMT+0000 (UTC),0,,,6,47.7,20.2,541.3,21,
,,,,,,,SOLO,1782279958066,Wed Jun 24 2026 05:45:58 GMT+0000 (UTC),0,,,5,61.3,76.6,544.4,21,
,,,,,,,SOLO,1782279968084,Wed Jun 24 2026 05:46:08 GMT+0000 (UTC),0,,,5,85.6,0.5,545,21,
,,,,,,,SOLO,1782279978793,Wed Jun 24 2026 05:46:18 GMT+0000 (UTC),0,,,5,110.3,-32.9,542.7,21,
,,,,,,,SOLO,1782279991257,Wed Jun 24 2026 05:46:31 GMT+0000 (UTC),0,,,6,54,-45.4,539,21.1,
,,,,,,,SOLO,1782280002979,Wed Jun 24 2026 05:46:42 GMT+0000 (UTC),0,,,X,21.1,-4.7,543,21.1,
,,,,,,,SOLO,1782280012305,Wed Jun 24 2026 05:46:52 GMT+0000 (UTC),0,,,X,25.9,-15.2,544.2,21.1,
### next string
peters_john,E 6,AU-600m,2130,1720,0,0
,,,,,,,SOLO,1782279565084,Wed Jun 24 2026 05:39:25 GMT+0000 (UTC),0,,sighter,6,56.6,-53.7,624.1,20.8,
,,,,,,,SOLO,1782279589304,Wed Jun 24 2026 05:39:49 GMT+0000 (UTC),0,,sighter,X,8.2,38.8,625.8,20.8,
,,,,,,,SOLO,1782279600788,Wed Jun 24 2026 05:40:00 GMT+0000 (UTC),0,,,X,9.1,36.1,624.3,20.8,
,,,,,,,SOLO,1782279612323,Wed Jun 24 2026 05:40:12 GMT+0000 (UTC),0,,,X,-14.3,-8.5,624.8,20.8,
,,,,,,,SOLO,1782279627400,Wed Jun 24 2026 05:40:27 GMT+0000 (UTC),0,,,6,-49.2,24.3,623.5,20.8,
,,,,,,,SOLO,1782279638253,Wed Jun 24 2026 05:40:38 GMT+0000 (UTC),0,,,6,-41.2,20.1,634,20.8,
,,,,,,,SOLO,1782279649375,Wed Jun 24 2026 05:40:49 GMT+0000 (UTC),0,,,6,20.8,41,622.1,20.8,
,,,,,,,SOLO,1782279663578,Wed Jun 24 2026 05:41:03 GMT+0000 (UTC),0,,,X,-31.9,-4.2,617.5,20.8,
,,,,,,,SOLO,1782279675796,Wed Jun 24 2026 05:41:15 GMT+0000 (UTC),0,,,6,30.9,33.5,629.4,20.8,
,,,,,,,SOLO,1782279699863,Wed Jun 24 2026 05:41:39 GMT+0000 (UTC),0,,,6,64,21.5,636.3,20.8,
### next string
Singh A,E 3,AU-600m,2130,1720,0,0
,,,,,,,SOLO,1782279096923,Wed Jun 24 2026 05:31:36 GMT+0000 (UTC),0,,sighter,1,-883.4,-37.6,503.8,20.1,
,,,,,,,SOLO,1782279173996,Wed Jun 24 2026 05:32:53 GMT+0000 (UTC),0,,sighter,4,-261.8,-130.9,509.7,20.1,
,,,,,,,SOLO,1782279322345,Wed Jun 24 2026 05:35:22 GMT+0000 (UTC),0,,,V,31.1,1.7,514.3,20.3,
,,,,,,,SOLO,1782279398335,Wed Jun 24 2026 05:36:38 GMT+0000 (UTC),0,,,V,35.8,-33.1,511.1,20.4,
,,,,,,,SOLO,1782279437368,Wed Jun 24 2026 05:37:17 GMT+0000 (UTC),0,,,5,-88.5,-20.7,514.1,20.4,
,,,,,,,SOLO,1782279493070,Wed Jun 24 2026 05:38:13 GMT+0000 (UTC),0,,,V,68.8,10.7,509.2,20.5,
,,,,,,,SOLO,1782279544063,Wed Jun 24 2026 05:39:04 GMT+0000 (UTC),0,,,4,214,21.9,508.4,20.5,
,,,,,,,SOLO,1782279584811,Wed Jun 24 2026 05:39:44 GMT+0000 (UTC),0,,,4,-160.9,-101.2,510.9,20.7,
,,,,,,,SOLO,1782279660745,Wed Jun 24 2026 05:41:00 GMT+0000 (UTC),0,,,3,-433.8,-107.8,504.3,20.9,
,,,,,,,SOLO,1782279728701,Wed Jun 24 2026 05:42:08 GMT+0000 (UTC),0,,,4,-139.6,120.9,515.6,20.9,
,,,,,,,SOLO,1782279771195,Wed Jun 24 2026 05:42:51 GMT+0000 (UTC),0,,,4,190.8,69.2,522.9,20.9,
,,,,,,,SOLO,1782279808267,Wed Jun 24 2026 05:43:28 GMT+0000 (UTC),0,,,5,114.4,75.9,518.5,20.9,
### next string
M Johansen 138,E 5,AU-600m,2130,1722,0,0
,,,,,,,SOLO,1782279329339,Wed Jun 24 2026 05:35:29 GMT+0000 (UTC),0,,,5,-99.2,-52.4,534.5,20.5,
,,,,,,,SOLO,1782279365270,Wed Jun 24 2026 05:36:05 GMT+0000 (UTC),0,,,5,100.4,18.9,536.5,20.6,
,,,,,,,SOLO,1782279406902,Wed Jun 24 2026 05:36:46 GMT+0000 (UTC),0,,,5,112.2,13.5,526.5,20.6,
,,,,,,,SOLO,1782279449224,Wed Jun 24 2026 05:37:29 GMT+0000 (UTC),0,,,4,191.6,-93,530.6,20.8,
,,,,,,,SOLO,1782279524418,Wed Jun 24 2026 05:38:44 GMT+0000 (UTC),0,,,5,-85.9,81.5,545.6,20.9,
,,,,,,,SOLO,1782279566279,Wed Jun 24 2026 05:39:26 GMT+0000 (UTC),0,,,5,-79.3,69.4,545.8,20.9,
,,,,,,,SOLO,1782279603209,Wed Jun 24 2026 05:40:03 GMT+0000 (UTC),0,,,4,131.6,-177.5,537.5,20.9,
,,,,,,,SOLO,1782279665554,Wed Jun 24 2026 05:41:05 GMT+0000 (UTC),0,,,5,130.4,-7.8,548.3,21.1,
,,,,,,,SOLO,1782279708455,Wed Jun 24 2026 05:41:48 GMT+0000 (UTC),0,,,5,-110.8,30.9,547.4,21.1,
,,,,,,,SOLO,1782279755231,Wed Jun 24 2026 05:42:35 GMT+0000 (UTC),0,,,V,24,-9,541.9,21.1,
### next string
Ryder M,E 2,AU-600m,2130,1721,0,0
,,,,,,,SOLO,1782279113007,Wed Jun 24 2026 05:31:53 GMT+0000 (UTC),0,,,5,-79.4,-77.3,519.4,20,
,,,,,,,SOLO,1782279190628,Wed Jun 24 2026 05:33:10 GMT+0000 (UTC),0,,,V,22.6,-2.4,511.5,20.1,
,,,,,,,SOLO,1782279251043,Wed Jun 24 2026 05:34:11 GMT+0000 (UTC),0,,,5,-85.5,-6.2,507.5,20.3,
,,,,,,,SOLO,1782279311684,Wed Jun 24 2026 05:35:11 GMT+0000 (UTC),0,,,5,-76.9,-133.6,511.7,20.3,
,,,,,,,SOLO,1782279373747,Wed Jun 24 2026 05:36:13 GMT+0000 (UTC),0,,,5,-83,-93.4,512.3,20.3,
,,,,,,,SOLO,1782279427916,Wed Jun 24 2026 05:37:07 GMT+0000 (UTC),0,,,5,97.2,59.9,517.2,20.5,
,,,,,,,SOLO,1782279473847,Wed Jun 24 2026 05:37:53 GMT+0000 (UTC),0,,,5,27.3,-88.3,511.7,20.5,
,,,,,,,SOLO,1782279512121,Wed Jun 24 2026 05:38:32 GMT+0000 (UTC),0,,,V,43.3,-5.6,519.5,20.6,
,,,,,,,SOLO,1782279548965,Wed Jun 24 2026 05:39:08 GMT+0000 (UTC),0,,,V,-30.6,66.5,520.9,20.6,
,,,,,,,SOLO,1782279587819,Wed Jun 24 2026 05:39:47 GMT+0000 (UTC),0,,,V,-36.5,-18.2,509.3,20.7,
### next string
Wilson R,E 1,AU-600m,2130,1725,0,0
,,,,,,,SOLO,1782279154756,Wed Jun 24 2026 05:32:34 GMT+0000 (UTC),0,,,5,41.6,152.1,559.5,20.1,
,,,,,,,SOLO,1782279199592,Wed Jun 24 2026 05:33:19 GMT+0000 (UTC),0,,,5,105.3,40.9,554.7,20.3,
,,,,,,,SOLO,1782279260320,Wed Jun 24 2026 05:34:20 GMT+0000 (UTC),0,,,5,70.7,68.2,554.2,20.3,
,,,,,,,SOLO,1782279319960,Wed Jun 24 2026 05:35:19 GMT+0000 (UTC),0,,,5,65.9,131.5,561.9,20.3,
,,,,,,,SOLO,1782279363763,Wed Jun 24 2026 05:36:03 GMT+0000 (UTC),0,,,4,138.9,-168.3,559.8,20.3,
,,,,,,,SOLO,1782279399717,Wed Jun 24 2026 05:36:39 GMT+0000 (UTC),0,,,V,12.2,-18.9,555.7,20.5,
,,,,,,,SOLO,1782279427559,Wed Jun 24 2026 05:37:07 GMT+0000 (UTC),0,,,5,95.3,-89.4,549.2,20.5,
,,,,,,,SOLO,1782279461469,Wed Jun 24 2026 05:37:41 GMT+0000 (UTC),0,,,5,47.5,90.9,558.9,20.5,
,,,,,,,SOLO,1782279520421,Wed Jun 24 2026 05:38:40 GMT+0000 (UTC),0,,,5,113.2,-18,551.4,20.6,
,,,,,,,SOLO,1782279581685,Wed Jun 24 2026 05:39:41 GMT+0000 (UTC),0,,,5,84.5,-25.5,551.5,20.9,
### next string
Magill 159,E 6,AU-600m,2130,1720,0,0
,,,,,,,SOLO,1782278817630,Wed Jun 24 2026 05:26:57 GMT+0000 (UTC),0,,sighter,6,-13.7,-58.4,567.2,20.1,
,,,,,,,SOLO,1782278908645,Wed Jun 24 2026 05:28:28 GMT+0000 (UTC),0,,sighter,5,-116.4,-4,572.8,20,
,,,,,,,SOLO,1782278931287,Wed Jun 24 2026 05:28:51 GMT+0000 (UTC),0,,,6,-45.7,45.7,583.2,20,
,,,,,,,SOLO,1782278952593,Wed Jun 24 2026 05:29:12 GMT+0000 (UTC),0,,,X,-3.5,-21.2,569,20,
,,,,,,,SOLO,1782278972404,Wed Jun 24 2026 05:29:32 GMT+0000 (UTC),0,,,X,19.2,33.6,571.7,19.9,
,,,,,,,SOLO,1782278989473,Wed Jun 24 2026 05:29:49 GMT+0000 (UTC),0,,,X,24.8,-6.8,568.9,19.9,
,,,,,,,SOLO,1782279100380,Wed Jun 24 2026 05:31:40 GMT+0000 (UTC),0,,,X,23.1,-21.1,569.1,20.1,
,,,,,,,SOLO,1782279133457,Wed Jun 24 2026 05:32:13 GMT+0000 (UTC),0,,,X,-14.1,-18.9,567.4,20.1,
,,,,,,,SOLO,1782279152503,Wed Jun 24 2026 05:32:32 GMT+0000 (UTC),0,,,6,35.4,-67.6,572.8,20.2,
,,,,,,,SOLO,1782279274394,Wed Jun 24 2026 05:34:34 GMT+0000 (UTC),0,,,X,-33.6,-16.4,568.4,20.3,
,,,,,,,SOLO,1782279287578,Wed Jun 24 2026 05:34:47 GMT+0000 (UTC),0,,,X,-26.6,24.7,580.1,20.3,
,,,,,,,SOLO,1782279412480,Wed Jun 24 2026 05:36:52 GMT+0000 (UTC),0,,,6,50.3,64.4,573.7,20.4,
### next string
thurtell 115,E 5,AU-600m,2130,1722,0,0
,,,,,,,SOLO,1782278845557,Wed Jun 24 2026 05:27:25 GMT+0000 (UTC),0,,,V,-41.8,3.8,544.6,20.2,
,,,,,,,SOLO,1782278912784,Wed Jun 24 2026 05:28:32 GMT+0000 (UTC),0,,,5,-132.2,-2.2,544.3,20.1,
,,,,,,,SOLO,1782278960145,Wed Jun 24 2026 05:29:20 GMT+0000 (UTC),0,,,5,-85.5,46.3,542.3,20.1,
,,,,,,,SOLO,1782278988323,Wed Jun 24 2026 05:29:48 GMT+0000 (UTC),0,,,5,76.9,-132.8,541.9,20.1,
,,,,,,,SOLO,1782279021481,Wed Jun 24 2026 05:30:21 GMT+0000 (UTC),0,,,V,18.1,60.9,556,20.1,
,,,,,,,SOLO,1782279054633,Wed Jun 24 2026 05:30:54 GMT+0000 (UTC),0,,,5,-66.8,-91,551.1,20.3,
,,,,,,,SOLO,1782279084000,Wed Jun 24 2026 05:31:24 GMT+0000 (UTC),0,,,V,-16.1,-50.7,547,20.3,
,,,,,,,SOLO,1782279114831,Wed Jun 24 2026 05:31:54 GMT+0000 (UTC),0,,,5,69.5,-104.9,538.5,20.3,
,,,,,,,SOLO,1782279170158,Wed Jun 24 2026 05:32:50 GMT+0000 (UTC),0,,,V,56.5,51.6,539.7,20.4,
,,,,,,,SOLO,1782279196853,Wed Jun 24 2026 05:33:16 GMT+0000 (UTC),0,,,5,122.6,-19.1,542.9,20.4,
### next string
Kothari; O,E 2,AU-600m,2130,1721,0,0
,,,,,,,SOLO,1782278502246,Wed Jun 24 2026 05:21:42 GMT+0000 (UTC),0,,,5,39.1,-99.3,517.4,20.6,
,,,,,,,SOLO,1782278574621,Wed Jun 24 2026 05:22:54 GMT+0000 (UTC),0,,,5,95.2,-40.7,519.3,20.4,
,,,,,,,SOLO,1782278619849,Wed Jun 24 2026 05:23:39 GMT+0000 (UTC),0,,,5,87.9,-93.6,515.5,20.5,
,,,,,,,SOLO,1782278692355,Wed Jun 24 2026 05:24:52 GMT+0000 (UTC),0,,,5,-26.9,-123.1,514.5,20.3,
,,,,,,,SOLO,1782278742128,Wed Jun 24 2026 05:25:42 GMT+0000 (UTC),0,,,4,-236.5,74.1,517.8,20.3,
,,,,,,,SOLO,1782278791373,Wed Jun 24 2026 05:26:31 GMT+0000 (UTC),0,,,4,-255.4,-20.3,511.4,20.1,
,,,,,,,SOLO,1782278843565,Wed Jun 24 2026 05:27:23 GMT+0000 (UTC),0,,,4,129.8,128.7,516.6,19.9,
,,,,,,,SOLO,1782278904852,Wed Jun 24 2026 05:28:24 GMT+0000 (UTC),0,,,V,-72.7,1.4,511.8,19.9,
,,,,,,,SOLO,1782278934057,Wed Jun 24 2026 05:28:54 GMT+0000 (UTC),0,,,V,24,-8.5,517.1,19.9,
,,,,,,,SOLO,1782278962127,Wed Jun 24 2026 05:29:22 GMT+0000 (UTC),0,,,V,-23.8,19.6,512.7,19.9,
### next string
Kanwar I,E 3,AU-600m,2130,1720,0,0
,,,,,,,SOLO,1782278210765,Wed Jun 24 2026 05:16:50 GMT+0000 (UTC),0,,sighter,3,-302.1,-195.4,507.4,20.6,
,,,,,,,SOLO,1782278287336,Wed Jun 24 2026 05:18:07 GMT+0000 (UTC),0,,sighter,4,-243.6,-92.3,508,20.6,
,,,,,,,SOLO,1782278379777,Wed Jun 24 2026 05:19:39 GMT+0000 (UTC),0,,,4,-211.1,39.8,517,20.5,
,,,,,,,SOLO,1782278465046,Wed Jun 24 2026 05:21:05 GMT+0000 (UTC),0,,,5,-38.7,-154.5,508.4,20.6,
,,,,,,,SOLO,1782278531178,Wed Jun 24 2026 05:22:11 GMT+0000 (UTC),0,,,V,-5.5,-5.3,512.2,20.4,
,,,,,,,SOLO,1782278564677,Wed Jun 24 2026 05:22:44 GMT+0000 (UTC),0,,,4,-109.7,139.9,507,20.4,
,,,,,,,SOLO,1782278617521,Wed Jun 24 2026 05:23:37 GMT+0000 (UTC),0,,,4,-170.5,40.1,512.2,20.4,
,,,,,,,SOLO,1782278693616,Wed Jun 24 2026 05:24:53 GMT+0000 (UTC),0,,,4,-240.9,-71.7,504.2,20.5,
,,,,,,,SOLO,1782278748360,Wed Jun 24 2026 05:25:48 GMT+0000 (UTC),0,,,V,-34.3,-51.5,511.4,20.2,
,,,,,,,SOLO,1782278797753,Wed Jun 24 2026 05:26:37 GMT+0000 (UTC),0,,,4,227.8,-13.8,511.1,20.2,
,,,,,,,SOLO,1782278863514,Wed Jun 24 2026 05:27:43 GMT+0000 (UTC),0,,,5,123.7,38.9,509.3,19.9,
,,,,,,,SOLO,1782278919637,Wed Jun 24 2026 05:28:39 GMT+0000 (UTC),0,,,4,-134.4,-154.1,510,19.8,
### next string
Hocking R,E 1,AU-600m,2130,1725,0,0
,,,,,,,SOLO,1782278426398,Wed Jun 24 2026 05:20:26 GMT+0000 (UTC),0,,sighter,4,123.1,159.9,525.2,20.7,
,,,,,,,SOLO,1782278490597,Wed Jun 24 2026 05:21:30 GMT+0000 (UTC),0,,sighter,4,154,91.1,524.6,20.7,
,,,,,,,SOLO,1782278569732,Wed Jun 24 2026 05:22:49 GMT+0000 (UTC),0,,,4,292.4,-67.3,525.2,20.6,
,,,,,,,SOLO,1782278616242,Wed Jun 24 2026 05:23:36 GMT+0000 (UTC),0,,,5,-57.3,63,525,20.6,
,,,,,,,SOLO,1782278651388,Wed Jun 24 2026 05:24:11 GMT+0000 (UTC),0,,,5,22.5,-82.7,518.9,20.5,
,,,,,,,SOLO,1782278683513,Wed Jun 24 2026 05:24:43 GMT+0000 (UTC),0,,,V,-79.3,26.6,525,20.5,
,,,,,,,SOLO,1782278728787,Wed Jun 24 2026 05:25:28 GMT+0000 (UTC),0,,,V,24.4,6.8,524.5,20.3,
,,,,,,,SOLO,1782278762062,Wed Jun 24 2026 05:26:02 GMT+0000 (UTC),0,,,5,24.5,116.6,522.4,20.3,
,,,,,,,SOLO,1782278803433,Wed Jun 24 2026 05:26:43 GMT+0000 (UTC),0,,,5,93.8,-105.3,525.2,20.3,
,,,,,,,SOLO,1782278836652,Wed Jun 24 2026 05:27:16 GMT+0000 (UTC),0,,,5,62.2,102.2,524.9,20,
,,,,,,,SOLO,1782278870784,Wed Jun 24 2026 05:27:50 GMT+0000 (UTC),0,,,5,112.8,29.7,529.9,20,
,,,,,,,SOLO,1782278906822,Wed Jun 24 2026 05:28:26 GMT+0000 (UTC),0,,,5,-49.6,88.7,519.4,20,
### next string
Johansen 137,E 5,AU-600m,2130,1722,0,0
,,,,,,,SOLO,1782278059501,Wed Jun 24 2026 05:14:19 GMT+0000 (UTC),0,,,5,31.9,120.1,546.5,21,
,,,,,,,SOLO,1782278100301,Wed Jun 24 2026 05:15:00 GMT+0000 (UTC),0,,,5,-22.4,81.2,546.9,21,
,,,,,,,SOLO,1782278140353,Wed Jun 24 2026 05:15:40 GMT+0000 (UTC),0,,,V,-7.7,-54.6,541.8,20.9,
,,,,,,,SOLO,1782278177413,Wed Jun 24 2026 05:16:17 GMT+0000 (UTC),0,,,V,1.3,-30.4,545.1,20.9,
,,,,,,,SOLO,1782278239956,Wed Jun 24 2026 05:17:19 GMT+0000 (UTC),0,,,4,190.3,-81.6,546.6,20.8,
,,,,,,,SOLO,1782278363366,Wed Jun 24 2026 05:19:23 GMT+0000 (UTC),0,,,5,-47.9,75.2,544.1,20.8,
,,,,,,,SOLO,1782278469486,Wed Jun 24 2026 05:21:09 GMT+0000 (UTC),0,,,V,51.7,-36.4,544.5,20.6,
,,,,,,,SOLO,1782278532189,Wed Jun 24 2026 05:22:12 GMT+0000 (UTC),0,,,V,9.5,50.2,544.5,20.7,
,,,,,,,SOLO,1782278566809,Wed Jun 24 2026 05:22:46 GMT+0000 (UTC),0,,,4,187.4,-19.4,542.6,20.7,
,,,,,,,SOLO,1782278694708,Wed Jun 24 2026 05:24:54 GMT+0000 (UTC),0,,,5,-9.1,147.1,546.8,20.4,
### next string
S. Greenhill,E 6,AU-600m,2130,1720,0,0
,,,,,,,SOLO,1782278265193,Wed Jun 24 2026 05:17:45 GMT+0000 (UTC),0,,,6,7.3,52.5,568.7,20.7,
,,,,,,,SOLO,1782278288128,Wed Jun 24 2026 05:18:08 GMT+0000 (UTC),0,,,X,38.1,-8.3,566.1,20.7,
,,,,,,,SOLO,1782278305028,Wed Jun 24 2026 05:18:25 GMT+0000 (UTC),0,,,X,6.3,-7.2,568.7,20.7,
,,,,,,,SOLO,1782278320487,Wed Jun 24 2026 05:18:40 GMT+0000 (UTC),0,,,X,2,3.8,563.4,20.6,
,,,,,,,SOLO,1782278341675,Wed Jun 24 2026 05:19:01 GMT+0000 (UTC),0,,,6,2.6,-54.5,570.1,20.6,
,,,,,,,SOLO,1782278361853,Wed Jun 24 2026 05:19:21 GMT+0000 (UTC),0,,,X,16.4,24.3,567.8,20.6,
,,,,,,,SOLO,1782278373993,Wed Jun 24 2026 05:19:33 GMT+0000 (UTC),0,,,5,129.3,33,572.4,20.6,
,,,,,,,SOLO,1782278457631,Wed Jun 24 2026 05:20:57 GMT+0000 (UTC),0,,,5,108,-72.3,568.9,20.6,
,,,,,,,SOLO,1782278482769,Wed Jun 24 2026 05:21:22 GMT+0000 (UTC),0,,,5,101.6,25.8,570,20.6,
,,,,,,,SOLO,1782278519431,Wed Jun 24 2026 05:21:59 GMT+0000 (UTC),0,,,4,-216.7,-66.7,560.7,20.5,
### next string
Trinh; E,E 2,AU-600m,2130,1721,0,0
,,,,,,,SOLO,1782277636654,Wed Jun 24 2026 05:07:16 GMT+0000 (UTC),0,,sighter,4,-235.1,224.9,508.6,21.4,
,,,,,,,SOLO,1782277675927,Wed Jun 24 2026 05:07:55 GMT+0000 (UTC),0,,,V,40.9,67.2,511.3,21.4,
,,,,,,,SOLO,1782277735052,Wed Jun 24 2026 05:08:55 GMT+0000 (UTC),0,,,5,-99,114.2,509.8,21.3,
,,,,,,,SOLO,1782277793334,Wed Jun 24 2026 05:09:53 GMT+0000 (UTC),0,,,4,169.6,-33.7,505.9,21.3,
,,,,,,,SOLO,1782277867749,Wed Jun 24 2026 05:11:07 GMT+0000 (UTC),0,,,5,-149.6,46,507.6,21,
,,,,,,,SOLO,1782277930015,Wed Jun 24 2026 05:12:10 GMT+0000 (UTC),0,,,5,-100.7,73.7,503.3,21,
,,,,,,,SOLO,1782278085360,Wed Jun 24 2026 05:14:45 GMT+0000 (UTC),0,,,4,139.8,-241.3,506.1,20.7,
,,,,,,,SOLO,1782278171185,Wed Jun 24 2026 05:16:11 GMT+0000 (UTC),0,,,5,36.5,-119.4,507.4,20.8,
,,,,,,,SOLO,1782278232670,Wed Jun 24 2026 05:17:12 GMT+0000 (UTC),0,,,V,-80.2,20,509.5,20.6,
,,,,,,,SOLO,1782278291819,Wed Jun 24 2026 05:18:11 GMT+0000 (UTC),0,,,V,-0.7,-64.4,503.4,20.5,
### next string
chad m,E 1,AU-600m,2130,1725,0,0
,,,,,,,SOLO,1782277833994,Wed Jun 24 2026 05:10:33 GMT+0000 (UTC),0,,sighter,3,208.3,284.4,549.8,21.2,
,,,,,,,SOLO,1782277876322,Wed Jun 24 2026 05:11:16 GMT+0000 (UTC),0,,sighter,4,166.1,189.5,564.9,21.2,
,,,,,,,SOLO,1782277915302,Wed Jun 24 2026 05:11:55 GMT+0000 (UTC),0,,,4,206.2,13.4,554.6,21.1,
,,,,,,,SOLO,1782277946983,Wed Jun 24 2026 05:12:26 GMT+0000 (UTC),0,,,V,-37.5,43.1,565.9,21.1,
,,,,,,,SOLO,1782277975744,Wed Jun 24 2026 05:12:55 GMT+0000 (UTC),0,,,5,29.1,140.2,562.9,21.1,
,,,,,,,SOLO,1782278004265,Wed Jun 24 2026 05:13:24 GMT+0000 (UTC),0,,,V,20.1,37,561.8,20.9,
,,,,,,,SOLO,1782278037158,Wed Jun 24 2026 05:13:57 GMT+0000 (UTC),0,,,5,149.6,-16.9,556.3,20.9,
,,,,,,,SOLO,1782278089678,Wed Jun 24 2026 05:14:49 GMT+0000 (UTC),0,,,5,83.5,78.1,557.7,20.9,
,,,,,,,SOLO,1782278124445,Wed Jun 24 2026 05:15:24 GMT+0000 (UTC),0,,,5,14.4,-127.8,558.7,20.9,
,,,,,,,SOLO,1782278172339,Wed Jun 24 2026 05:16:12 GMT+0000 (UTC),0,,,V,3.9,55,560.5,20.8,
,,,,,,,SOLO,1782278206229,Wed Jun 24 2026 05:16:46 GMT+0000 (UTC),0,,,5,-44.8,-73.3,561.3,20.8,
,,,,,,,SOLO,1782278241105,Wed Jun 24 2026 05:17:21 GMT+0000 (UTC),0,,,4,225.4,-21.4,556.7,20.8,
### next string
wiid 22,E 6,AU-600m,2130,1720,0,0
,,,,,,,SOLO,1782277762995,Wed Jun 24 2026 05:09:22 GMT+0000 (UTC),0,,,V,37,19.3,559.1,21.3,
,,,,,,,SOLO,1782277803981,Wed Jun 24 2026 05:10:03 GMT+0000 (UTC),0,,,V,66.7,-0.6,563.3,21.3,
,,,,,,,SOLO,1782277837593,Wed Jun 24 2026 05:10:37 GMT+0000 (UTC),0,,,5,-61.2,-64.6,557.9,21.3,
,,,,,,,SOLO,1782277876025,Wed Jun 24 2026 05:11:16 GMT+0000 (UTC),0,,,5,-90.2,27.1,562,21.1,
,,,,,,,SOLO,1782277908889,Wed Jun 24 2026 05:11:48 GMT+0000 (UTC),0,,,5,82.1,26.5,561.1,21.1,
,,,,,,,SOLO,1782277942755,Wed Jun 24 2026 05:12:22 GMT+0000 (UTC),0,,,5,-89.7,39.1,564.6,21.1,
,,,,,,,SOLO,1782277978355,Wed Jun 24 2026 05:12:58 GMT+0000 (UTC),0,,,4,131.9,-112.7,562.4,20.8,
,,,,,,,SOLO,1782278011929,Wed Jun 24 2026 05:13:31 GMT+0000 (UTC),0,,,V,53.7,24.6,561,20.8,
,,,,,,,SOLO,1782278043616,Wed Jun 24 2026 05:14:03 GMT+0000 (UTC),0,,,V,27.3,47.3,571,20.8,
,,,,,,,SOLO,1782278076402,Wed Jun 24 2026 05:14:36 GMT+0000 (UTC),0,,,5,124.3,89.5,565.4,20.8,
### next string
Trinh O 100,E 3,AU-600m,2130,1720,0,0
,,,,,,,SOLO,1782277552075,Wed Jun 24 2026 05:05:52 GMT+0000 (UTC),0,,sighter,4,214.3,220.2,516.7,21.6,
,,,,,,,SOLO,1782277601957,Wed Jun 24 2026 05:06:41 GMT+0000 (UTC),0,,sighter,4,-138.3,195.1,513.4,21.6,
,,,,,,,SOLO,1782277637156,Wed Jun 24 2026 05:07:17 GMT+0000 (UTC),0,,,4,-171.2,-147.3,514.7,21.4,
,,,,,,,SOLO,1782277669026,Wed Jun 24 2026 05:07:49 GMT+0000 (UTC),0,,,4,-174,1.4,511,21.4,
,,,,,,,SOLO,1782277726041,Wed Jun 24 2026 05:08:46 GMT+0000 (UTC),0,,,5,1.2,-88.6,513.1,21.3,
,,,,,,,SOLO,1782277749701,Wed Jun 24 2026 05:09:09 GMT+0000 (UTC),0,,,4,-194,93.1,515.8,21.3,
,,,,,,,SOLO,1782277796909,Wed Jun 24 2026 05:09:56 GMT+0000 (UTC),0,,,4,-216.5,-98,512.2,21.3,
,,,,,,,SOLO,1782277835216,Wed Jun 24 2026 05:10:35 GMT+0000 (UTC),0,,,5,55.2,-122.5,513.5,21.1,
,,,,,,,SOLO,1782277871322,Wed Jun 24 2026 05:11:11 GMT+0000 (UTC),0,,,4,207.3,-21.1,519.1,21.1,
,,,,,,,SOLO,1782277904763,Wed Jun 24 2026 05:11:44 GMT+0000 (UTC),0,,,V,16.2,76.3,509.5,20.9,
,,,,,,,SOLO,1782277931818,Wed Jun 24 2026 05:12:11 GMT+0000 (UTC),0,,,V,11.1,-4.7,509.3,20.9,
,,,,,,,SOLO,1782277986177,Wed Jun 24 2026 05:13:06 GMT+0000 (UTC),0,,,5,19.5,-82.3,508.6,20.8,
,,,,,,,SOLO,1782278000522,Wed Jun 24 2026 05:13:20 GMT+0000 (UTC),0,,,5,-99.4,-107.7,506.9,20.8,
### next string
Pederson 171,E 5,AU-600m,2130,1722,0,0
,,,,,,,SOLO,1782277323785,Wed Jun 24 2026 05:02:03 GMT+0000 (UTC),0,,,5,85.5,-61.1,539.9,21.6,
,,,,,,,SOLO,1782277379256,Wed Jun 24 2026 05:02:59 GMT+0000 (UTC),0,,,V,20.4,10.9,545.2,21.6,
,,,,,,,SOLO,1782277438728,Wed Jun 24 2026 05:03:58 GMT+0000 (UTC),0,,,V,0.9,-34.1,542.9,21.8,
,,,,,,,SOLO,1782277463991,Wed Jun 24 2026 05:04:23 GMT+0000 (UTC),0,,,5,-106.4,36,549.7,21.8,
,,,,,,,SOLO,1782277493051,Wed Jun 24 2026 05:04:53 GMT+0000 (UTC),0,,,4,-177.5,-143.2,541,21.8,
,,,,,,,SOLO,1782277556541,Wed Jun 24 2026 05:05:56 GMT+0000 (UTC),0,,,V,-39.4,-39.3,545.9,21.8,
,,,,,,,SOLO,1782277608789,Wed Jun 24 2026 05:06:48 GMT+0000 (UTC),0,,,V,-83.3,8.3,551.9,21.7,
,,,,,,,SOLO,1782277638647,Wed Jun 24 2026 05:07:18 GMT+0000 (UTC),0,,,V,-36.4,21.8,551.2,21.7,
,,,,,,,SOLO,1782277664715,Wed Jun 24 2026 05:07:44 GMT+0000 (UTC),0,,,V,-49.8,-50.2,544.9,21.7,
,,,,,,,SOLO,1782277692317,Wed Jun 24 2026 05:08:12 GMT+0000 (UTC),0,,,V,-6.4,-65.6,548.3,21.6,
### next string
gibbins n,E 1,AU-600m,2130,1725,0,0
,,,,,,,SOLO,1782277424932,Wed Jun 24 2026 05:03:44 GMT+0000 (UTC),0,,,5,-7.2,114.7,558.1,21.6,
,,,,,,,SOLO,1782277451671,Wed Jun 24 2026 05:04:11 GMT+0000 (UTC),0,,,5,-18.7,-110.8,554.2,21.6,
,,,,,,,SOLO,1782277476208,Wed Jun 24 2026 05:04:36 GMT+0000 (UTC),0,,,5,-73.6,-63.2,553.6,21.6,
,,,,,,,SOLO,1782277508121,Wed Jun 24 2026 05:05:08 GMT+0000 (UTC),0,,,V,23.6,-44.2,545.6,21.6,
,,,,,,,SOLO,1782277530805,Wed Jun 24 2026 05:05:30 GMT+0000 (UTC),0,,,V,-0.8,13.5,556.3,21.7,
,,,,,,,SOLO,1782277550383,Wed Jun 24 2026 05:05:50 GMT+0000 (UTC),0,,,5,57.5,77.7,550.7,21.7,
,,,,,,,SOLO,1782277573623,Wed Jun 24 2026 05:06:13 GMT+0000 (UTC),0,,,5,97,21.3,550.4,21.7,
,,,,,,,SOLO,1782277596128,Wed Jun 24 2026 05:06:36 GMT+0000 (UTC),0,,,4,-203.7,153.6,563.6,21.7,
,,,,,,,SOLO,1782277633505,Wed Jun 24 2026 05:07:13 GMT+0000 (UTC),0,,,5,-104.7,92.6,552.4,21.5,
,,,,,,,SOLO,1782277659667,Wed Jun 24 2026 05:07:39 GMT+0000 (UTC),0,,,5,-126.1,69.3,555.1,21.5,
### next string
J Pratt 125,E 6,AU-600m,2130,1720,0,0
,,,,,,,SOLO,1782276868641,Wed Jun 24 2026 04:54:28 GMT+0000 (UTC),0,,,V,19.2,-6,567.8,21.4,
,,,,,,,SOLO,1782276909269,Wed Jun 24 2026 04:55:09 GMT+0000 (UTC),0,,,V,62.5,-3.5,567.1,21.6,
,,,,,,,SOLO,1782276960604,Wed Jun 24 2026 04:56:00 GMT+0000 (UTC),0,,,V,12.5,45.2,563.7,21.6,
,,,,,,,SOLO,1782277013037,Wed Jun 24 2026 04:56:53 GMT+0000 (UTC),0,,,V,68.4,-37.6,564.2,21.5,
,,,,,,,SOLO,1782277069780,Wed Jun 24 2026 04:57:49 GMT+0000 (UTC),0,,,V,-39.6,21.1,561.8,21.4,
,,,,,,,SOLO,1782277129910,Wed Jun 24 2026 04:58:49 GMT+0000 (UTC),0,,,V,26.1,47.8,555.9,21.4,
,,,,,,,SOLO,1782277292696,Wed Jun 24 2026 05:01:32 GMT+0000 (UTC),0,,,5,136.1,-10.3,563.8,21.2,
,,,,,,,SOLO,1782277364021,Wed Jun 24 2026 05:02:44 GMT+0000 (UTC),0,,,V,75.8,-21.1,560.4,21.4,
,,,,,,,SOLO,1782277494665,Wed Jun 24 2026 05:04:54 GMT+0000 (UTC),0,,,V,-63.1,17.2,561.7,21.6,
,,,,,,,SOLO,1782277620094,Wed Jun 24 2026 05:07:00 GMT+0000 (UTC),0,,,V,-13.7,58.2,571.2,21.5,
### next string
Lee. A,E 2,AU-600m,2130,1721,0,0
,,,,,,,SOLO,1782276781664,Wed Jun 24 2026 04:53:01 GMT+0000 (UTC),0,,sighter,3,-312,-275.7,508.3,21.6,
,,,,,,,SOLO,1782276886210,Wed Jun 24 2026 04:54:46 GMT+0000 (UTC),0,,,5,-38.8,88.8,523.4,21.6,
,,,,,,,SOLO,1782276993025,Wed Jun 24 2026 04:56:33 GMT+0000 (UTC),0,,,4,81.5,-178.7,507.1,21.6,
,,,,,,,SOLO,1782277081974,Wed Jun 24 2026 04:58:01 GMT+0000 (UTC),0,,,V,-16.1,-67.3,519.5,21.4,
,,,,,,,SOLO,1782277133746,Wed Jun 24 2026 04:58:53 GMT+0000 (UTC),0,,,4,234.6,4.7,511.1,21.4,
,,,,,,,SOLO,1782277168480,Wed Jun 24 2026 04:59:28 GMT+0000 (UTC),0,,,5,-83.9,-120,510.8,21.4,
,,,,,,,SOLO,1782277203599,Wed Jun 24 2026 05:00:03 GMT+0000 (UTC),0,,,4,-153.7,-86.4,514.4,21.4,
,,,,,,,SOLO,1782277267791,Wed Jun 24 2026 05:01:07 GMT+0000 (UTC),0,,,4,77.4,-222.2,507.7,21.3,
,,,,,,,SOLO,1782277370546,Wed Jun 24 2026 05:02:50 GMT+0000 (UTC),0,,,5,95.3,-77.5,507.1,21.4,
,,,,,,,SOLO,1782277415973,Wed Jun 24 2026 05:03:35 GMT+0000 (UTC),0,,,5,146.7,-34.6,507.9,21.5,
,,,,,,,SOLO,1782277478162,Wed Jun 24 2026 05:04:38 GMT+0000 (UTC),0,,,V,33.6,10.2,516.1,21.6,
### next string
Zeeshan M 99,E 3,AU-600m,2130,1720,0,0
,,,,,,,SOLO,1782276646160,Wed Jun 24 2026 04:50:46 GMT+0000 (UTC),0,,sighter,2,-500.6,142.6,512.1,21.4,
,,,,,,,SOLO,1782276770322,Wed Jun 24 2026 04:52:50 GMT+0000 (UTC),0,,,V,36.5,17.7,514.1,21.4,
,,,,,,,SOLO,1782276820306,Wed Jun 24 2026 04:53:40 GMT+0000 (UTC),0,,,V,0.6,33.5,512.8,21.6,
,,,,,,,SOLO,1782276875460,Wed Jun 24 2026 04:54:35 GMT+0000 (UTC),0,,,V,25.7,30.9,522.4,21.6,
,,,,,,,SOLO,1782277039185,Wed Jun 24 2026 04:57:19 GMT+0000 (UTC),0,,,5,81.7,-115,511.8,21.6,
,,,,,,,SOLO,1782277117886,Wed Jun 24 2026 04:58:37 GMT+0000 (UTC),0,,,5,-126.4,60.1,513.1,21.4,
,,,,,,,SOLO,1782277178336,Wed Jun 24 2026 04:59:38 GMT+0000 (UTC),0,,,5,-160,24.8,513.9,21.3,
,,,,,,,SOLO,1782277234859,Wed Jun 24 2026 05:00:34 GMT+0000 (UTC),0,,,4,282,-19.6,509.8,21.3,
,,,,,,,SOLO,1782277316001,Wed Jun 24 2026 05:01:56 GMT+0000 (UTC),0,,,4,208.1,51.3,514.9,21.4,
,,,,,,,SOLO,1782277384005,Wed Jun 24 2026 05:03:04 GMT+0000 (UTC),0,,,5,90.4,-0.6,515.6,21.4,
,,,,,,,SOLO,1782277426648,Wed Jun 24 2026 05:03:46 GMT+0000 (UTC),0,,,5,90.7,-32.6,515.5,21.4,
### next string
sainsbury D,E 1,AU-600m,2130,1725,0,0
,,,,,,,SOLO,1782276682802,Wed Jun 24 2026 04:51:22 GMT+0000 (UTC),0,,sighter,4,117.8,211.4,534.5,21.7,
,,,,,,,SOLO,1782276741644,Wed Jun 24 2026 04:52:21 GMT+0000 (UTC),0,,,V,0.6,46.7,535.3,21.6,
,,,,,,,SOLO,1782276787503,Wed Jun 24 2026 04:53:07 GMT+0000 (UTC),0,,,5,-54.8,100.6,534,21.6,
,,,,,,,SOLO,1782276831688,Wed Jun 24 2026 04:53:51 GMT+0000 (UTC),0,,,4,234.3,80.3,535.2,21.7,
,,,,,,,SOLO,1782276898689,Wed Jun 24 2026 04:54:58 GMT+0000 (UTC),0,,,4,236.4,68.1,536.7,21.9,
,,,,,,,SOLO,1782276974758,Wed Jun 24 2026 04:56:14 GMT+0000 (UTC),0,,,V,-29.2,53.8,534.7,21.9,
,,,,,,,SOLO,1782277028171,Wed Jun 24 2026 04:57:08 GMT+0000 (UTC),0,,,5,-53.2,67,536,21.8,
,,,,,,,SOLO,1782277067140,Wed Jun 24 2026 04:57:47 GMT+0000 (UTC),0,,,5,-120.9,22.6,531.3,21.8,
,,,,,,,SOLO,1782277134809,Wed Jun 24 2026 04:58:54 GMT+0000 (UTC),0,,,5,-129.1,-24.6,534.3,21.5,
,,,,,,,SOLO,1782277175075,Wed Jun 24 2026 04:59:35 GMT+0000 (UTC),0,,,5,-81.6,24.2,539.9,21.4,
,,,,,,,SOLO,1782277250023,Wed Jun 24 2026 05:00:50 GMT+0000 (UTC),0,,,V,-46.7,54,528.9,21.4,
### next string
Orman 11,E 5,AU-600m,2130,1722,0,0
,,,,,,,SOLO,1782276908832,Wed Jun 24 2026 04:55:08 GMT+0000 (UTC),0,,sighter,4,89.6,146.5,605.6,21.8,
,,,,,,,SOLO,1782276952851,Wed Jun 24 2026 04:55:52 GMT+0000 (UTC),0,,sighter,5,-70,-92,608.7,21.8,
,,,,,,,SOLO,1782276981402,Wed Jun 24 2026 04:56:21 GMT+0000 (UTC),0,,,6,-31.8,42.6,620.4,21.8,
,,,,,,,SOLO,1782276997554,Wed Jun 24 2026 04:56:37 GMT+0000 (UTC),0,,,5,24.7,-98.3,600.9,21.8,
,,,,,,,SOLO,1782277025319,Wed Jun 24 2026 04:57:05 GMT+0000 (UTC),0,,,6,7.3,-70.2,601.6,21.8,
,,,,,,,SOLO,1782277043110,Wed Jun 24 2026 04:57:23 GMT+0000 (UTC),0,,,X,0.7,25.9,597,21.8,
,,,,,,,SOLO,1782277059180,Wed Jun 24 2026 04:57:39 GMT+0000 (UTC),0,,,X,15.9,25.9,610.3,21.6,
,,,,,,,SOLO,1782277079899,Wed Jun 24 2026 04:57:59 GMT+0000 (UTC),0,,,X,24.4,-8.5,604.7,21.6,
,,,,,,,SOLO,1782277093431,Wed Jun 24 2026 04:58:13 GMT+0000 (UTC),0,,,X,-7.3,-24.9,602.7,21.6,
,,,,,,,SOLO,1782277108351,Wed Jun 24 2026 04:58:28 GMT+0000 (UTC),0,,,6,64.8,-21.2,607.1,21.6,
,,,,,,,SOLO,1782277128274,Wed Jun 24 2026 04:58:48 GMT+0000 (UTC),0,,,6,60.3,16.9,601.5,21.6,
,,,,,,,SOLO,1782277144691,Wed Jun 24 2026 04:59:04 GMT+0000 (UTC),0,,,6,-72.4,16.8,605.5,21.5,
### next string
Watson 62,E 5,AU-600m,2130,1722,0,0
,,,,,,,SOLO,1782276383640,Wed Jun 24 2026 04:46:23 GMT+0000 (UTC),0,,sighter,5,-159.7,13.6,616.1,21.7,
,,,,,,,SOLO,1782276452528,Wed Jun 24 2026 04:47:32 GMT+0000 (UTC),0,,sighter,6,61.8,34.5,623.7,21.6,
,,,,,,,SOLO,1782276490343,Wed Jun 24 2026 04:48:10 GMT+0000 (UTC),0,,,6,37.3,-53.6,618.6,21.6,
,,,,,,,SOLO,1782276552280,Wed Jun 24 2026 04:49:12 GMT+0000 (UTC),0,,,X,-2.1,-5.3,615.9,21.6,
,,,,,,,SOLO,1782276578694,Wed Jun 24 2026 04:49:38 GMT+0000 (UTC),0,,,6,77.3,-26.5,614,21.6,
,,,,,,,SOLO,1782276614446,Wed Jun 24 2026 04:50:14 GMT+0000 (UTC),0,,,X,30.2,-25.9,613,21.5,
,,,,,,,SOLO,1782276647076,Wed Jun 24 2026 04:50:47 GMT+0000 (UTC),0,,,X,-32,20.7,617.2,21.5,
,,,,,,,SOLO,1782276670881,Wed Jun 24 2026 04:51:10 GMT+0000 (UTC),0,,,X,-18.6,26,619.2,21.5,
,,,,,,,SOLO,1782276694923,Wed Jun 24 2026 04:51:34 GMT+0000 (UTC),0,,,6,47.1,17,614,21.5,
,,,,,,,SOLO,1782276714919,Wed Jun 24 2026 04:51:54 GMT+0000 (UTC),0,,,X,18.4,4.5,618.7,21.5,
,,,,,,,SOLO,1782276736035,Wed Jun 24 2026 04:52:16 GMT+0000 (UTC),0,,,X,-12.5,-24.7,616.3,21.5,
### next string
R Brown 105,E 6,AU-600m,2130,1720,0,0
,,,,,,,SOLO,1782276330338,Wed Jun 24 2026 04:45:30 GMT+0000 (UTC),0,,sighter,4,-192.9,76.4,646.5,21.4,
,,,,,,,SOLO,1782276360352,Wed Jun 24 2026 04:46:00 GMT+0000 (UTC),0,,,V,36.8,13.8,639.5,21.3,
,,,,,,,SOLO,1782276384652,Wed Jun 24 2026 04:46:24 GMT+0000 (UTC),0,,,5,-97.6,28.2,636.3,21.3,
,,,,,,,SOLO,1782276413163,Wed Jun 24 2026 04:46:53 GMT+0000 (UTC),0,,,V,20,9.3,637.1,21.3,
,,,,,,,SOLO,1782276436294,Wed Jun 24 2026 04:47:16 GMT+0000 (UTC),0,,,V,27.5,70.1,647.1,21.3,
,,,,,,,SOLO,1782276461352,Wed Jun 24 2026 04:47:41 GMT+0000 (UTC),0,,,V,53,-32.1,648.2,21.3,
,,,,,,,SOLO,1782276484854,Wed Jun 24 2026 04:48:04 GMT+0000 (UTC),0,,,V,75.2,13,651.4,21.3,
,,,,,,,SOLO,1782276510244,Wed Jun 24 2026 04:48:30 GMT+0000 (UTC),0,,,5,93,10.1,642.2,21.3,
,,,,,,,SOLO,1782276538545,Wed Jun 24 2026 04:48:58 GMT+0000 (UTC),0,,,V,10.4,-5.2,648.5,21.4,
,,,,,,,SOLO,1782276556794,Wed Jun 24 2026 04:49:16 GMT+0000 (UTC),0,,,V,7.6,53.9,641.1,21.4,
,,,,,,,SOLO,1782276579766,Wed Jun 24 2026 04:49:39 GMT+0000 (UTC),0,,,5,131.9,43.6,644.1,21.4,
### next string
munasinghe n,E 2,AU-600m,2130,1721,0,0
,,,,,,,SOLO,1782275970799,Wed Jun 24 2026 04:39:30 GMT+0000 (UTC),0,,sighter,4,-294.4,79.9,524.6,21.5,
,,,,,,,SOLO,1782276075091,Wed Jun 24 2026 04:41:15 GMT+0000 (UTC),0,,sighter,2,-548.3,48,526,21.4,
,,,,,,,SOLO,1782276192449,Wed Jun 24 2026 04:43:12 GMT+0000 (UTC),0,,,4,-152.8,187,527.6,21.4,
,,,,,,,SOLO,1782276295006,Wed Jun 24 2026 04:44:55 GMT+0000 (UTC),0,,,3,-374.6,-48.2,523.5,21.5,
,,,,,,,SOLO,1782276356438,Wed Jun 24 2026 04:45:56 GMT+0000 (UTC),0,,,5,-98.3,45.1,527.5,21.5,
,,,,,,,SOLO,1782276377360,Wed Jun 24 2026 04:46:17 GMT+0000 (UTC),0,,,3,-415.1,45.1,520.1,21.6,
,,,,,,,SOLO,1782276404993,Wed Jun 24 2026 04:46:44 GMT+0000 (UTC),0,,,4,137.1,132.4,524.9,21.6,
,,,,,,,SOLO,1782276429738,Wed Jun 24 2026 04:47:09 GMT+0000 (UTC),0,,,5,-105.5,74.8,526.2,21.6,
,,,,,,,SOLO,1782276450018,Wed Jun 24 2026 04:47:30 GMT+0000 (UTC),0,,,V,-12.6,4.2,525,21.5,
,,,,,,,SOLO,1782276475178,Wed Jun 24 2026 04:47:55 GMT+0000 (UTC),0,,,V,15.3,7.5,525.8,21.5,
,,,,,,,SOLO,1782276504126,Wed Jun 24 2026 04:48:24 GMT+0000 (UTC),0,,,4,52.9,-183.8,526.6,21.5,
,,,,,,,SOLO,1782276530897,Wed Jun 24 2026 04:48:50 GMT+0000 (UTC),0,,,5,-43.4,125.5,530.4,21.6,
### next string
gibbins N,E 1,AU-600m,2130,1725,0,0
,,,,,,,SOLO,1782276141179,Wed Jun 24 2026 04:42:21 GMT+0000 (UTC),0,,,5,69.3,52.8,555.5,21.6,
,,,,,,,SOLO,1782276172435,Wed Jun 24 2026 04:42:52 GMT+0000 (UTC),0,,,5,37,79.8,550.3,21.6,
,,,,,,,SOLO,1782276209029,Wed Jun 24 2026 04:43:29 GMT+0000 (UTC),0,,,V,21.9,77.1,556,21.6,
,,,,,,,SOLO,1782276326654,Wed Jun 24 2026 04:45:26 GMT+0000 (UTC),0,,,V,41.9,-67.2,547.5,21.6,
,,,,,,,SOLO,1782276352556,Wed Jun 24 2026 04:45:52 GMT+0000 (UTC),0,,,V,28.7,42.8,557.7,21.6,
,,,,,,,SOLO,1782276378927,Wed Jun 24 2026 04:46:18 GMT+0000 (UTC),0,,,4,-186.6,-25.7,553,21.8,
,,,,,,,SOLO,1782276430257,Wed Jun 24 2026 04:47:10 GMT+0000 (UTC),0,,,4,190.8,11.3,554.8,21.8,
,,,,,,,SOLO,1782276465486,Wed Jun 24 2026 04:47:45 GMT+0000 (UTC),0,,,V,-7.1,-12.9,556.7,21.6,
,,,,,,,SOLO,1782276492581,Wed Jun 24 2026 04:48:12 GMT+0000 (UTC),0,,,5,147.6,10.8,549.2,21.6,
,,,,,,,SOLO,1782276518049,Wed Jun 24 2026 04:48:38 GMT+0000 (UTC),0,,,5,92.1,47.8,553.3,21.6,
### next string
tkachenko 120,E 3,AU-600m,2130,1720,0,0
,,,,,,,SOLO,1782275766473,Wed Jun 24 2026 04:36:06 GMT+0000 (UTC),0,,sighter,4,-236.7,-128.8,512.8,21.6,
,,,,,,,SOLO,1782275841995,Wed Jun 24 2026 04:37:21 GMT+0000 (UTC),0,,sighter,V,50.2,-34.8,508,21.6,
,,,,,,,SOLO,1782275902563,Wed Jun 24 2026 04:38:22 GMT+0000 (UTC),0,,,5,15,-98.1,511.7,21.6,
,,,,,,,SOLO,1782275966059,Wed Jun 24 2026 04:39:26 GMT+0000 (UTC),0,,,4,-28.7,169.6,516.4,21.4,
,,,,,,,SOLO,1782276048092,Wed Jun 24 2026 04:40:48 GMT+0000 (UTC),0,,,V,10.7,20.7,507.9,21.4,
,,,,,,,SOLO,1782276102044,Wed Jun 24 2026 04:41:42 GMT+0000 (UTC),0,,,4,-199.8,-104.8,510.4,21.4,
,,,,,,,SOLO,1782276169266,Wed Jun 24 2026 04:42:49 GMT+0000 (UTC),0,,,V,77.3,-8.7,513.3,21.4,
,,,,,,,SOLO,1782276231663,Wed Jun 24 2026 04:43:51 GMT+0000 (UTC),0,,,V,-10.8,-41.7,508.1,21.5,
,,,,,,,SOLO,1782276291981,Wed Jun 24 2026 04:44:51 GMT+0000 (UTC),0,,,4,-3.7,175.8,509.7,21.4,
,,,,,,,SOLO,1782276341961,Wed Jun 24 2026 04:45:41 GMT+0000 (UTC),0,,,4,160.6,155.3,514.4,21.4,
,,,,,,,SOLO,1782276417149,Wed Jun 24 2026 04:46:57 GMT+0000 (UTC),0,,,5,-76.9,135.6,510.6,21.5,
### next string
warrian 77,E 5,AU-600m,2130,1722,0,0
,,,,,,,SOLO,1782275647773,Wed Jun 24 2026 04:34:07 GMT+0000 (UTC),0,,sighter,6,-78.4,27.4,600.3,21.8,
,,,,,,,SOLO,1782275710524,Wed Jun 24 2026 04:35:10 GMT+0000 (UTC),0,,sighter,5,-112.2,68,612.6,21.8,
,,,,,,,SOLO,1782275764180,Wed Jun 24 2026 04:36:04 GMT+0000 (UTC),0,,,6,75.9,30,604.7,21.7,
,,,,,,,SOLO,1782275816472,Wed Jun 24 2026 04:36:56 GMT+0000 (UTC),0,,,4,126,127.8,616.6,21.7,
,,,,,,,SOLO,1782275874466,Wed Jun 24 2026 04:37:54 GMT+0000 (UTC),0,,,5,138.6,62,607.3,21.7,
,,,,,,,SOLO,1782275924397,Wed Jun 24 2026 04:38:44 GMT+0000 (UTC),0,,,6,-41.2,52.8,607.1,21.7,
,,,,,,,SOLO,1782275956389,Wed Jun 24 2026 04:39:16 GMT+0000 (UTC),0,,,6,32.5,73,611.9,21.7,
,,,,,,,SOLO,1782275995440,Wed Jun 24 2026 04:39:55 GMT+0000 (UTC),0,,,X,6.9,10.2,607.4,21.6,
,,,,,,,SOLO,1782276050515,Wed Jun 24 2026 04:40:50 GMT+0000 (UTC),0,,,5,-115.5,-10.2,607.1,21.6,
,,,,,,,SOLO,1782276089118,Wed Jun 24 2026 04:41:29 GMT+0000 (UTC),0,,,6,-57.8,35.4,605.8,21.4,
,,,,,,,SOLO,1782276147846,Wed Jun 24 2026 04:42:27 GMT+0000 (UTC),0,,,6,-27.6,-59.5,605.4,21.4,
,,,,,,,SOLO,1782276211510,Wed Jun 24 2026 04:43:31 GMT+0000 (UTC),0,,,6,53.1,24.9,608,21.5,
### next string
Willis 139,E 6,AU-600m,2130,1720,0,0
,,,,,,,SOLO,1782275705997,Wed Jun 24 2026 04:35:05 GMT+0000 (UTC),0,,sighter,6,-46.7,20.2,602.8,21.6,
,,,,,,,SOLO,1782275738356,Wed Jun 24 2026 04:35:38 GMT+0000 (UTC),0,,sighter,5,-127.5,-43,619.2,21.6,
,,,,,,,SOLO,1782275761821,Wed Jun 24 2026 04:36:01 GMT+0000 (UTC),0,,,5,85.7,2.9,611.9,21.6,
,,,,,,,SOLO,1782275774830,Wed Jun 24 2026 04:36:14 GMT+0000 (UTC),0,,,6,57.5,22,614,21.6,
,,,,,,,SOLO,1782275785631,Wed Jun 24 2026 04:36:25 GMT+0000 (UTC),0,,,X,29.3,-23.2,604.9,21.6,
,,,,,,,SOLO,1782275795438,Wed Jun 24 2026 04:36:35 GMT+0000 (UTC),0,,,5,101.3,30.3,609.4,21.6,
,,,,,,,SOLO,1782275805473,Wed Jun 24 2026 04:36:45 GMT+0000 (UTC),0,,,5,135.3,-13.9,609,21.6,
,,,,,,,SOLO,1782275822032,Wed Jun 24 2026 04:37:02 GMT+0000 (UTC),0,,,6,6.3,82.2,616.6,21.6,
,,,,,,,SOLO,1782275831887,Wed Jun 24 2026 04:37:11 GMT+0000 (UTC),0,,,6,30.2,-35.9,610.3,21.6,
,,,,,,,SOLO,1782275841038,Wed Jun 24 2026 04:37:21 GMT+0000 (UTC),0,,,X,-13.4,14.8,613.2,21.6,
,,,,,,,SOLO,1782275849453,Wed Jun 24 2026 04:37:29 GMT+0000 (UTC),0,,,5,76.3,48.1,615.3,21.6,
,,,,,,,SOLO,1782275858934,Wed Jun 24 2026 04:37:38 GMT+0000 (UTC),0,,,6,-76,21.4,620,21.6,
### next string
Crowe G,E 1,AU-600m,2130,1725,0,0
,,,,,,,SOLO,1750787510271,Tue Jun 24 2025 17:51:50 GMT+0000 (UTC),0,,sighter,2,88.1,-587.6,553.5,22,
,,,,,,,SOLO,1782275610729,Wed Jun 24 2026 04:33:30 GMT+0000 (UTC),0,,,6,-44.2,28.4,559.2,21.8,
,,,,,,,SOLO,1782275666009,Wed Jun 24 2026 04:34:26 GMT+0000 (UTC),0,,,6,55,21.6,553.4,21.8,
,,,,,,,SOLO,1782275693546,Wed Jun 24 2026 04:34:53 GMT+0000 (UTC),0,,,X,-16.4,24.1,565,21.8,
,,,,,,,SOLO,1782275723639,Wed Jun 24 2026 04:35:23 GMT+0000 (UTC),0,,,5,-100.5,-72.6,553.8,21.8,
,,,,,,,SOLO,1782275741392,Wed Jun 24 2026 04:35:41 GMT+0000 (UTC),0,,,X,-36,-9.1,557.6,21.6,
,,,,,,,SOLO,1782275756674,Wed Jun 24 2026 04:35:56 GMT+0000 (UTC),0,,,6,17.4,-58.8,556.7,21.6,
,,,,,,,SOLO,1782275831336,Wed Jun 24 2026 04:37:11 GMT+0000 (UTC),0,,,5,94.9,-20.7,556.6,21.7,
,,,,,,,SOLO,1782275891984,Wed Jun 24 2026 04:38:11 GMT+0000 (UTC),0,,,5,101.3,4.3,554.4,21.7,
,,,,,,,SOLO,1782275915254,Wed Jun 24 2026 04:38:35 GMT+0000 (UTC),0,,,X,23.8,29.1,552.2,21.5,
,,,,,,,SOLO,1782275927462,Wed Jun 24 2026 04:38:47 GMT+0000 (UTC),0,,,X,-10.5,9.6,560.9,21.5,
### next string
,E 4,AU-600m,2127,1721,0,0
,,,,,,,SOLO,1782275637761,Wed Jun 24 2026 04:33:57 GMT+0000 (UTC),0,,sighter,4,-213.2,149.2,501.6,21.9,
### next string
breeze.p,E 2,AU-600m,2130,1721,0,0
,,,,,,,SOLO,1750786986653,Tue Jun 24 2025 17:43:06 GMT+0000 (UTC),0,,sighter,4,-187.9,57.3,538.4,21.5,
,,,,,,,SOLO,1750787327034,Tue Jun 24 2025 17:48:47 GMT+0000 (UTC),0,,,6,-59.5,-2.8,540.3,21.6,
,,,,,,,SOLO,1750787343731,Tue Jun 24 2025 17:49:03 GMT+0000 (UTC),0,,,6,15.7,53.4,542.1,21.8,
,,,,,,,SOLO,1750787358081,Tue Jun 24 2025 17:49:18 GMT+0000 (UTC),0,,,X,-5.5,-16.6,543.1,21.8,
,,,,,,,SOLO,1750787372471,Tue Jun 24 2025 17:49:32 GMT+0000 (UTC),0,,,6,-23.2,-46.8,538.4,21.8,
,,,,,,,SOLO,1750787387213,Tue Jun 24 2025 17:49:47 GMT+0000 (UTC),0,,,6,-38,43.3,544.9,21.8,
,,,,,,,SOLO,1750787412464,Tue Jun 24 2025 17:50:12 GMT+0000 (UTC),0,,,X,-2.4,9.9,538.5,21.9,
,,,,,,,SOLO,1750787425832,Tue Jun 24 2025 17:50:25 GMT+0000 (UTC),0,,,6,-23.8,-40.4,537.6,21.9,
,,,,,,,SOLO,1750787437135,Tue Jun 24 2025 17:50:37 GMT+0000 (UTC),0,,,6,-53,60.7,539.5,21.9,
,,,,,,,SOLO,1750787452732,Tue Jun 24 2025 17:50:52 GMT+0000 (UTC),0,,,5,-62.1,-58.4,535.4,21.9,
,,,,,,,SOLO,1750787465981,Tue Jun 24 2025 17:51:05 GMT+0000 (UTC),0,,,6,-61.6,-29.7,536.8,21.9,
### next string
Johansen 137,E 5,AU-600m,2130,1722,0,0
,,,,,,,SOLO,1782272393171,Wed Jun 24 2026 03:39:53 GMT+0000 (UTC),0,,sighter,4,-187.7,-19.5,540.9,21.8,
,,,,,,,SOLO,1782272451106,Wed Jun 24 2026 03:40:51 GMT+0000 (UTC),0,,,5,84,-42.1,541.9,21.8,
,,,,,,,SOLO,1782272494136,Wed Jun 24 2026 03:41:34 GMT+0000 (UTC),0,,,5,102.5,9.4,542.9,21.7,
,,,,,,,SOLO,1782272533945,Wed Jun 24 2026 03:42:13 GMT+0000 (UTC),0,,,5,17.4,-100.2,537.6,21.7,
,,,,,,,SOLO,1782272567567,Wed Jun 24 2026 03:42:47 GMT+0000 (UTC),0,,,V,-58.2,-39.6,542.5,21.7,
,,,,,,,SOLO,1782272675188,Wed Jun 24 2026 03:44:35 GMT+0000 (UTC),0,,,V,-21.9,-30.4,540.6,21.6,
,,,,,,,SOLO,1782272747577,Wed Jun 24 2026 03:45:47 GMT+0000 (UTC),0,,,4,190.1,-6,549.6,21.8,
,,,,,,,SOLO,1782272834470,Wed Jun 24 2026 03:47:14 GMT+0000 (UTC),0,,,5,95.5,56.3,545.6,21.9,
,,,,,,,SOLO,1782272869218,Wed Jun 24 2026 03:47:49 GMT+0000 (UTC),0,,,5,-118.2,50.1,542.4,21.9,
,,,,,,,SOLO,1782272916202,Wed Jun 24 2026 03:48:36 GMT+0000 (UTC),0,,,4,-175.5,63.9,550.4,22.1,
,,,,,,,SOLO,1782273049495,Wed Jun 24 2026 03:50:49 GMT+0000 (UTC),0,,,4,-162.1,59.4,544.9,22.2,
### next string
J Pratt 125,E 6,AU-600m,2130,1720,0,0
,,,,,,,SOLO,1782272479900,Wed Jun 24 2026 03:41:19 GMT+0000 (UTC),0,,,V,-7.7,-75.8,565.3,21.7,
,,,,,,,SOLO,1782272537322,Wed Jun 24 2026 03:42:17 GMT+0000 (UTC),0,,,5,-96.1,-52.2,568.7,21.5,
,,,,,,,SOLO,1782272670723,Wed Jun 24 2026 03:44:30 GMT+0000 (UTC),0,,,4,-133.7,-111.4,563.9,21.6,
,,,,,,,SOLO,1782272742221,Wed Jun 24 2026 03:45:42 GMT+0000 (UTC),0,,,5,115.2,25.2,564,21.6,
,,,,,,,SOLO,1782272776508,Wed Jun 24 2026 03:46:16 GMT+0000 (UTC),0,,,5,161.1,-24.4,566.9,21.7,
,,,,,,,SOLO,1782272866545,Wed Jun 24 2026 03:47:46 GMT+0000 (UTC),0,,,5,-141.1,-1.8,564.3,21.9,
,,,,,,,SOLO,1782272919002,Wed Jun 24 2026 03:48:39 GMT+0000 (UTC),0,,,4,-170,6,564.7,22,
,,,,,,,SOLO,1782272956634,Wed Jun 24 2026 03:49:16 GMT+0000 (UTC),0,,,V,-31.4,-6.9,567.9,22,
,,,,,,,SOLO,1782272997512,Wed Jun 24 2026 03:49:57 GMT+0000 (UTC),0,,,5,-145.3,-24,568.4,22.1,
,,,,,,,SOLO,1782273027365,Wed Jun 24 2026 03:50:27 GMT+0000 (UTC),0,,,5,-89.9,31.8,562.2,22.1,
### next string
Ryder M,E 2,AU-600m,2130,1721,0,0
,,,,,,,SOLO,1782272363239,Wed Jun 24 2026 03:39:23 GMT+0000 (UTC),0,,,V,-25,41.6,511,21.8,
,,,,,,,SOLO,1782272404172,Wed Jun 24 2026 03:40:04 GMT+0000 (UTC),0,,,5,-128.6,-42.8,514.3,21.8,
,,,,,,,SOLO,1782272476598,Wed Jun 24 2026 03:41:16 GMT+0000 (UTC),0,,,4,197.3,-117.9,514.7,21.7,
,,,,,,,SOLO,1782272539791,Wed Jun 24 2026 03:42:19 GMT+0000 (UTC),0,,,3,31.4,334.7,511.5,21.6,
,,,,,,,SOLO,1782272595567,Wed Jun 24 2026 03:43:15 GMT+0000 (UTC),0,,,4,268.8,-79,518.7,21.6,
,,,,,,,SOLO,1782272719673,Wed Jun 24 2026 03:45:19 GMT+0000 (UTC),0,,,5,-127.7,-100.7,511.8,21.7,
,,,,,,,SOLO,1782272761384,Wed Jun 24 2026 03:46:01 GMT+0000 (UTC),0,,,4,171.3,-74.8,515.1,21.7,
,,,,,,,SOLO,1782272849643,Wed Jun 24 2026 03:47:29 GMT+0000 (UTC),0,,,4,250.4,6.8,530.9,21.9,
,,,,,,,SOLO,1782272904188,Wed Jun 24 2026 03:48:24 GMT+0000 (UTC),0,,,4,-110,-206.7,508.8,22,
,,,,,,,SOLO,1782272973602,Wed Jun 24 2026 03:49:33 GMT+0000 (UTC),0,,,3,-339,-30.9,509.4,22,
### next string
chad m,E 1,AU-600m,2130,1725,0,0
,,,,,,,SOLO,1782272405616,Wed Jun 24 2026 03:40:05 GMT+0000 (UTC),0,,,5,-64.8,-97,543.9,21.9,
,,,,,,,SOLO,1782272453455,Wed Jun 24 2026 03:40:53 GMT+0000 (UTC),0,,,5,-90.8,50.7,555.4,21.9,
,,,,,,,SOLO,1782272491172,Wed Jun 24 2026 03:41:31 GMT+0000 (UTC),0,,,5,98.5,44.9,558.9,21.9,
,,,,,,,SOLO,1782272555589,Wed Jun 24 2026 03:42:35 GMT+0000 (UTC),0,,,V,-67.3,33.5,555.8,21.8,
,,,,,,,SOLO,1782272641574,Wed Jun 24 2026 03:44:01 GMT+0000 (UTC),0,,,4,176.7,-22.3,552.5,21.7,
,,,,,,,SOLO,1782272679973,Wed Jun 24 2026 03:44:39 GMT+0000 (UTC),0,,,V,-65.1,-38.2,556.9,21.7,
,,,,,,,SOLO,1782272716011,Wed Jun 24 2026 03:45:16 GMT+0000 (UTC),0,,,5,-59.5,-73.8,553.4,21.9,
,,,,,,,SOLO,1782272840777,Wed Jun 24 2026 03:47:20 GMT+0000 (UTC),0,,,4,236.5,-5.3,565.3,22.1,
,,,,,,,SOLO,1782272885263,Wed Jun 24 2026 03:48:05 GMT+0000 (UTC),0,,,4,-165.9,-4.4,553.2,22.1,
,,,,,,,SOLO,1782272917675,Wed Jun 24 2026 03:48:37 GMT+0000 (UTC),0,,,5,-103,40.3,558.5,22.1,
### next string
,E 3,AU-500m,2130,1720,0,0
### next string
,E 6,AU-500m,2130,1720,0,0
### next string
,E 2,AU-500m,2130,1721,0,0
### next string
,E 5,AU-500m,2130,1722,0,0
### next string
Lee 149,E 4,AU-500m,2127,1721,0,0
,,,,,,,SOLO,1782269580141,Wed Jun 24 2026 02:53:00 GMT+0000 (UTC),0,,sighter,4,-297,-134.8,562.8,22.3,
,,,,,,,SOLO,1782269649285,Wed Jun 24 2026 02:54:09 GMT+0000 (UTC),0,,,5,73.5,-36.7,564.1,22.1,
,,,,,,,SOLO,1782269756734,Wed Jun 24 2026 02:55:56 GMT+0000 (UTC),0,,,5,-58.4,-73.2,571.5,22,
,,,,,,,SOLO,1782269808253,Wed Jun 24 2026 02:56:48 GMT+0000 (UTC),0,,,5,-107.2,95.7,574.8,22,
,,,,,,,SOLO,1782269851745,Wed Jun 24 2026 02:57:31 GMT+0000 (UTC),0,,,5,53.8,90,567,22,
,,,,,,,SOLO,1782269900781,Wed Jun 24 2026 02:58:20 GMT+0000 (UTC),0,,,V,-23.8,26.2,570.3,22,
,,,,,,,SOLO,1782269964073,Wed Jun 24 2026 02:59:24 GMT+0000 (UTC),0,,,5,-56.7,57.1,562.9,22.1,
,,,,,,,SOLO,1782270023411,Wed Jun 24 2026 03:00:23 GMT+0000 (UTC),0,,,V,26.9,52.9,569,22.1,
,,,,,,,SOLO,1782270087385,Wed Jun 24 2026 03:01:27 GMT+0000 (UTC),0,,,3,-323.5,107,581.1,22.1,
,,,,,,,SOLO,1782270191485,Wed Jun 24 2026 03:03:11 GMT+0000 (UTC),0,,,5,60.9,-83.3,564.4,21.8,
,,,,,,,SOLO,1782270239314,Wed Jun 24 2026 03:03:59 GMT+0000 (UTC),0,,,5,90.3,-65.8,569.1,21.8,
### next string
Watson 62,E 3,AU-500m,2130,1720,0,0
,,,,,,,SOLO,1782269141374,Wed Jun 24 2026 02:45:41 GMT+0000 (UTC),0,,sighter,4,-127.6,107.9,670.8,22,
,,,,,,,SOLO,1782269204907,Wed Jun 24 2026 02:46:44 GMT+0000 (UTC),0,,,6,4.3,-50.7,674.7,22.1,
,,,,,,,SOLO,1782269230859,Wed Jun 24 2026 02:47:10 GMT+0000 (UTC),0,,,X,-25.5,-0.4,683.4,22.1,
,,,,,,,SOLO,1782269248463,Wed Jun 24 2026 02:47:28 GMT+0000 (UTC),0,,,6,60.1,-9.1,672.2,22.1,
,,,,,,,SOLO,1782269282251,Wed Jun 24 2026 02:48:02 GMT+0000 (UTC),0,,,X,-10.9,-18.4,678.6,22.1,
,,,,,,,SOLO,1782269296554,Wed Jun 24 2026 02:48:16 GMT+0000 (UTC),0,,,6,-56.4,5.4,671.3,22.1,
,,,,,,,SOLO,1782269315116,Wed Jun 24 2026 02:48:35 GMT+0000 (UTC),0,,,6,-52,51.3,678.1,22.1,
,,,,,,,SOLO,1782269414985,Wed Jun 24 2026 02:50:14 GMT+0000 (UTC),0,,,X,-18.3,-2.7,685.8,22.3,
,,,,,,,SOLO,1782269430674,Wed Jun 24 2026 02:50:30 GMT+0000 (UTC),0,,,X,-7.6,-10.7,667.3,22.3,
,,,,,,,SOLO,1782269487096,Wed Jun 24 2026 02:51:27 GMT+0000 (UTC),0,,,6,30.7,51.1,699.5,22.3,
,,,,,,,SOLO,1782269500974,Wed Jun 24 2026 02:51:40 GMT+0000 (UTC),0,,,X,7.9,13,671.5,22.3,
### next string
Tkachenko K,E 4,AU-500m,2127,1721,0,0
,,,,,,,SOLO,1782268852445,Wed Jun 24 2026 02:40:52 GMT+0000 (UTC),0,,sighter,3,-245.1,275.6,568.6,22.1,
,,,,,,,SOLO,1782268928590,Wed Jun 24 2026 02:42:08 GMT+0000 (UTC),0,,sighter,V,-12,-8.9,566.3,22.1,
,,,,,,,SOLO,1782268967357,Wed Jun 24 2026 02:42:47 GMT+0000 (UTC),0,,,V,-29.8,5.8,566.3,22.1,
,,,,,,,SOLO,1782269027144,Wed Jun 24 2026 02:43:47 GMT+0000 (UTC),0,,,4,-26.8,160.7,572.9,22.1,
,,,,,,,SOLO,1782269070357,Wed Jun 24 2026 02:44:30 GMT+0000 (UTC),0,,,4,-164.7,63.7,566.9,22.2,
,,,,,,,SOLO,1782269122352,Wed Jun 24 2026 02:45:22 GMT+0000 (UTC),0,,,5,-107.1,19.4,564.1,22.2,
,,,,,,,SOLO,1782269151257,Wed Jun 24 2026 02:45:51 GMT+0000 (UTC),0,,,4,-181.4,-54.7,565,22.2,
,,,,,,,SOLO,1782269208257,Wed Jun 24 2026 02:46:48 GMT+0000 (UTC),0,,,4,238.8,13,570.7,22.2,
,,,,,,,SOLO,1782269268042,Wed Jun 24 2026 02:47:48 GMT+0000 (UTC),0,,,5,-122.9,56.6,562.4,22.3,
,,,,,,,SOLO,1782269370487,Wed Jun 24 2026 02:49:30 GMT+0000 (UTC),0,,,5,37.9,76.4,569.8,22.3,
,,,,,,,SOLO,1782269416472,Wed Jun 24 2026 02:50:16 GMT+0000 (UTC),0,,,5,-96.4,-77.8,559.3,22.4,
### next string
Bartlett 141,E 6,AU-500m,2130,1720,0,0
,,,,,,,SOLO,1782268837465,Wed Jun 24 2026 02:40:37 GMT+0000 (UTC),0,,sighter,5,-142.1,10.2,638.3,22,
,,,,,,,SOLO,1782268862385,Wed Jun 24 2026 02:41:02 GMT+0000 (UTC),0,,sighter,5,81,56.2,639.5,22,
,,,,,,,SOLO,1782268907580,Wed Jun 24 2026 02:41:47 GMT+0000 (UTC),0,,,4,-172.1,17.6,638,22,
,,,,,,,SOLO,1782268950553,Wed Jun 24 2026 02:42:30 GMT+0000 (UTC),0,,,6,62,-12.1,635.6,22.1,
,,,,,,,SOLO,1782268975483,Wed Jun 24 2026 02:42:55 GMT+0000 (UTC),0,,,6,52.5,-13.6,636.1,22.1,
,,,,,,,SOLO,1782268996460,Wed Jun 24 2026 02:43:16 GMT+0000 (UTC),0,,,X,-5.8,-8.2,639.1,22.1,
,,,,,,,SOLO,1782269009375,Wed Jun 24 2026 02:43:29 GMT+0000 (UTC),0,,,X,24.3,22.9,642.7,22.1,
,,,,,,,SOLO,1782269034269,Wed Jun 24 2026 02:43:54 GMT+0000 (UTC),0,,,X,-6.8,-7.2,638.4,22.1,
,,,,,,,SOLO,1782269054273,Wed Jun 24 2026 02:44:14 GMT+0000 (UTC),0,,,5,23.2,-131.8,613.5,22.1,
,,,,,,,SOLO,1782269099711,Wed Jun 24 2026 02:44:59 GMT+0000 (UTC),0,,,5,-51.7,-69.5,626.4,22.1,
,,,,,,,SOLO,1782269130106,Wed Jun 24 2026 02:45:30 GMT+0000 (UTC),0,,,5,-19.4,-74.9,620.4,22.1,
,,,,,,,SOLO,1782269163007,Wed Jun 24 2026 02:46:03 GMT+0000 (UTC),0,,,X,-9.4,-14.8,618.3,22.1,
### next string
lucas,E 1,AU-500m,2130,1725,0,0
,,,,,,,SOLO,1782268693332,Wed Jun 24 2026 02:38:13 GMT+0000 (UTC),0,,sighter,5,-89.9,-74.3,628.4,22,
,,,,,,,SOLO,1782268726191,Wed Jun 24 2026 02:38:46 GMT+0000 (UTC),0,,sighter,5,39.9,84.7,632.2,22,
,,,,,,,SOLO,1782268757288,Wed Jun 24 2026 02:39:17 GMT+0000 (UTC),0,,,V,18.8,-34.2,636.4,22,
,,,,,,,SOLO,1782268769987,Wed Jun 24 2026 02:39:29 GMT+0000 (UTC),0,,,V,13,14.2,628.2,22.1,
,,,,,,,SOLO,1782268783334,Wed Jun 24 2026 02:39:43 GMT+0000 (UTC),0,,,5,108.1,28.7,651.7,22.1,
,,,,,,,SOLO,1782268797985,Wed Jun 24 2026 02:39:57 GMT+0000 (UTC),0,,,V,54.1,-3.3,634.5,22.1,
,,,,,,,SOLO,1782268812766,Wed Jun 24 2026 02:40:12 GMT+0000 (UTC),0,,,5,34.7,116.3,637,22.1,
,,,,,,,SOLO,1782268836891,Wed Jun 24 2026 02:40:36 GMT+0000 (UTC),0,,,5,-52.7,95.2,631.1,22.1,
,,,,,,,SOLO,1782268859269,Wed Jun 24 2026 02:40:59 GMT+0000 (UTC),0,,,5,95.4,30.7,635.2,22.1,
,,,,,,,SOLO,1782268876519,Wed Jun 24 2026 02:41:16 GMT+0000 (UTC),0,,,V,27.8,-6.5,630.8,22.1,
,,,,,,,SOLO,1782268889575,Wed Jun 24 2026 02:41:29 GMT+0000 (UTC),0,,,V,9.2,38.6,618.2,22.1,
,,,,,,,SOLO,1782268903251,Wed Jun 24 2026 02:41:43 GMT+0000 (UTC),0,,,5,-42.4,102.8,637.3,22.1,
### next string
kelly m,E 2,AU-500m,2130,1721,0,0
,,,,,,,SOLO,1782268755704,Wed Jun 24 2026 02:39:15 GMT+0000 (UTC),0,,sighter,5,94.2,76.4,635.4,21.6,
,,,,,,,SOLO,1782268796100,Wed Jun 24 2026 02:39:56 GMT+0000 (UTC),0,,,X,25.3,18.8,632.3,21.9,
,,,,,,,SOLO,1782268815609,Wed Jun 24 2026 02:40:15 GMT+0000 (UTC),0,,,5,-74.7,49.3,627.8,21.9,
,,,,,,,SOLO,1782268861316,Wed Jun 24 2026 02:41:01 GMT+0000 (UTC),0,,,6,28.8,59.5,665.6,21.9,
,,,,,,,SOLO,1782268875061,Wed Jun 24 2026 02:41:15 GMT+0000 (UTC),0,,,6,22,-54.2,630.8,21.9,
,,,,,,,SOLO,1782268899016,Wed Jun 24 2026 02:41:39 GMT+0000 (UTC),0,,,6,38,59.7,630.8,21.9,
,,,,,,,SOLO,1782268911289,Wed Jun 24 2026 02:41:51 GMT+0000 (UTC),0,,,6,-48.4,-6.3,628.5,21.9,
,,,,,,,SOLO,1782268926066,Wed Jun 24 2026 02:42:06 GMT+0000 (UTC),0,,,6,59.5,-14.9,630.6,21.9,
,,,,,,,SOLO,1782268939701,Wed Jun 24 2026 02:42:19 GMT+0000 (UTC),0,,,X,-15.7,6.3,623.2,21.9,
,,,,,,,SOLO,1782268951193,Wed Jun 24 2026 02:42:31 GMT+0000 (UTC),0,,,6,35.4,-26.2,624.2,21.9,
,,,,,,,SOLO,1782268962450,Wed Jun 24 2026 02:42:42 GMT+0000 (UTC),0,,,6,37,-50,631.5,22,
### next string
warrian 77,E 3,AU-500m,2130,1720,0,0
,,,,,,,SOLO,1782268424965,Wed Jun 24 2026 02:33:44 GMT+0000 (UTC),0,,sighter,4,27.7,-180.5,639.1,21.6,
,,,,,,,SOLO,1782268501553,Wed Jun 24 2026 02:35:01 GMT+0000 (UTC),0,,,X,32.3,7.3,636,21.4,
,,,,,,,SOLO,1782268556940,Wed Jun 24 2026 02:35:56 GMT+0000 (UTC),0,,,6,72.1,15,634.6,21.4,
,,,,,,,SOLO,1782268595393,Wed Jun 24 2026 02:36:35 GMT+0000 (UTC),0,,,X,0.1,-20.6,632.5,21.4,
,,,,,,,SOLO,1782268642172,Wed Jun 24 2026 02:37:22 GMT+0000 (UTC),0,,,5,99.6,-5.5,649.7,21.6,
,,,,,,,SOLO,1782268696815,Wed Jun 24 2026 02:38:16 GMT+0000 (UTC),0,,,6,-40.8,10.5,637.2,21.6,
,,,,,,,SOLO,1782268734257,Wed Jun 24 2026 02:38:54 GMT+0000 (UTC),0,,,6,-51.9,43.9,651.9,21.8,
,,,,,,,SOLO,1782268772984,Wed Jun 24 2026 02:39:32 GMT+0000 (UTC),0,,,5,22.8,93.3,646.6,21.8,
,,,,,,,SOLO,1782268829582,Wed Jun 24 2026 02:40:29 GMT+0000 (UTC),0,,,6,-29.6,41.8,641.7,22,
,,,,,,,SOLO,1782268868008,Wed Jun 24 2026 02:41:08 GMT+0000 (UTC),0,,,6,-41.1,-34.7,633,22,
,,,,,,,SOLO,1782268937832,Wed Jun 24 2026 02:42:17 GMT+0000 (UTC),0,,,5,18.3,96,631.4,22,
### next string
43 crisp,E 6,AU-500m,2130,1720,0,0
,,,,,,,SOLO,1782268126662,Wed Jun 24 2026 02:28:46 GMT+0000 (UTC),0,,sighter,6,-63.2,10.1,642.8,21.6,
,,,,,,,SOLO,1782268208719,Wed Jun 24 2026 02:30:08 GMT+0000 (UTC),0,,sighter,5,-83.7,59,651.3,21.7,
,,,,,,,SOLO,1782268248955,Wed Jun 24 2026 02:30:48 GMT+0000 (UTC),0,,,6,-42.4,55,638.7,21.7,
,,,,,,,SOLO,1782268290162,Wed Jun 24 2026 02:31:30 GMT+0000 (UTC),0,,,5,-67.8,70.6,651,21.7,
,,,,,,,SOLO,1782268357764,Wed Jun 24 2026 02:32:37 GMT+0000 (UTC),0,,,5,-85.7,41.3,638.2,21.7,
,,,,,,,SOLO,1782268421471,Wed Jun 24 2026 02:33:41 GMT+0000 (UTC),0,,,X,18.8,16.1,641.2,21.7,
,,,,,,,SOLO,1782268445870,Wed Jun 24 2026 02:34:05 GMT+0000 (UTC),0,,,5,104.7,26.1,644.1,21.7,
,,,,,,,SOLO,1782268525808,Wed Jun 24 2026 02:35:25 GMT+0000 (UTC),0,,,X,13.8,31,637.3,21.6,
,,,,,,,SOLO,1782268551827,Wed Jun 24 2026 02:35:51 GMT+0000 (UTC),0,,,5,86.2,-1,641.1,21.5,
,,,,,,,SOLO,1782268655228,Wed Jun 24 2026 02:37:35 GMT+0000 (UTC),0,,,5,53,56.3,645.6,21.7,
,,,,,,,SOLO,1782268712685,Wed Jun 24 2026 02:38:32 GMT+0000 (UTC),0,,,X,-5.8,14.4,637.5,21.8,
,,,,,,,SOLO,1782268733465,Wed Jun 24 2026 02:38:53 GMT+0000 (UTC),0,,,X,-4.4,-17.2,641.8,21.8,
### next string
Jamieson 69,E 5,AU-500m,2130,1722,0,0
,,,,,,,SOLO,1782268316502,Wed Jun 24 2026 02:31:56 GMT+0000 (UTC),0,,sighter,4,-264.4,82,627.8,21.9,
,,,,,,,SOLO,1782268368106,Wed Jun 24 2026 02:32:48 GMT+0000 (UTC),0,,sighter,4,-149.4,-33.3,605.7,21.9,
,,,,,,,SOLO,1782268415166,Wed Jun 24 2026 02:33:35 GMT+0000 (UTC),0,,,4,160.4,49.8,602.3,21.9,
,,,,,,,SOLO,1782268449147,Wed Jun 24 2026 02:34:09 GMT+0000 (UTC),0,,,5,116.3,12.9,599.3,21.9,
,,,,,,,SOLO,1782268486886,Wed Jun 24 2026 02:34:46 GMT+0000 (UTC),0,,,5,-79.2,19.6,608.8,21.7,
,,,,,,,SOLO,1782268503568,Wed Jun 24 2026 02:35:03 GMT+0000 (UTC),0,,,X,33.4,22.3,606.4,21.7,
,,,,,,,SOLO,1782268519171,Wed Jun 24 2026 02:35:19 GMT+0000 (UTC),0,,,6,63.5,-5.5,610.8,21.7,
,,,,,,,SOLO,1782268535569,Wed Jun 24 2026 02:35:35 GMT+0000 (UTC),0,,,X,22.3,-20,602.9,21.7,
,,,,,,,SOLO,1782268552532,Wed Jun 24 2026 02:35:52 GMT+0000 (UTC),0,,,X,12.8,10.2,606,21.6,
,,,,,,,SOLO,1782268565699,Wed Jun 24 2026 02:36:05 GMT+0000 (UTC),0,,,X,23.3,-14.7,606.1,21.6,
,,,,,,,SOLO,1782268580635,Wed Jun 24 2026 02:36:20 GMT+0000 (UTC),0,,,X,-15,9.5,608.2,21.6,
,,,,,,,SOLO,1782268592365,Wed Jun 24 2026 02:36:32 GMT+0000 (UTC),0,,,6,54.1,12,611.2,21.6,
### next string
Betts PB,E 1,AU-500m,2130,1725,0,0
,,,,,,,SOLO,1782268179688,Wed Jun 24 2026 02:29:39 GMT+0000 (UTC),0,,sighter,5,-29.5,142.2,614.9,21.9,
,,,,,,,SOLO,1782268211982,Wed Jun 24 2026 02:30:11 GMT+0000 (UTC),0,,sighter,4,-220.3,66.9,614.4,21.9,
,,,,,,,SOLO,1782268257053,Wed Jun 24 2026 02:30:57 GMT+0000 (UTC),0,,,5,98.8,5.6,607.4,21.9,
,,,,,,,SOLO,1782268283668,Wed Jun 24 2026 02:31:23 GMT+0000 (UTC),0,,,5,-58.7,-78.5,606.9,21.9,
,,,,,,,SOLO,1782268325840,Wed Jun 24 2026 02:32:05 GMT+0000 (UTC),0,,,V,8.5,21.9,613,21.9,
,,,,,,,SOLO,1782268358243,Wed Jun 24 2026 02:32:38 GMT+0000 (UTC),0,,,5,-20.6,77.5,615.1,21.9,
,,,,,,,SOLO,1782268381918,Wed Jun 24 2026 02:33:01 GMT+0000 (UTC),0,,,4,214.2,73.5,616.2,21.9,
,,,,,,,SOLO,1782268407852,Wed Jun 24 2026 02:33:27 GMT+0000 (UTC),0,,,5,-91.8,82.5,618,21.8,
,,,,,,,SOLO,1782268426070,Wed Jun 24 2026 02:33:46 GMT+0000 (UTC),0,,,4,173,17.9,613.3,21.8,
,,,,,,,SOLO,1782268447470,Wed Jun 24 2026 02:34:07 GMT+0000 (UTC),0,,,V,2.1,30.4,622.1,21.8,
,,,,,,,SOLO,1782268470226,Wed Jun 24 2026 02:34:30 GMT+0000 (UTC),0,,,4,157.3,64.5,603.6,21.6,
,,,,,,,SOLO,1782268493688,Wed Jun 24 2026 02:34:53 GMT+0000 (UTC),0,,,5,-78,59.2,618,21.6,
### next string
Phipps 7,E 3,AU-500m,2130,1720,0,0
,,,,,,,SOLO,1782267967483,Wed Jun 24 2026 02:26:07 GMT+0000 (UTC),0,,sighter,5,-94.5,33.9,592.2,21.5,
,,,,,,,SOLO,1782267994633,Wed Jun 24 2026 02:26:34 GMT+0000 (UTC),0,,,6,37.4,45.1,595.3,21.6,
,,,,,,,SOLO,1782268026026,Wed Jun 24 2026 02:27:06 GMT+0000 (UTC),0,,,5,128.2,64.7,597.5,21.6,
,,,,,,,SOLO,1782268085597,Wed Jun 24 2026 02:28:05 GMT+0000 (UTC),0,,,X,-24.3,-22.9,599,21.6,
,,,,,,,SOLO,1782268107210,Wed Jun 24 2026 02:28:27 GMT+0000 (UTC),0,,,6,31.9,-28.1,592.4,21.6,
,,,,,,,SOLO,1782268123596,Wed Jun 24 2026 02:28:43 GMT+0000 (UTC),0,,,6,48.8,-10.9,590.9,21.6,
,,,,,,,SOLO,1782268135965,Wed Jun 24 2026 02:28:55 GMT+0000 (UTC),0,,,6,63.3,10.8,590.7,21.5,
,,,,,,,SOLO,1782268148694,Wed Jun 24 2026 02:29:08 GMT+0000 (UTC),0,,,5,83.6,-25.6,588.8,21.5,
,,,,,,,SOLO,1782268190591,Wed Jun 24 2026 02:29:50 GMT+0000 (UTC),0,,,5,-81.8,0.7,594.6,21.5,
,,,,,,,SOLO,1782268214666,Wed Jun 24 2026 02:30:14 GMT+0000 (UTC),0,,,X,-18.8,-15.2,588.1,21.6,
,,,,,,,SOLO,1782268243146,Wed Jun 24 2026 02:30:43 GMT+0000 (UTC),0,,,6,41.3,-32.5,590.4,21.6,
### next string
hill500,E 5,AU-500m,2130,1722,0,0
,,,,,,,SOLO,1782267841917,Wed Jun 24 2026 02:24:01 GMT+0000 (UTC),0,,,5,-115.4,63.9,660.3,21.8,
,,,,,,,SOLO,1782267891914,Wed Jun 24 2026 02:24:51 GMT+0000 (UTC),0,,,6,60.9,4.6,662.5,21.6,
,,,,,,,SOLO,1782267932022,Wed Jun 24 2026 02:25:32 GMT+0000 (UTC),0,,,6,-39.3,59.1,665.4,21.6,
,,,,,,,SOLO,1782267953434,Wed Jun 24 2026 02:25:53 GMT+0000 (UTC),0,,,5,-59.4,-88.7,658.2,21.7,
,,,,,,,SOLO,1782268027325,Wed Jun 24 2026 02:27:07 GMT+0000 (UTC),0,,,6,48.7,54.4,672.2,21.7,
,,,,,,,SOLO,1782268041854,Wed Jun 24 2026 02:27:21 GMT+0000 (UTC),0,,,6,-2.9,41.2,663.2,21.7,
,,,,,,,SOLO,1782268051890,Wed Jun 24 2026 02:27:31 GMT+0000 (UTC),0,,,6,61,-7.2,659.6,21.7,
,,,,,,,SOLO,1782268065886,Wed Jun 24 2026 02:27:45 GMT+0000 (UTC),0,,,5,-28.2,-130.6,658.4,21.7,
,,,,,,,SOLO,1782268094812,Wed Jun 24 2026 02:28:14 GMT+0000 (UTC),0,,,4,149.8,40,657.9,21.7,
,,,,,,,SOLO,1782268137989,Wed Jun 24 2026 02:28:57 GMT+0000 (UTC),0,,,X,-30,-22.6,664.7,21.7,
,,,,,,,SOLO,1782268155535,Wed Jun 24 2026 02:29:15 GMT+0000 (UTC),0,,,5,73.8,41.8,660,21.7,
### next string
Singh A,E 1,AU-500m,2130,1725,0,0
,,,,,,,SOLO,1782267419626,Wed Jun 24 2026 02:16:59 GMT+0000 (UTC),0,,sighter,3,-343.6,-128.6,575.9,21.8,
,,,,,,,SOLO,1782267477195,Wed Jun 24 2026 02:17:57 GMT+0000 (UTC),0,,,5,-35.1,-134.6,580.8,21.7,
,,,,,,,SOLO,1782267523755,Wed Jun 24 2026 02:18:43 GMT+0000 (UTC),0,,,5,-110.4,0.3,575.1,21.7,
,,,,,,,SOLO,1782267576942,Wed Jun 24 2026 02:19:36 GMT+0000 (UTC),0,,,5,18.3,-77.2,575.7,21.7,
,,,,,,,SOLO,1782267686727,Wed Jun 24 2026 02:21:26 GMT+0000 (UTC),0,,,4,172.4,-62.9,582.2,21.9,
,,,,,,,SOLO,1782267751365,Wed Jun 24 2026 02:22:31 GMT+0000 (UTC),0,,,5,-124.7,59.1,574.9,21.9,
,,,,,,,SOLO,1782267840430,Wed Jun 24 2026 02:24:00 GMT+0000 (UTC),0,,,5,76.5,90.9,579.7,21.9,
,,,,,,,SOLO,1782267894704,Wed Jun 24 2026 02:24:54 GMT+0000 (UTC),0,,,5,39.8,96.3,572.3,21.8,
,,,,,,,SOLO,1782267946903,Wed Jun 24 2026 02:25:46 GMT+0000 (UTC),0,,,5,-67.8,-93.3,572.7,21.8,
,,,,,,,SOLO,1782268019925,Wed Jun 24 2026 02:26:59 GMT+0000 (UTC),0,,,V,21.2,0,571.2,21.8,
,,,,,,,SOLO,1782268076854,Wed Jun 24 2026 02:27:56 GMT+0000 (UTC),0,,,V,57,25.2,572.6,21.8,
### next string
pedrana 181,E 3,AU-500m,2130,1720,0,0
,,,,,,,SOLO,1782267446530,Wed Jun 24 2026 02:17:26 GMT+0000 (UTC),0,,sighter,4,-168.6,49.9,598,21.5,
,,,,,,,SOLO,1782267497380,Wed Jun 24 2026 02:18:17 GMT+0000 (UTC),0,,,6,51.4,18.6,601.7,21.6,
,,,,,,,SOLO,1782267521346,Wed Jun 24 2026 02:18:41 GMT+0000 (UTC),0,,,5,120,-20.9,602.1,21.6,
,,,,,,,SOLO,1782267569587,Wed Jun 24 2026 02:19:29 GMT+0000 (UTC),0,,,6,-57,-9.9,597.3,21.6,
,,,,,,,SOLO,1782267587197,Wed Jun 24 2026 02:19:47 GMT+0000 (UTC),0,,,6,70.9,-0.5,599.4,21.6,
,,,,,,,SOLO,1782267604064,Wed Jun 24 2026 02:20:04 GMT+0000 (UTC),0,,,4,164.4,15.9,598.2,21.6,
,,,,,,,SOLO,1782267667225,Wed Jun 24 2026 02:21:07 GMT+0000 (UTC),0,,,6,32.5,-28.3,601.7,21.6,
,,,,,,,SOLO,1782267692165,Wed Jun 24 2026 02:21:32 GMT+0000 (UTC),0,,,5,138.5,-20.5,596.8,21.6,
,,,,,,,SOLO,1782267737853,Wed Jun 24 2026 02:22:17 GMT+0000 (UTC),0,,,X,13.9,20.9,606.1,21.6,
,,,,,,,SOLO,1782267753008,Wed Jun 24 2026 02:22:33 GMT+0000 (UTC),0,,,6,67.4,-34.4,600.9,21.6,
,,,,,,,SOLO,1782267776358,Wed Jun 24 2026 02:22:56 GMT+0000 (UTC),0,,,X,-29,11.4,598.2,21.6,
### next string
Galea #124,E 6,AU-500m,2130,1720,0,0
,,,,,,,SOLO,1782267607437,Wed Jun 24 2026 02:20:07 GMT+0000 (UTC),0,,,6,39.8,-43.8,600.7,21.8,
,,,,,,,SOLO,1782267632210,Wed Jun 24 2026 02:20:32 GMT+0000 (UTC),0,,,X,-35.1,12.4,610.3,21.8,
,,,,,,,SOLO,1782267644527,Wed Jun 24 2026 02:20:44 GMT+0000 (UTC),0,,,X,4.9,-37.5,597.6,21.8,
,,,,,,,SOLO,1782267654191,Wed Jun 24 2026 02:20:54 GMT+0000 (UTC),0,,,6,46.1,4.6,606.6,21.8,
,,,,,,,SOLO,1782267664179,Wed Jun 24 2026 02:21:04 GMT+0000 (UTC),0,,,6,73.8,-18.9,601,21.8,
,,,,,,,SOLO,1782267673369,Wed Jun 24 2026 02:21:13 GMT+0000 (UTC),0,,,6,38.6,13.8,608.8,21.8,
,,,,,,,SOLO,1782267683872,Wed Jun 24 2026 02:21:23 GMT+0000 (UTC),0,,,6,63,-40,601.1,21.7,
,,,,,,,SOLO,1782267698541,Wed Jun 24 2026 02:21:38 GMT+0000 (UTC),0,,,X,-4.3,-34.1,606.8,21.7,
,,,,,,,SOLO,1782267709334,Wed Jun 24 2026 02:21:49 GMT+0000 (UTC),0,,,5,-23.6,-82.3,606.7,21.7,
,,,,,,,SOLO,1782267734279,Wed Jun 24 2026 02:22:14 GMT+0000 (UTC),0,,,6,-45.8,-2.6,601.6,21.7,
### next string
Muljoatmodjo 129,E 5,AU-500m,2130,1722,0,0
,,,,,,,SOLO,1782267188993,Wed Jun 24 2026 02:13:08 GMT+0000 (UTC),0,,sighter,4,-175.6,41.2,591.8,22,
,,,,,,,SOLO,1782267278932,Wed Jun 24 2026 02:14:38 GMT+0000 (UTC),0,,,6,-72.5,8.1,596.4,21.9,
,,,,,,,SOLO,1782267316138,Wed Jun 24 2026 02:15:16 GMT+0000 (UTC),0,,,6,-26.6,32.1,592.7,21.8,
,,,,,,,SOLO,1782267347704,Wed Jun 24 2026 02:15:47 GMT+0000 (UTC),0,,,5,52.3,69,589.6,21.8,
,,,,,,,SOLO,1782267389574,Wed Jun 24 2026 02:16:29 GMT+0000 (UTC),0,,,6,-52.1,-1.8,594.3,21.6,
,,,,,,,SOLO,1782267416928,Wed Jun 24 2026 02:16:56 GMT+0000 (UTC),0,,,6,-39.1,18.3,593.9,21.6,
,,,,,,,SOLO,1782267454528,Wed Jun 24 2026 02:17:34 GMT+0000 (UTC),0,,,X,1.2,-4.5,587.1,21.7,
,,,,,,,SOLO,1782267474806,Wed Jun 24 2026 02:17:54 GMT+0000 (UTC),0,,,X,-2.6,21.1,595.3,21.7,
,,,,,,,SOLO,1782267495326,Wed Jun 24 2026 02:18:15 GMT+0000 (UTC),0,,,6,38.3,-53.8,592.9,21.7,
,,,,,,,SOLO,1782267523141,Wed Jun 24 2026 02:18:43 GMT+0000 (UTC),0,,,6,51.1,51.9,591.3,21.8,
,,,,,,,SOLO,1782267565880,Wed Jun 24 2026 02:19:25 GMT+0000 (UTC),0,,,6,-51.2,-26.2,594,21.8,
### next string
McIntosh 10,E 6,AU-500m,2130,1720,0,0
,,,,,,,SOLO,1782266817357,Wed Jun 24 2026 02:06:57 GMT+0000 (UTC),0,,sighter,4,-153,13.2,615.4,22,
,,,,,,,SOLO,1782266863137,Wed Jun 24 2026 02:07:43 GMT+0000 (UTC),0,,,5,-109.6,93.6,613.9,22.1,
,,,,,,,SOLO,1782266979246,Wed Jun 24 2026 02:09:39 GMT+0000 (UTC),0,,,5,76.2,30.6,619.6,22.1,
,,,,,,,SOLO,1782267037401,Wed Jun 24 2026 02:10:37 GMT+0000 (UTC),0,,,5,70.6,119.2,615,22.1,
,,,,,,,SOLO,1782267101306,Wed Jun 24 2026 02:11:41 GMT+0000 (UTC),0,,,V,-55.1,-30.6,601.5,22,
,,,,,,,SOLO,1782267146910,Wed Jun 24 2026 02:12:26 GMT+0000 (UTC),0,,,V,-34.3,36.3,609.6,21.9,
,,,,,,,SOLO,1782267197792,Wed Jun 24 2026 02:13:17 GMT+0000 (UTC),0,,,5,12.9,-108,617.6,21.8,
,,,,,,,SOLO,1782267240748,Wed Jun 24 2026 02:14:00 GMT+0000 (UTC),0,,,V,-1.7,-64.2,607.2,21.8,
,,,,,,,SOLO,1782267276036,Wed Jun 24 2026 02:14:36 GMT+0000 (UTC),0,,,V,15.2,9.2,607.5,21.8,
,,,,,,,SOLO,1782267319277,Wed Jun 24 2026 02:15:19 GMT+0000 (UTC),0,,,V,-33.9,-65.8,621.9,21.8,
,,,,,,,SOLO,1782267437475,Wed Jun 24 2026 02:17:17 GMT+0000 (UTC),0,,,5,-75.7,46.7,616.7,21.6,
### next string
M Johansen138,E 3,AU-500m,2130,1720,0,0
,,,,,,,SOLO,1782266883938,Wed Jun 24 2026 02:08:03 GMT+0000 (UTC),0,,sighter,5,38.6,-110,609,22.1,
,,,,,,,SOLO,1782266925435,Wed Jun 24 2026 02:08:45 GMT+0000 (UTC),0,,sighter,4,-14,-161.3,602.2,21.9,
,,,,,,,SOLO,1782266970074,Wed Jun 24 2026 02:09:30 GMT+0000 (UTC),0,,,5,-33,-87.1,604.8,21.9,
,,,,,,,SOLO,1782267048433,Wed Jun 24 2026 02:10:48 GMT+0000 (UTC),0,,,V,24.5,-70.3,610.8,22,
,,,,,,,SOLO,1782267088185,Wed Jun 24 2026 02:11:28 GMT+0000 (UTC),0,,,4,-155,48.6,612.5,21.9,
,,,,,,,SOLO,1782267153406,Wed Jun 24 2026 02:12:33 GMT+0000 (UTC),0,,,5,-105,-5.9,613.4,21.7,
,,,,,,,SOLO,1782267195064,Wed Jun 24 2026 02:13:15 GMT+0000 (UTC),0,,,5,97,-76,607.6,21.8,
,,,,,,,SOLO,1782267234329,Wed Jun 24 2026 02:13:54 GMT+0000 (UTC),0,,,V,16.5,-0.9,608.9,21.8,
,,,,,,,SOLO,1782267260088,Wed Jun 24 2026 02:14:20 GMT+0000 (UTC),0,,,5,70.6,-38.1,603,21.8,
,,,,,,,SOLO,1782267290407,Wed Jun 24 2026 02:14:50 GMT+0000 (UTC),0,,,V,47.5,28.1,605.2,21.7,
,,,,,,,SOLO,1782267321680,Wed Jun 24 2026 02:15:21 GMT+0000 (UTC),0,,,5,-47.5,96.2,606.6,21.7,
,,,,,,,SOLO,1782267347408,Wed Jun 24 2026 02:15:47 GMT+0000 (UTC),0,,,V,4,22.9,613.2,21.6,
### next string
Kanwar I,E 1,AU-500m,2130,1725,0,0
,,,,,,,SOLO,1782266433863,Wed Jun 24 2026 02:00:33 GMT+0000 (UTC),0,,sighter,4,-221.5,167.3,570.3,22.1,
,,,,,,,SOLO,1782266519045,Wed Jun 24 2026 02:01:59 GMT+0000 (UTC),0,,sighter,3,103.1,-329.3,571.1,21.9,
,,,,,,,SOLO,1782266620656,Wed Jun 24 2026 02:03:40 GMT+0000 (UTC),0,,,4,-117.5,-103.8,573,21.9,
,,,,,,,SOLO,1782266720433,Wed Jun 24 2026 02:05:20 GMT+0000 (UTC),0,,,4,227.9,26.9,575.9,22.2,
,,,,,,,SOLO,1782266800468,Wed Jun 24 2026 02:06:40 GMT+0000 (UTC),0,,,V,28.3,-65.2,573,22.3,
,,,,,,,SOLO,1782266844660,Wed Jun 24 2026 02:07:24 GMT+0000 (UTC),0,,,3,333.6,-158.9,571,22.3,
,,,,,,,SOLO,1782266898182,Wed Jun 24 2026 02:08:18 GMT+0000 (UTC),0,,,4,82.1,-156.2,572.6,22.3,
,,,,,,,SOLO,1782266940515,Wed Jun 24 2026 02:09:00 GMT+0000 (UTC),0,,,4,-113,-223.7,567.6,22.2,
,,,,,,,SOLO,1782267019346,Wed Jun 24 2026 02:10:19 GMT+0000 (UTC),0,,,4,-115.5,-181.1,569.3,22.1,
,,,,,,,SOLO,1782267073050,Wed Jun 24 2026 02:11:13 GMT+0000 (UTC),0,,,V,0.9,-73.8,573.9,22.1,
,,,,,,,SOLO,1782267141321,Wed Jun 24 2026 02:12:21 GMT+0000 (UTC),0,,,4,-68.2,184.1,571.6,22,
,,,,,,,SOLO,1782267221089,Wed Jun 24 2026 02:13:41 GMT+0000 (UTC),0,,,V,62.8,18.4,571.9,22,
### next string
Horder M 15 M2,E 5,AU-500m,2130,1722,0,0
,,,,,,,SOLO,1782266434117,Wed Jun 24 2026 02:00:34 GMT+0000 (UTC),0,,sighter,3,319.4,373.2,549.6,22,
,,,,,,,SOLO,1782266513548,Wed Jun 24 2026 02:01:53 GMT+0000 (UTC),0,,sighter,4,109.3,143.6,551.1,21.9,
,,,,,,,SOLO,1782266570364,Wed Jun 24 2026 02:02:50 GMT+0000 (UTC),0,,,5,-138.9,-42.6,552.2,21.8,
,,,,,,,SOLO,1782266617237,Wed Jun 24 2026 02:03:37 GMT+0000 (UTC),0,,,6,-46.1,21.8,554.2,21.7,
,,,,,,,SOLO,1782266797056,Wed Jun 24 2026 02:06:37 GMT+0000 (UTC),0,,,4,162.6,96.7,552.3,22.1,
,,,,,,,SOLO,1782266841919,Wed Jun 24 2026 02:07:21 GMT+0000 (UTC),0,,,4,253.8,-53,549,22.1,
,,,,,,,SOLO,1782266889630,Wed Jun 24 2026 02:08:09 GMT+0000 (UTC),0,,,5,-46.6,82.7,541.7,22.1,
,,,,,,,SOLO,1782266925127,Wed Jun 24 2026 02:08:45 GMT+0000 (UTC),0,,,4,-119,135,555.5,22.1,
,,,,,,,SOLO,1782266968954,Wed Jun 24 2026 02:09:28 GMT+0000 (UTC),0,,,4,-30.8,-297,553.7,22.1,
,,,,,,,SOLO,1782267044438,Wed Jun 24 2026 02:10:44 GMT+0000 (UTC),0,,,3,-92.5,-477.5,553.6,22.1,
### next string
crossfire,E 4,AU-500m,2127,1721,0,0
,,,,,,,SOLO,1782267004815,Wed Jun 24 2026 02:10:04 GMT+0000 (UTC),0,,sighter,3,-71.1,-350.6,555,22.1,
### next string
p Thurtell 115,E 3,AU-500m,2130,1720,0,0
,,,,,,,SOLO,1782266358601,Wed Jun 24 2026 01:59:18 GMT+0000 (UTC),0,,,V,-75.8,9,613.8,21.9,
,,,,,,,SOLO,1782266417516,Wed Jun 24 2026 02:00:17 GMT+0000 (UTC),0,,,5,-84.7,-86.6,611.6,21.9,
,,,,,,,SOLO,1782266474014,Wed Jun 24 2026 02:01:14 GMT+0000 (UTC),0,,,5,-79.6,24.1,615.8,21.8,
,,,,,,,SOLO,1782266503350,Wed Jun 24 2026 02:01:43 GMT+0000 (UTC),0,,,V,-34.4,0.4,613.3,21.6,
,,,,,,,SOLO,1782266543250,Wed Jun 24 2026 02:02:23 GMT+0000 (UTC),0,,,V,29.4,43.6,614.5,21.6,
,,,,,,,SOLO,1782266577203,Wed Jun 24 2026 02:02:57 GMT+0000 (UTC),0,,,5,92.9,-28.9,614.4,21.6,
,,,,,,,SOLO,1782266623569,Wed Jun 24 2026 02:03:43 GMT+0000 (UTC),0,,,V,-48.6,-28.4,613.1,21.6,
,,,,,,,SOLO,1782266657197,Wed Jun 24 2026 02:04:17 GMT+0000 (UTC),0,,,V,28.7,-26.7,613.9,21.7,
,,,,,,,SOLO,1782266686046,Wed Jun 24 2026 02:04:46 GMT+0000 (UTC),0,,,V,58,-14.2,614.5,21.7,
,,,,,,,SOLO,1782266718272,Wed Jun 24 2026 02:05:18 GMT+0000 (UTC),0,,,5,71.9,-46,608.8,21.9,
### next string
,E 4,AU-500m,2127,1721,0,0
,,,,,,,SOLO,1782266652419,Wed Jun 24 2026 02:04:12 GMT+0000 (UTC),0,,sighter,V,36.9,-0.1,554.6,21.9,
### next string
Schwebel 80,E 6,AU-500m,2130,1720,0,0
,,,,,,,SOLO,1782266169747,Wed Jun 24 2026 01:56:09 GMT+0000 (UTC),0,,sighter,4,190,104.5,625.6,22.1,
,,,,,,,SOLO,1782266238166,Wed Jun 24 2026 01:57:18 GMT+0000 (UTC),0,,,V,-55.6,30.7,617.7,22.1,
,,,,,,,SOLO,1782266276797,Wed Jun 24 2026 01:57:56 GMT+0000 (UTC),0,,,5,-100.3,3.6,620.6,22.1,
,,,,,,,SOLO,1782266326835,Wed Jun 24 2026 01:58:46 GMT+0000 (UTC),0,,,5,62.9,48,633.7,22.1,
,,,,,,,SOLO,1782266365877,Wed Jun 24 2026 01:59:25 GMT+0000 (UTC),0,,,V,-57.5,6.7,622.8,22.1,
,,,,,,,SOLO,1782266416742,Wed Jun 24 2026 02:00:16 GMT+0000 (UTC),0,,,V,-9.3,-21.2,621.4,21.9,
,,,,,,,SOLO,1782266452325,Wed Jun 24 2026 02:00:52 GMT+0000 (UTC),0,,,V,-30.2,30.2,620.7,21.9,
,,,,,,,SOLO,1782266503980,Wed Jun 24 2026 02:01:43 GMT+0000 (UTC),0,,,V,48.9,17,627.8,21.8,
,,,,,,,SOLO,1782266547839,Wed Jun 24 2026 02:02:27 GMT+0000 (UTC),0,,,V,53,-20.3,620,21.8,
,,,,,,,SOLO,1782266595110,Wed Jun 24 2026 02:03:15 GMT+0000 (UTC),0,,,4,176.1,71.2,626.7,21.7,
,,,,,,,SOLO,1782266661518,Wed Jun 24 2026 02:04:21 GMT+0000 (UTC),0,,,V,-43.6,-44.3,625.7,21.7,
### next string
Trinh O,E 1,AU-500m,2130,1725,0,0
,,,,,,,SOLO,1782265846561,Wed Jun 24 2026 01:50:46 GMT+0000 (UTC),0,,sighter,4,-296.7,138.9,572.8,21.9,
,,,,,,,SOLO,1782265884882,Wed Jun 24 2026 01:51:24 GMT+0000 (UTC),0,,sighter,5,-15,85.5,570.8,22,
,,,,,,,SOLO,1782265919495,Wed Jun 24 2026 01:51:59 GMT+0000 (UTC),0,,,4,-170.3,82.6,585,22,
,,,,,,,SOLO,1782265963717,Wed Jun 24 2026 01:52:43 GMT+0000 (UTC),0,,,5,-5.2,-105.4,573.3,22,
,,,,,,,SOLO,1782265993970,Wed Jun 24 2026 01:53:13 GMT+0000 (UTC),0,,,5,39.3,-117.4,570.3,22,
,,,,,,,SOLO,1782266027311,Wed Jun 24 2026 01:53:47 GMT+0000 (UTC),0,,,V,57.2,-21.5,566.3,22,
,,,,,,,SOLO,1782266066829,Wed Jun 24 2026 01:54:26 GMT+0000 (UTC),0,,,4,42.8,156.6,578.7,22,
,,,,,,,SOLO,1782266102593,Wed Jun 24 2026 01:55:02 GMT+0000 (UTC),0,,,4,168.8,-3.6,570.6,22.1,
,,,,,,,SOLO,1782266131428,Wed Jun 24 2026 01:55:31 GMT+0000 (UTC),0,,,5,78.2,-23.7,573.2,22.1,
,,,,,,,SOLO,1782266182052,Wed Jun 24 2026 01:56:22 GMT+0000 (UTC),0,,,4,-40.9,-150.2,556.6,22.2,
,,,,,,,SOLO,1782266209575,Wed Jun 24 2026 01:56:49 GMT+0000 (UTC),0,,,5,-76.7,19.5,581.6,22.2,
### next string
Shepherd M 82 M2,E 5,AU-500m,2130,1722,0,0
,,,,,,,SOLO,1782265580229,Wed Jun 24 2026 01:46:20 GMT+0000 (UTC),0,,sighter,4,-226.5,44.1,593.8,21.9,
,,,,,,,SOLO,1782265660088,Wed Jun 24 2026 01:47:40 GMT+0000 (UTC),0,,,5,106,-7.8,599,21.8,
,,,,,,,SOLO,1782265712224,Wed Jun 24 2026 01:48:32 GMT+0000 (UTC),0,,,5,58.9,-89.1,599.4,21.8,
,,,,,,,SOLO,1782265747879,Wed Jun 24 2026 01:49:07 GMT+0000 (UTC),0,,,5,-143.8,-2.1,597.9,21.8,
,,,,,,,SOLO,1782265844064,Wed Jun 24 2026 01:50:44 GMT+0000 (UTC),0,,,V,-49.4,-26.3,601.8,22,
,,,,,,,SOLO,1782265888274,Wed Jun 24 2026 01:51:28 GMT+0000 (UTC),0,,,4,147,-24.3,609.9,22,
,,,,,,,SOLO,1782266013927,Wed Jun 24 2026 01:53:33 GMT+0000 (UTC),0,,,V,56.1,5.1,601.8,22.1,
,,,,,,,SOLO,1782266068763,Wed Jun 24 2026 01:54:28 GMT+0000 (UTC),0,,,5,-99.6,-19.9,602.8,22.1,
,,,,,,,SOLO,1782266102377,Wed Jun 24 2026 01:55:02 GMT+0000 (UTC),0,,,V,0.8,62.9,599.6,22.1,
,,,,,,,SOLO,1782266173736,Wed Jun 24 2026 01:56:13 GMT+0000 (UTC),0,,,5,-105.2,27,605.5,22.1,
,,,,,,,SOLO,1782266217065,Wed Jun 24 2026 01:56:57 GMT+0000 (UTC),0,,,V,52.1,0.7,595.2,22.2,
### next string
Johansen 137,E 3,AU-500m,2130,1720,0,0
,,,,,,,SOLO,1782265675100,Wed Jun 24 2026 01:47:55 GMT+0000 (UTC),0,,sighter,4,-50,-181.5,615.2,21.7,
,,,,,,,SOLO,1782265726810,Wed Jun 24 2026 01:48:46 GMT+0000 (UTC),0,,,5,-80.2,-34.7,607.8,21.7,
,,,,,,,SOLO,1782265781487,Wed Jun 24 2026 01:49:41 GMT+0000 (UTC),0,,,5,-100.9,3.9,613,21.6,
,,,,,,,SOLO,1782265815974,Wed Jun 24 2026 01:50:15 GMT+0000 (UTC),0,,,V,-1.6,38.5,617.8,21.7,
,,,,,,,SOLO,1782265857176,Wed Jun 24 2026 01:50:57 GMT+0000 (UTC),0,,,V,27.2,-59.7,614,21.7,
,,,,,,,SOLO,1782265911238,Wed Jun 24 2026 01:51:51 GMT+0000 (UTC),0,,,V,24.7,-42.7,609.8,21.8,
,,,,,,,SOLO,1782265970749,Wed Jun 24 2026 01:52:50 GMT+0000 (UTC),0,,,5,106.7,-95.7,618.2,21.8,
,,,,,,,SOLO,1782266025430,Wed Jun 24 2026 01:53:45 GMT+0000 (UTC),0,,,5,97.3,-18.6,613.9,21.7,
,,,,,,,missed_shot,1782266152631,Wed Jun 24 2026 01:55:52 GMT+0000 (UTC),0,,,0,0,0,0,22,
,,,,,,,SOLO,1782266155076,Wed Jun 24 2026 01:55:55 GMT+0000 (UTC),0,,,4,150.8,17.4,615.8,21.9,
,,,,,,,SOLO,1782266231585,Wed Jun 24 2026 01:57:11 GMT+0000 (UTC),0,,,V,-4,-42.4,633.1,21.9,
### next string
crossfire,E 4,AU-500m,2127,1721,0,0
,,,,,,,SOLO,1782266073407,Wed Jun 24 2026 01:54:33 GMT+0000 (UTC),0,,sighter,5,-56.9,57.7,605.2,22,
### next string
Neilsen 148,E 6,AU-500m,2130,1720,0,0
,,,,,,,SOLO,1782265539114,Wed Jun 24 2026 01:45:39 GMT+0000 (UTC),0,,sighter,3,-348.7,121.8,609.3,21.8,
,,,,,,,SOLO,1782265633132,Wed Jun 24 2026 01:47:13 GMT+0000 (UTC),0,,,5,-81.1,95.2,607.7,21.8,
,,,,,,,SOLO,1782265690928,Wed Jun 24 2026 01:48:10 GMT+0000 (UTC),0,,,V,23.5,21.1,612.9,21.8,
,,,,,,,SOLO,1782265722617,Wed Jun 24 2026 01:48:42 GMT+0000 (UTC),0,,,V,-1.7,29.2,609.6,21.8,
,,,,,,,SOLO,1782265760705,Wed Jun 24 2026 01:49:20 GMT+0000 (UTC),0,,,5,45.1,-77.2,615.2,21.9,
,,,,,,,SOLO,1782265798124,Wed Jun 24 2026 01:49:58 GMT+0000 (UTC),0,,,V,-8.8,-56.5,606.6,21.8,
,,,,,,,SOLO,1782265833737,Wed Jun 24 2026 01:50:33 GMT+0000 (UTC),0,,,V,64.9,9.5,615.8,21.8,
,,,,,,,SOLO,1782265875072,Wed Jun 24 2026 01:51:15 GMT+0000 (UTC),0,,,4,-211.6,-189,612.4,21.9,
,,,,,,,SOLO,1782265925254,Wed Jun 24 2026 01:52:05 GMT+0000 (UTC),0,,,5,97.5,76.1,611.2,21.9,
,,,,,,,SOLO,1782265973639,Wed Jun 24 2026 01:52:53 GMT+0000 (UTC),0,,,V,16.9,-73.5,604.7,22,
,,,,,,,SOLO,1782266033517,Wed Jun 24 2026 01:53:53 GMT+0000 (UTC),0,,,4,228.8,-3.2,608.8,22,
### next string
pedersen,E 3,AU-500m,2130,1720,0,0
,,,,,,,SOLO,1782265088800,Wed Jun 24 2026 01:38:08 GMT+0000 (UTC),0,,sighter,4,-58.4,-247.3,596.6,22.1,
,,,,,,,SOLO,1782265155013,Wed Jun 24 2026 01:39:15 GMT+0000 (UTC),0,,,5,-26.9,-88.5,600.8,22.1,
,,,,,,,SOLO,1782265207281,Wed Jun 24 2026 01:40:07 GMT+0000 (UTC),0,,,V,6.7,38.4,613.2,22.1,
,,,,,,,SOLO,1782265237305,Wed Jun 24 2026 01:40:37 GMT+0000 (UTC),0,,,V,-50.4,26.9,606.7,22.1,
,,,,,,,SOLO,1782265283577,Wed Jun 24 2026 01:41:23 GMT+0000 (UTC),0,,,4,208.3,35.1,609.3,22,
,,,,,,,SOLO,1782265319590,Wed Jun 24 2026 01:41:59 GMT+0000 (UTC),0,,,V,16.4,-59.5,600.6,22,
,,,,,,,SOLO,1782265345061,Wed Jun 24 2026 01:42:25 GMT+0000 (UTC),0,,,4,152.8,-15.3,601.3,22,
,,,,,,,SOLO,1782265371552,Wed Jun 24 2026 01:42:51 GMT+0000 (UTC),0,,,5,118,9.5,607.7,22,
,,,,,,,SOLO,1782265417221,Wed Jun 24 2026 01:43:37 GMT+0000 (UTC),0,,,V,-36.7,-19,598.6,21.9,
,,,,,,,SOLO,1782265442549,Wed Jun 24 2026 01:44:02 GMT+0000 (UTC),0,,,V,37.1,-3.1,611.2,21.9,
,,,,,,,SOLO,1782265469097,Wed Jun 24 2026 01:44:29 GMT+0000 (UTC),0,,,V,-2.6,-31,607.1,21.8,
### next string
zeeshan 99,E 1,AU-500m,2130,1725,0,0
,,,,,,,SOLO,1782264718553,Wed Jun 24 2026 01:31:58 GMT+0000 (UTC),0,,sighter,3,-243.4,244.9,574.6,22.4,
,,,,,,,SOLO,1782264803555,Wed Jun 24 2026 01:33:23 GMT+0000 (UTC),0,,sighter,5,-87.7,9.9,574.7,22.3,
,,,,,,,SOLO,1782264883833,Wed Jun 24 2026 01:34:43 GMT+0000 (UTC),0,,,5,-82.6,-84.5,564.5,22.3,
,,,,,,,SOLO,1782264968908,Wed Jun 24 2026 01:36:08 GMT+0000 (UTC),0,,,V,24.8,2.2,580.8,22.2,
,,,,,,,SOLO,1782265058005,Wed Jun 24 2026 01:37:38 GMT+0000 (UTC),0,,,4,143.6,-39.9,571.3,22.1,
,,,,,,,SOLO,1782265127131,Wed Jun 24 2026 01:38:47 GMT+0000 (UTC),0,,,5,84,-13.1,573.4,22.2,
,,,,,,,SOLO,1782265195059,Wed Jun 24 2026 01:39:55 GMT+0000 (UTC),0,,,5,-124.8,-35,571.1,22.3,
,,,,,,,SOLO,1782265268769,Wed Jun 24 2026 01:41:08 GMT+0000 (UTC),0,,,V,73.2,-13.6,574.2,22.3,
,,,,,,,SOLO,1782265313125,Wed Jun 24 2026 01:41:53 GMT+0000 (UTC),0,,,V,23,-51.1,579.6,22.3,
,,,,,,,SOLO,1782265355488,Wed Jun 24 2026 01:42:35 GMT+0000 (UTC),0,,,V,-56.3,-8.5,573.4,22.2,
,,,,,,,SOLO,1782265425353,Wed Jun 24 2026 01:43:45 GMT+0000 (UTC),0,,,5,53.1,-72.5,574.7,22.1,
### next string
Rodham P M2,E 5,AU-500m,2130,1722,0,0
,,,,,,,SOLO,1782265172922,Wed Jun 24 2026 01:39:32 GMT+0000 (UTC),0,,sighter,4,-147,-176,585.6,22.4,
,,,,,,,SOLO,1782265210557,Wed Jun 24 2026 01:40:10 GMT+0000 (UTC),0,,,5,12.2,-96.6,606.2,22.4,
,,,,,,,SOLO,1782265241338,Wed Jun 24 2026 01:40:41 GMT+0000 (UTC),0,,,5,-67.1,-89.4,606.5,22.4,
,,,,,,,SOLO,1782265266593,Wed Jun 24 2026 01:41:06 GMT+0000 (UTC),0,,,4,-171.1,37,608.3,22.4,
,,,,,,,SOLO,1782265286085,Wed Jun 24 2026 01:41:26 GMT+0000 (UTC),0,,,V,-3.3,-58.3,598.8,22.4,
,,,,,,,SOLO,1782265302929,Wed Jun 24 2026 01:41:42 GMT+0000 (UTC),0,,,V,-14.1,-24,604.1,22.4,
,,,,,,,SOLO,1782265319839,Wed Jun 24 2026 01:41:59 GMT+0000 (UTC),0,,,5,-128.7,-12.3,598.7,22.2,
,,,,,,,SOLO,1782265336683,Wed Jun 24 2026 01:42:16 GMT+0000 (UTC),0,,,V,37.9,-52,594,22.2,
,,,,,,,SOLO,1782265353344,Wed Jun 24 2026 01:42:33 GMT+0000 (UTC),0,,,5,-50.5,-59.3,602.3,22.2,
,,,,,,,SOLO,1782265381011,Wed Jun 24 2026 01:43:01 GMT+0000 (UTC),0,,,5,109.2,-12.3,599.7,22.1,
,,,,,,,SOLO,1782265399978,Wed Jun 24 2026 01:43:19 GMT+0000 (UTC),0,,,V,-4.5,-32.4,597.7,22.1,
### next string
winkel 35",E 6,AU-500m,2130,1720,0,0
,,,,,,,SOLO,1782264901847,Wed Jun 24 2026 01:35:01 GMT+0000 (UTC),0,,sighter,5,-102.9,-23.2,621.7,22.4,
,,,,,,,SOLO,1782265019912,Wed Jun 24 2026 01:36:59 GMT+0000 (UTC),0,,,V,13.3,23.8,619.1,22.3,
,,,,,,,SOLO,1782265037396,Wed Jun 24 2026 01:37:17 GMT+0000 (UTC),0,,,V,-31.7,-61.6,619.2,22.3,
,,,,,,,SOLO,1782265088345,Wed Jun 24 2026 01:38:08 GMT+0000 (UTC),0,,,V,-11.7,-36.6,603.3,22.2,
,,,,,,,SOLO,1782265104689,Wed Jun 24 2026 01:38:24 GMT+0000 (UTC),0,,,V,-11.5,-41.1,615.1,22.2,
,,,,,,,SOLO,1782265125037,Wed Jun 24 2026 01:38:45 GMT+0000 (UTC),0,,,V,34.7,-0.9,619.7,22.3,
,,,,,,,SOLO,1782265142439,Wed Jun 24 2026 01:39:02 GMT+0000 (UTC),0,,,V,5.7,52.8,619.7,22.3,
,,,,,,,SOLO,1782265167407,Wed Jun 24 2026 01:39:27 GMT+0000 (UTC),0,,,V,38.8,-7,615.6,22.3,
,,,,,,,SOLO,1782265188385,Wed Jun 24 2026 01:39:48 GMT+0000 (UTC),0,,,V,-18.9,-2.1,621.5,22.3,
,,,,,,,SOLO,1782265216439,Wed Jun 24 2026 01:40:16 GMT+0000 (UTC),0,,,5,-112.5,60.3,626.8,22.3,
,,,,,,,SOLO,1782265318742,Wed Jun 24 2026 01:41:58 GMT+0000 (UTC),0,,,5,-85.9,-19.3,617.5,22.3,
### next string
Orman 11,E 3,AU-500m,2130,1720,0,0
,,,,,,,SOLO,1782264662413,Wed Jun 24 2026 01:31:02 GMT+0000 (UTC),0,,sighter,4,-120.8,145.9,657.5,22.2,
,,,,,,,SOLO,1782264708442,Wed Jun 24 2026 01:31:48 GMT+0000 (UTC),0,,sighter,4,-15.7,-183.6,664,22.2,
,,,,,,,SOLO,1782264738597,Wed Jun 24 2026 01:32:18 GMT+0000 (UTC),0,,,6,-27.7,-58.6,659,22.2,
,,,,,,,SOLO,1782264753401,Wed Jun 24 2026 01:32:33 GMT+0000 (UTC),0,,,5,78.7,-50.9,656,22.2,
,,,,,,,SOLO,1782264784194,Wed Jun 24 2026 01:33:04 GMT+0000 (UTC),0,,,X,4.7,32,655,22.2,
,,,,,,,SOLO,1782264802335,Wed Jun 24 2026 01:33:22 GMT+0000 (UTC),0,,,6,-44.2,5.8,661.8,22.2,
,,,,,,,SOLO,1782264816069,Wed Jun 24 2026 01:33:36 GMT+0000 (UTC),0,,,X,-18.3,14,664.2,22.2,
,,,,,,,SOLO,1782264829483,Wed Jun 24 2026 01:33:49 GMT+0000 (UTC),0,,,5,-67.2,67.8,662.3,22.2,
,,,,,,,SOLO,1782264853949,Wed Jun 24 2026 01:34:13 GMT+0000 (UTC),0,,,X,-30,19.9,662.9,22.2,
,,,,,,,SOLO,1782264867028,Wed Jun 24 2026 01:34:27 GMT+0000 (UTC),0,,,6,-55.2,-41.8,658.4,22.2,
,,,,,,,SOLO,1782264916534,Wed Jun 24 2026 01:35:16 GMT+0000 (UTC),0,,,6,50.8,37,661.9,22,
,,,,,,,SOLO,1782264928916,Wed Jun 24 2026 01:35:28 GMT+0000 (UTC),0,,,X,-11.1,1.9,664.7,22,
### next string
orman 46,E 5,AU-500m,2130,1722,0,0
,,,,,,,SOLO,1782264623829,Wed Jun 24 2026 01:30:23 GMT+0000 (UTC),0,,sighter,4,-250.8,15.7,622.3,22.6,
,,,,,,,SOLO,1782264697121,Wed Jun 24 2026 01:31:37 GMT+0000 (UTC),0,,sighter,5,-81.4,2,621.1,22.6,
,,,,,,,SOLO,1782264730934,Wed Jun 24 2026 01:32:10 GMT+0000 (UTC),0,,,X,-3.5,40,626.2,22.4,
,,,,,,,SOLO,1782264747095,Wed Jun 24 2026 01:32:27 GMT+0000 (UTC),0,,,5,79.6,13.9,623.8,22.4,
,,,,,,,SOLO,1782264760925,Wed Jun 24 2026 01:32:40 GMT+0000 (UTC),0,,,5,130.8,22,622.6,22.4,
,,,,,,,SOLO,1782264770865,Wed Jun 24 2026 01:32:50 GMT+0000 (UTC),0,,,X,11,33.9,618,22.4,
,,,,,,,SOLO,1782264788429,Wed Jun 24 2026 01:33:08 GMT+0000 (UTC),0,,,6,39.7,54.5,627.9,22.5,
,,,,,,,SOLO,1782264805560,Wed Jun 24 2026 01:33:25 GMT+0000 (UTC),0,,,X,-31.9,7.6,629.5,22.5,
,,,,,,,SOLO,1782264816402,Wed Jun 24 2026 01:33:36 GMT+0000 (UTC),0,,,6,70.8,-13.1,627.3,22.5,
,,,,,,,SOLO,1782264829056,Wed Jun 24 2026 01:33:49 GMT+0000 (UTC),0,,,5,-104.9,-52.6,620.3,22.5,
,,,,,,,SOLO,1782264839484,Wed Jun 24 2026 01:33:59 GMT+0000 (UTC),0,,,X,13,-3.4,628.9,22.4,
,,,,,,,SOLO,1782264853116,Wed Jun 24 2026 01:34:13 GMT+0000 (UTC),0,,,5,76.7,14.2,628.6,22.4,
### next string
Sperring 83,E 6,AU-500m,2130,1720,0,0
,,,,,,,SOLO,1782264502612,Wed Jun 24 2026 01:28:22 GMT+0000 (UTC),0,,sighter,4,-319.6,64.8,581.4,22.4,
,,,,,,,SOLO,1782264534364,Wed Jun 24 2026 01:28:54 GMT+0000 (UTC),0,,sighter,5,-138.9,28.9,593.6,22.4,
,,,,,,,SOLO,1782264563453,Wed Jun 24 2026 01:29:23 GMT+0000 (UTC),0,,,6,-60.8,15.9,584.3,22.4,
,,,,,,,SOLO,1782264585842,Wed Jun 24 2026 01:29:45 GMT+0000 (UTC),0,,,6,5.2,55.3,591.9,22.4,
,,,,,,,SOLO,1782264608523,Wed Jun 24 2026 01:30:08 GMT+0000 (UTC),0,,,6,28,45.5,581.8,22.5,
,,,,,,,SOLO,1782264631419,Wed Jun 24 2026 01:30:31 GMT+0000 (UTC),0,,,X,-29.1,20.7,591.6,22.5,
,,,,,,,SOLO,1782264657359,Wed Jun 24 2026 01:30:57 GMT+0000 (UTC),0,,,X,19.1,8.4,593.4,22.5,
,,,,,,,SOLO,1782264675850,Wed Jun 24 2026 01:31:15 GMT+0000 (UTC),0,,,X,4.6,-26,589.8,22.4,
,,,,,,,SOLO,1782264693051,Wed Jun 24 2026 01:31:33 GMT+0000 (UTC),0,,,5,-103.6,-2,584,22.4,
,,,,,,,SOLO,1782264712689,Wed Jun 24 2026 01:31:52 GMT+0000 (UTC),0,,,6,-54.1,-4.7,585.3,22.4,
,,,,,,,SOLO,1782264732006,Wed Jun 24 2026 01:32:12 GMT+0000 (UTC),0,,,6,-38.4,15.7,591.5,22.5,
,,,,,,,SOLO,1782264749856,Wed Jun 24 2026 01:32:29 GMT+0000 (UTC),0,,,5,47,-86.4,587.2,22.5,
### next string
test 2x,E 2,AU-300m,2130,1721,0,0
,,,,,,,SOLO,1782260922331,Wed Jun 24 2026 00:28:42 GMT+0000 (UTC),0,,sighter,6,-12.6,-30,674.9,19.6,
,,,,,,,SOLO,1782261030602,Wed Jun 24 2026 00:30:30 GMT+0000 (UTC),0,,sighter,6,10.7,-32.2,689.2,19.6,
### next string
,E 2,AU-300m,2130,1721,0,0
,,,,,,,SOLO,1782259653868,Wed Jun 24 2026 00:07:33 GMT+0000 (UTC),0,,sighter,4,-7.8,84,736.8,18,
### next string
phillips7,E 1,AU-300m,2130,1725,0,0
,,,,,,,SOLO,1782260510326,Wed Jun 24 2026 00:21:50 GMT+0000 (UTC),0,,sighter,5,-5.8,-43.4,665.9,18.9,
,,,,,,,SOLO,1782260536805,Wed Jun 24 2026 00:22:16 GMT+0000 (UTC),0,,,X,9,-17.1,682.3,18.9,
,,,,,,,SOLO,1782260552394,Wed Jun 24 2026 00:22:32 GMT+0000 (UTC),0,,,6,18.5,-22.7,671.2,18.9,
,,,,,,,SOLO,1782260567382,Wed Jun 24 2026 00:22:47 GMT+0000 (UTC),0,,,X,1.4,6.3,682,18.9,
,,,,,,,SOLO,1782260581983,Wed Jun 24 2026 00:23:01 GMT+0000 (UTC),0,,,X,21.1,-2.2,673.8,18.9,
,,,,,,,SOLO,1782260600060,Wed Jun 24 2026 00:23:20 GMT+0000 (UTC),0,,,6,-21,-13.3,664.5,18.9,
,,,,,,,SOLO,1782260617080,Wed Jun 24 2026 00:23:37 GMT+0000 (UTC),0,,,6,-25.6,9.5,673.8,18.9,
,,,,,,,SOLO,1782260629333,Wed Jun 24 2026 00:23:49 GMT+0000 (UTC),0,,,6,31.7,19,671.4,18.9,
,,,,,,,SOLO,1782260646145,Wed Jun 24 2026 00:24:06 GMT+0000 (UTC),0,,,5,27.1,-35.8,675.4,18.9,
,,,,,,,SOLO,1782260672758,Wed Jun 24 2026 00:24:32 GMT+0000 (UTC),0,,,5,58,33.6,673.4,18.9,
,,,,,,,SOLO,1782260714069,Wed Jun 24 2026 00:25:14 GMT+0000 (UTC),0,,,6,-12.2,-25.6,682.3,19.1,
### next string
pedrana 181,E 1,AU-300m,2130,1725,0,0
,,,,,,,SOLO,1782259910997,Wed Jun 24 2026 00:11:50 GMT+0000 (UTC),0,,sighter,3,122,-100.5,675.3,18.2,
,,,,,,,SOLO,1782259984238,Wed Jun 24 2026 00:13:04 GMT+0000 (UTC),0,,sighter,4,54.1,51.2,686.3,18.2,
,,,,,,,SOLO,1782260030736,Wed Jun 24 2026 00:13:50 GMT+0000 (UTC),0,,,5,51.8,-50.1,678.2,18.3,
,,,,,,,SOLO,1782260077996,Wed Jun 24 2026 00:14:37 GMT+0000 (UTC),0,,,5,40.7,-46,685.7,18.4,
,,,,,,,SOLO,1782260121066,Wed Jun 24 2026 00:15:21 GMT+0000 (UTC),0,,,X,-10.1,10.9,689.8,18.4,
,,,,,,,SOLO,1782260144279,Wed Jun 24 2026 00:15:44 GMT+0000 (UTC),0,,,5,-69,-11.3,684.1,18.4,
,,,,,,,SOLO,1782260178823,Wed Jun 24 2026 00:16:18 GMT+0000 (UTC),0,,,5,46.7,-1.3,679.7,18.4,
,,,,,,,SOLO,1782260223907,Wed Jun 24 2026 00:17:03 GMT+0000 (UTC),0,,,6,-24.8,20,681,18.4,
,,,,,,,SOLO,1782260248716,Wed Jun 24 2026 00:17:28 GMT+0000 (UTC),0,,,6,-5.7,-21.8,687.9,18.5,
,,,,,,,SOLO,1782260275518,Wed Jun 24 2026 00:17:55 GMT+0000 (UTC),0,,,X,-13,12.4,689,18.5,
,,,,,,,SOLO,1782260299757,Wed Jun 24 2026 00:18:19 GMT+0000 (UTC),0,,,6,-19.4,26.2,682.3,18.6,
,,,,,,,SOLO,1782260325928,Wed Jun 24 2026 00:18:45 GMT+0000 (UTC),0,,,6,-23.2,-1.7,679.8,18.6,
### next string
Galea #124,E 4,AU-300m,2127,1721,0,0
,,,,,,,SOLO,1782259728350,Wed Jun 24 2026 00:08:48 GMT+0000 (UTC),0,,sighter,5,-26,-51.7,675.5,18.5,
,,,,,,,SOLO,1782259778066,Wed Jun 24 2026 00:09:38 GMT+0000 (UTC),0,,,6,26.8,-17.2,684.7,18.4,
,,,,,,,SOLO,1782259810476,Wed Jun 24 2026 00:10:10 GMT+0000 (UTC),0,,,X,-4.8,1,680,18.6,
,,,,,,,SOLO,1782259830641,Wed Jun 24 2026 00:10:30 GMT+0000 (UTC),0,,,6,23.2,-5.4,691.1,18.6,
,,,,,,,SOLO,1782259856135,Wed Jun 24 2026 00:10:56 GMT+0000 (UTC),0,,,6,-3.4,-27.3,682.8,18.6,
,,,,,,,SOLO,1782259901752,Wed Jun 24 2026 00:11:41 GMT+0000 (UTC),0,,,X,16.2,8.2,685.5,18.6,
,,,,,,,SOLO,1782259914233,Wed Jun 24 2026 00:11:54 GMT+0000 (UTC),0,,,X,7.1,-15.2,687.1,18.6,
,,,,,,,SOLO,1782259926450,Wed Jun 24 2026 00:12:06 GMT+0000 (UTC),0,,,6,30.1,-23.9,682.3,18.6,
,,,,,,,SOLO,1782259946642,Wed Jun 24 2026 00:12:26 GMT+0000 (UTC),0,,,6,-19.3,-10.7,683.9,18.6,
,,,,,,,SOLO,1782259964638,Wed Jun 24 2026 00:12:44 GMT+0000 (UTC),0,,,X,-14.7,-1.5,683.6,18.6,
,,,,,,,SOLO,1782259978470,Wed Jun 24 2026 00:12:58 GMT+0000 (UTC),0,,,6,-7.6,-29.6,680.2,18.6,
### next string
m johansen,E 1,AU-300m,2130,1725,0,0
,,,,,,,SOLO,1782259231628,Wed Jun 24 2026 00:00:31 GMT+0000 (UTC),0,,sighter,4,-117.8,15.8,718.6,17.6,
,,,,,,,SOLO,1782259273182,Wed Jun 24 2026 00:01:13 GMT+0000 (UTC),0,,sighter,4,-83.8,-7.8,729.9,17.7,
,,,,,,,SOLO,1782259323356,Wed Jun 24 2026 00:02:03 GMT+0000 (UTC),0,,,V,-7.3,-16.4,734.2,17.7,
,,,,,,,SOLO,1782259358095,Wed Jun 24 2026 00:02:38 GMT+0000 (UTC),0,,,5,53,-50.6,729.5,17.7,
,,,,,,,SOLO,1782259392704,Wed Jun 24 2026 00:03:12 GMT+0000 (UTC),0,,,V,-0.7,-37.1,733.8,17.7,
,,,,,,,SOLO,1782259423805,Wed Jun 24 2026 00:03:43 GMT+0000 (UTC),0,,,5,29.1,28.7,723.3,17.8,
,,,,,,,SOLO,1782259455047,Wed Jun 24 2026 00:04:15 GMT+0000 (UTC),0,,,5,45.8,-53.5,727.2,17.8,
,,,,,,,SOLO,1782259512161,Wed Jun 24 2026 00:05:12 GMT+0000 (UTC),0,,,5,25.5,65.6,741.6,17.8,
,,,,,,,SOLO,1782259542917,Wed Jun 24 2026 00:05:42 GMT+0000 (UTC),0,,,V,-11.3,-6.5,735,17.9,
,,,,,,,SOLO,1782259580066,Wed Jun 24 2026 00:06:20 GMT+0000 (UTC),0,,,V,27.3,-13,725.7,17.8,
,,,,,,,SOLO,1782259612112,Wed Jun 24 2026 00:06:52 GMT+0000 (UTC),0,,,5,60,-10.9,729.7,17.8,
### next string
Muljoatmodjo 12,E 3,AU-300m,2130,1720,0,0
,,,,,,,SOLO,1782259092310,Tue Jun 23 2026 23:58:12 GMT+0000 (UTC),0,,sighter,5,27.7,-49.7,659.3,17.7,
,,,,,,,SOLO,1782259152472,Tue Jun 23 2026 23:59:12 GMT+0000 (UTC),0,,sighter,5,12.5,-49.5,674.8,17.8,
,,,,,,,SOLO,1782259206807,Wed Jun 24 2026 00:00:06 GMT+0000 (UTC),0,,,6,16.7,32.6,678.6,17.8,
,,,,,,,SOLO,1782259247274,Wed Jun 24 2026 00:00:47 GMT+0000 (UTC),0,,,X,-4.8,-2.4,682.1,18,
,,,,,,,SOLO,1782259287960,Wed Jun 24 2026 00:01:27 GMT+0000 (UTC),0,,,6,-31.6,13,687.7,18,
,,,,,,,SOLO,1782259331292,Wed Jun 24 2026 00:02:11 GMT+0000 (UTC),0,,,5,68.3,-25.9,697.2,18,
,,,,,,,SOLO,1782259409342,Wed Jun 24 2026 00:03:29 GMT+0000 (UTC),0,,,6,33.4,-9.1,688.4,18.1,
,,,,,,,SOLO,1782259430180,Wed Jun 24 2026 00:03:50 GMT+0000 (UTC),0,,,6,20,-16,685.5,18.1,
,,,,,,,SOLO,1782259453318,Wed Jun 24 2026 00:04:13 GMT+0000 (UTC),0,,,6,17.2,-15.5,690.5,18.1,
,,,,,,,SOLO,1782259481021,Wed Jun 24 2026 00:04:41 GMT+0000 (UTC),0,,,X,16.2,7.2,682.3,18.1,
,,,,,,,SOLO,1782259502684,Wed Jun 24 2026 00:05:02 GMT+0000 (UTC),0,,,6,-20.9,5.5,690.6,18.1,
,,,,,,,SOLO,1782259524370,Wed Jun 24 2026 00:05:24 GMT+0000 (UTC),0,,,5,37,-32.7,685.9,18.1,
### next string
McIntosh 11013,E 4,AU-300m,2127,1721,0,0
,,,,,,,SOLO,1782259057777,Tue Jun 23 2026 23:57:37 GMT+0000 (UTC),0,,,5,49.9,26.9,720.2,17.6,
,,,,,,,SOLO,1782259097171,Tue Jun 23 2026 23:58:17 GMT+0000 (UTC),0,,,5,-22.2,63.8,720.2,17.8,
,,,,,,,SOLO,1782259165488,Tue Jun 23 2026 23:59:25 GMT+0000 (UTC),0,,,5,-40.1,-5.3,724.1,17.9,
,,,,,,,SOLO,1782259217145,Wed Jun 24 2026 00:00:17 GMT+0000 (UTC),0,,,4,-89.9,23.7,724.5,17.9,
,,,,,,,SOLO,1782259277924,Wed Jun 24 2026 00:01:17 GMT+0000 (UTC),0,,,V,10.6,20.3,720.9,18,
,,,,,,,SOLO,1782259318624,Wed Jun 24 2026 00:01:58 GMT+0000 (UTC),0,,,V,10.9,20.8,718.8,18,
,,,,,,,SOLO,1782259362820,Wed Jun 24 2026 00:02:42 GMT+0000 (UTC),0,,,5,-3.8,48.9,723.9,18.2,
,,,,,,,SOLO,1782259405631,Wed Jun 24 2026 00:03:25 GMT+0000 (UTC),0,,,V,13.3,-10,718.8,18.1,
,,,,,,,SOLO,1782259486648,Wed Jun 24 2026 00:04:46 GMT+0000 (UTC),0,,,5,-59.4,34.2,720.3,18.2,
,,,,,,,SOLO,1782259543706,Wed Jun 24 2026 00:05:43 GMT+0000 (UTC),0,,,5,-37.8,43.9,722.6,18.3,
### next string
Austin C,E 6,AU-300m,2130,1720,0,0
,,,,,,,SOLO,1782259126005,Tue Jun 23 2026 23:58:46 GMT+0000 (UTC),0,,sighter,6,-31.5,21,683,17.9,
,,,,,,,SOLO,1782259177777,Tue Jun 23 2026 23:59:37 GMT+0000 (UTC),0,,sighter,5,-72.6,10.6,682.3,18.1,
,,,,,,,SOLO,1782259235139,Wed Jun 24 2026 00:00:35 GMT+0000 (UTC),0,,,6,-19.1,-18.2,687,18.1,
,,,,,,,SOLO,1782259262990,Wed Jun 24 2026 00:01:02 GMT+0000 (UTC),0,,,X,11,0.6,690.6,18.1,
,,,,,,,SOLO,1782259299996,Wed Jun 24 2026 00:01:39 GMT+0000 (UTC),0,,,5,11.9,54.8,685.6,18.2,
,,,,,,,SOLO,1782259334517,Wed Jun 24 2026 00:02:14 GMT+0000 (UTC),0,,,X,8.8,-1.6,692.6,18.2,
,,,,,,,SOLO,1782259353391,Wed Jun 24 2026 00:02:33 GMT+0000 (UTC),0,,,X,13.6,-10.8,688.5,18.2,
,,,,,,,SOLO,1782259376916,Wed Jun 24 2026 00:02:56 GMT+0000 (UTC),0,,,6,0.4,-29.8,687.6,18.2,
,,,,,,,SOLO,1782259396927,Wed Jun 24 2026 00:03:16 GMT+0000 (UTC),0,,,6,23.6,8.7,689.3,18.3,
,,,,,,,SOLO,1782259420373,Wed Jun 24 2026 00:03:40 GMT+0000 (UTC),0,,,5,38,-48.7,684.8,18.3,
,,,,,,,SOLO,1782259440756,Wed Jun 24 2026 00:04:00 GMT+0000 (UTC),0,,,5,8.5,44.6,689.1,18.3,
,,,,,,,SOLO,1782259461010,Wed Jun 24 2026 00:04:21 GMT+0000 (UTC),0,,,6,32.3,-21.1,698.6,18.3,
### next string
sipinkoski112,E 5,AU-300m,2130,1722,0,0
,,,,,,,SOLO,1782259248423,Wed Jun 24 2026 00:00:48 GMT+0000 (UTC),0,,sighter,4,70.7,68.7,701.2,18.1,
,,,,,,,SOLO,1782259276121,Wed Jun 24 2026 00:01:16 GMT+0000 (UTC),0,,,6,-22.6,-13.8,711.4,18.2,
,,,,,,,SOLO,1782259292874,Wed Jun 24 2026 00:01:32 GMT+0000 (UTC),0,,,X,-0.5,7.8,707.4,18.2,
,,,,,,,SOLO,1782259305522,Wed Jun 24 2026 00:01:45 GMT+0000 (UTC),0,,,5,4.8,-41,700.8,18.2,
,,,,,,,SOLO,1782259322982,Wed Jun 24 2026 00:02:02 GMT+0000 (UTC),0,,,X,6.6,-1.6,715.1,18.2,
,,,,,,,SOLO,1782259338152,Wed Jun 24 2026 00:02:18 GMT+0000 (UTC),0,,,X,12.3,5.2,713.9,18.2,
,,,,,,,SOLO,1782259350056,Wed Jun 24 2026 00:02:30 GMT+0000 (UTC),0,,,X,-13,1.5,710.2,18.2,
,,,,,,,SOLO,1782259369810,Wed Jun 24 2026 00:02:49 GMT+0000 (UTC),0,,,X,19.1,8.2,713.5,18.2,
,,,,,,,SOLO,1782259384400,Wed Jun 24 2026 00:03:04 GMT+0000 (UTC),0,,,6,16.5,16.4,710.4,18.2,
,,,,,,,SOLO,1782259401981,Wed Jun 24 2026 00:03:21 GMT+0000 (UTC),0,,,6,11.4,24,710.3,18.2,
,,,,,,,SOLO,1782259418165,Wed Jun 24 2026 00:03:38 GMT+0000 (UTC),0,,,X,4.6,8.4,712.1,18.2,
### next string
Schwebel C,E 5,AU-300m,2130,1722,0,0
,,,,,,,SOLO,1782258722684,Tue Jun 23 2026 23:52:02 GMT+0000 (UTC),0,,sighter,4,64.9,-88.5,710.1,17.4,
,,,,,,,SOLO,1782258762002,Tue Jun 23 2026 23:52:42 GMT+0000 (UTC),0,,,V,-25.3,-0.5,708.7,17.6,
,,,,,,,SOLO,1782258788849,Tue Jun 23 2026 23:53:08 GMT+0000 (UTC),0,,,V,-20.6,-20.1,708,17.6,
,,,,,,,SOLO,1782258817871,Tue Jun 23 2026 23:53:37 GMT+0000 (UTC),0,,,5,-1.9,46.1,703.7,17.6,
,,,,,,,SOLO,1782258849091,Tue Jun 23 2026 23:54:09 GMT+0000 (UTC),0,,,5,-11.1,42.7,708.5,17.6,
,,,,,,,SOLO,1782258881584,Tue Jun 23 2026 23:54:41 GMT+0000 (UTC),0,,,V,-32.6,-12.4,707,17.6,
,,,,,,,SOLO,1782258952167,Tue Jun 23 2026 23:55:52 GMT+0000 (UTC),0,,,4,-67.7,-58.7,709.8,17.7,
,,,,,,,SOLO,1782258987147,Tue Jun 23 2026 23:56:27 GMT+0000 (UTC),0,,,V,-21.8,10,710.6,17.7,
,,,,,,,SOLO,1782259008946,Tue Jun 23 2026 23:56:48 GMT+0000 (UTC),0,,,V,24.5,-19.7,711,17.8,
,,,,,,,SOLO,1782259034583,Tue Jun 23 2026 23:57:14 GMT+0000 (UTC),0,,,5,30.8,-61.8,711,17.8,
,,,,,,,SOLO,1782259068128,Tue Jun 23 2026 23:57:48 GMT+0000 (UTC),0,,,V,1.1,-10.4,711.5,17.8,
### next string
p Thurtell 115,E 1,AU-300m,2130,1725,0,0
,,,,,,,SOLO,1782258564726,Tue Jun 23 2026 23:49:24 GMT+0000 (UTC),0,,sighter,4,33.1,125,720.8,16.7,
,,,,,,,SOLO,1782258633035,Tue Jun 23 2026 23:50:33 GMT+0000 (UTC),0,,,5,-36.2,21.1,730.7,16.9,
,,,,,,,SOLO,1782258674201,Tue Jun 23 2026 23:51:14 GMT+0000 (UTC),0,,,V,4.2,30.9,730.6,16.9,
,,,,,,,SOLO,1782258711304,Tue Jun 23 2026 23:51:51 GMT+0000 (UTC),0,,,V,-15.9,-4.6,730.8,17,
,,,,,,,SOLO,1782258739317,Tue Jun 23 2026 23:52:19 GMT+0000 (UTC),0,,,V,-5.5,28.2,725.8,17,
,,,,,,,SOLO,1782258777666,Tue Jun 23 2026 23:52:57 GMT+0000 (UTC),0,,,V,-4.5,-20.1,737.7,17,
,,,,,,,SOLO,1782258808186,Tue Jun 23 2026 23:53:28 GMT+0000 (UTC),0,,,5,-35.5,-32.9,722.3,17.1,
,,,,,,,SOLO,1782258853802,Tue Jun 23 2026 23:54:13 GMT+0000 (UTC),0,,,5,42.2,15.9,724.6,17.1,
,,,,,,,SOLO,1782258900624,Tue Jun 23 2026 23:55:00 GMT+0000 (UTC),0,,,5,-38.3,-10.3,721.2,17.2,
,,,,,,,SOLO,1782258928105,Tue Jun 23 2026 23:55:28 GMT+0000 (UTC),0,,,5,50,-24.3,720.9,17.2,
,,,,,,,SOLO,1782258973751,Tue Jun 23 2026 23:56:13 GMT+0000 (UTC),0,,,5,2.4,61.8,721.2,17.2,
### next string
Horder G 15,E 3,AU-300m,2130,1720,0,0
,,,,,,,SOLO,1782258454841,Tue Jun 23 2026 23:47:34 GMT+0000 (UTC),0,,sighter,1,570.6,-35.9,690.4,16.9,
,,,,,,,SOLO,1782258524871,Tue Jun 23 2026 23:48:44 GMT+0000 (UTC),0,,sighter,4,63.5,-51,693.5,16.9,
,,,,,,,SOLO,1782258584431,Tue Jun 23 2026 23:49:44 GMT+0000 (UTC),0,,,V,12.8,-31.7,691.1,17,
,,,,,,,SOLO,1782258627081,Tue Jun 23 2026 23:50:27 GMT+0000 (UTC),0,,,V,-1.1,1.1,691.5,17,
,,,,,,,SOLO,1782258664859,Tue Jun 23 2026 23:51:04 GMT+0000 (UTC),0,,,5,-55.1,26.3,690.3,17,
,,,,,,,SOLO,1782258704548,Tue Jun 23 2026 23:51:44 GMT+0000 (UTC),0,,,4,-74.2,19.3,686.8,17.2,
,,,,,,,SOLO,1782258751793,Tue Jun 23 2026 23:52:31 GMT+0000 (UTC),0,,,5,54.6,8.8,672.4,17.2,
,,,,,,,SOLO,1782258793537,Tue Jun 23 2026 23:53:13 GMT+0000 (UTC),0,,,5,50.6,7.7,685.7,17.3,
,,,,,,,SOLO,1782258837779,Tue Jun 23 2026 23:53:57 GMT+0000 (UTC),0,,,V,0.8,26.3,692.5,17.4,
,,,,,,,SOLO,1782258878488,Tue Jun 23 2026 23:54:38 GMT+0000 (UTC),0,,,V,-30.3,12.6,692.1,17.4,
,,,,,,,SOLO,1782258916153,Tue Jun 23 2026 23:55:16 GMT+0000 (UTC),0,,,5,35,22.9,690.1,17.4,
,,,,,,,SOLO,1782258953070,Tue Jun 23 2026 23:55:53 GMT+0000 (UTC),0,,,V,23.6,10.8,683.4,17.4,
### next string
Schwebel 80,E 4,AU-300m,2127,1721,0,0
,,,,,,,SOLO,1782258526605,Tue Jun 23 2026 23:48:46 GMT+0000 (UTC),0,,,5,41.6,-7.1,714.9,16.9,
,,,,,,,SOLO,1782258560970,Tue Jun 23 2026 23:49:20 GMT+0000 (UTC),0,,,5,48.9,-5.4,723,16.9,
,,,,,,,SOLO,1782258596923,Tue Jun 23 2026 23:49:56 GMT+0000 (UTC),0,,,5,-4.6,58.4,723.8,17,
,,,,,,,SOLO,1782258631568,Tue Jun 23 2026 23:50:31 GMT+0000 (UTC),0,,,5,42.5,1.8,734.6,17.1,
,,,,,,,SOLO,1782258695148,Tue Jun 23 2026 23:51:35 GMT+0000 (UTC),0,,,5,-48.5,13.7,726.8,17.1,
,,,,,,,SOLO,1782258738146,Tue Jun 23 2026 23:52:18 GMT+0000 (UTC),0,,,5,44.6,2.2,736.5,17.3,
,,,,,,,SOLO,1782258781765,Tue Jun 23 2026 23:53:01 GMT+0000 (UTC),0,,,V,-26.3,-25,734.8,17.3,
,,,,,,,SOLO,1782258827744,Tue Jun 23 2026 23:53:47 GMT+0000 (UTC),0,,,V,-27.7,2.6,729.8,17.4,
,,,,,,,SOLO,1782258863491,Tue Jun 23 2026 23:54:23 GMT+0000 (UTC),0,,,V,13.9,-24.1,737.9,17.4,
,,,,,,,SOLO,1782258904627,Tue Jun 23 2026 23:55:04 GMT+0000 (UTC),0,,,V,-26.1,-14.5,734.7,17.5,
### next string
Picton B,E 6,AU-300m,2130,1720,0,0
,,,,,,,SOLO,1782258423658,Tue Jun 23 2026 23:47:03 GMT+0000 (UTC),0,,sighter,2,-226.2,18,720.8,17.2,
,,,,,,,SOLO,1782258475142,Tue Jun 23 2026 23:47:55 GMT+0000 (UTC),0,,,5,-43.5,45.3,718.1,17.3,
,,,,,,,SOLO,1782258516074,Tue Jun 23 2026 23:48:36 GMT+0000 (UTC),0,,,5,24.7,44.3,726.6,17.3,
,,,,,,,SOLO,1782258550972,Tue Jun 23 2026 23:49:10 GMT+0000 (UTC),0,,,V,30.4,-5.9,730.4,17.4,
,,,,,,,SOLO,1782258589332,Tue Jun 23 2026 23:49:49 GMT+0000 (UTC),0,,,5,-45.4,-11.8,722.9,17.4,
,,,,,,,SOLO,1782258619400,Tue Jun 23 2026 23:50:19 GMT+0000 (UTC),0,,,5,-36.5,39.8,716.6,17.4,
,,,,,,,SOLO,1782258651314,Tue Jun 23 2026 23:50:51 GMT+0000 (UTC),0,,,5,39.4,31,729.3,17.5,
,,,,,,,SOLO,1782258681764,Tue Jun 23 2026 23:51:21 GMT+0000 (UTC),0,,,5,-1.7,42.6,725.1,17.5,
,,,,,,,SOLO,1782258712775,Tue Jun 23 2026 23:51:52 GMT+0000 (UTC),0,,,V,-3.9,3.1,732,17.5,
,,,,,,,SOLO,1782258755197,Tue Jun 23 2026 23:52:35 GMT+0000 (UTC),0,,,V,-3.1,-2.9,726,17.6,
,,,,,,,SOLO,1782258811924,Tue Jun 23 2026 23:53:31 GMT+0000 (UTC),0,,,V,10.7,3.2,726.8,17.6,
### next string
McAuley Brett,E 5,AU-300m,2130,1722,0,0
,,,,,,,SOLO,1782258285904,Tue Jun 23 2026 23:44:45 GMT+0000 (UTC),0,,,V,11.2,-10.8,695.5,16.9,
,,,,,,,SOLO,1782258327514,Tue Jun 23 2026 23:45:27 GMT+0000 (UTC),0,,,V,29.7,17.5,712.7,16.9,
,,,,,,,SOLO,1782258366872,Tue Jun 23 2026 23:46:06 GMT+0000 (UTC),0,,,V,6.8,14.8,714.3,16.9,
,,,,,,,SOLO,1782258395253,Tue Jun 23 2026 23:46:35 GMT+0000 (UTC),0,,,4,-78.8,24.1,720.3,16.9,
,,,,,,,SOLO,1782258441733,Tue Jun 23 2026 23:47:21 GMT+0000 (UTC),0,,,5,-40.8,8.3,720.6,17.1,
,,,,,,,SOLO,1782258494652,Tue Jun 23 2026 23:48:14 GMT+0000 (UTC),0,,,V,-18.4,20.7,728.7,17.1,
,,,,,,,SOLO,1782258527550,Tue Jun 23 2026 23:48:47 GMT+0000 (UTC),0,,,V,-3.7,-14.3,722.9,17.2,
,,,,,,,SOLO,1782258550444,Tue Jun 23 2026 23:49:10 GMT+0000 (UTC),0,,,5,40.2,-16.3,714.9,17.3,
,,,,,,,SOLO,1782258585812,Tue Jun 23 2026 23:49:45 GMT+0000 (UTC),0,,,V,7.8,-16.8,718.9,17.3,
,,,,,,,SOLO,1782258610571,Tue Jun 23 2026 23:50:10 GMT+0000 (UTC),0,,,5,-36,-30.4,717.6,17.3,
### next string
johansen 137,E 1,AU-300m,2130,1725,0,0
,,,,,,,SOLO,1782257896190,Tue Jun 23 2026 23:38:16 GMT+0000 (UTC),0,,sighter,4,-61.7,45,717.6,16.3,
,,,,,,,SOLO,1782257961305,Tue Jun 23 2026 23:39:21 GMT+0000 (UTC),0,,sighter,5,-15.5,68,731.8,16.3,
,,,,,,,SOLO,1782258015316,Tue Jun 23 2026 23:40:15 GMT+0000 (UTC),0,,,V,18.9,3.6,722.3,16.3,
,,,,,,,SOLO,1782258058942,Tue Jun 23 2026 23:40:58 GMT+0000 (UTC),0,,,V,-7.9,1.7,731.4,16.3,
,,,,,,,SOLO,1782258107002,Tue Jun 23 2026 23:41:47 GMT+0000 (UTC),0,,,V,1.8,-14,728.1,16.3,
,,,,,,,SOLO,1782258141243,Tue Jun 23 2026 23:42:21 GMT+0000 (UTC),0,,,V,21.6,3.3,730.7,16.4,
,,,,,,,SOLO,1782258180309,Tue Jun 23 2026 23:43:00 GMT+0000 (UTC),0,,,V,-5.8,-13.8,724.1,16.5,
,,,,,,,SOLO,1782258226860,Tue Jun 23 2026 23:43:46 GMT+0000 (UTC),0,,,5,-4.4,-48.4,727.2,16.5,
,,,,,,,SOLO,1782258303916,Tue Jun 23 2026 23:45:03 GMT+0000 (UTC),0,,,V,0.2,-13.1,739.5,16.5,
,,,,,,,SOLO,1782258365641,Tue Jun 23 2026 23:46:05 GMT+0000 (UTC),0,,,V,21.4,-10.4,731,16.6,
,,,,,,,SOLO,1782258409525,Tue Jun 23 2026 23:46:49 GMT+0000 (UTC),0,,,V,-8.8,14.7,721.7,16.6,
### next string
Neilsen b,E 4,AU-300m,2127,1721,0,0
,,,,,,,SOLO,1782257760085,Tue Jun 23 2026 23:36:00 GMT+0000 (UTC),0,,sighter,3,-195.1,48.9,721.5,16.5,
,,,,,,,SOLO,1782257812609,Tue Jun 23 2026 23:36:52 GMT+0000 (UTC),0,,sighter,4,-91.6,74.3,719.4,16.6,
,,,,,,,SOLO,1782257870707,Tue Jun 23 2026 23:37:50 GMT+0000 (UTC),0,,,V,-36.8,-1.2,711.9,16.6,
,,,,,,,SOLO,1782257921701,Tue Jun 23 2026 23:38:41 GMT+0000 (UTC),0,,,V,-13.9,-36,712.8,16.6,
,,,,,,,SOLO,1782257973284,Tue Jun 23 2026 23:39:33 GMT+0000 (UTC),0,,,5,-39,-37.2,721.2,16.6,
,,,,,,,SOLO,1782258011806,Tue Jun 23 2026 23:40:11 GMT+0000 (UTC),0,,,4,-23.1,-110.7,721.8,16.6,
,,,,,,,SOLO,1782258076132,Tue Jun 23 2026 23:41:16 GMT+0000 (UTC),0,,,V,12.8,3.3,711.4,16.5,
,,,,,,,SOLO,1782258129818,Tue Jun 23 2026 23:42:09 GMT+0000 (UTC),0,,,V,20.6,-15.6,715.9,16.5,
,,,,,,,SOLO,1782258166860,Tue Jun 23 2026 23:42:46 GMT+0000 (UTC),0,,,V,16.1,-27.9,711.3,16.6,
,,,,,,,SOLO,1782258205001,Tue Jun 23 2026 23:43:25 GMT+0000 (UTC),0,,,4,-78,40.2,720.3,16.6,
,,,,,,,SOLO,1782258301847,Tue Jun 23 2026 23:45:01 GMT+0000 (UTC),0,,,4,94.3,-16,712.7,16.7,
,,,,,,,SOLO,1782258343214,Tue Jun 23 2026 23:45:43 GMT+0000 (UTC),0,,,5,20.6,-34.6,720,16.7,
### next string
Dyson A,E 6,AU-300m,2130,1720,0,0
,,,,,,,SOLO,1782257708683,Tue Jun 23 2026 23:35:08 GMT+0000 (UTC),0,,sighter,4,-3.2,75,716,16.8,
,,,,,,,SOLO,1782257762761,Tue Jun 23 2026 23:36:02 GMT+0000 (UTC),0,,sighter,4,22.8,-109.2,720.8,16.8,
,,,,,,,SOLO,1782257810618,Tue Jun 23 2026 23:36:50 GMT+0000 (UTC),0,,,5,37.6,-17.3,726.8,16.8,
,,,,,,,SOLO,1782257853323,Tue Jun 23 2026 23:37:33 GMT+0000 (UTC),0,,,4,-27.3,-96.1,726.2,16.9,
,,,,,,,SOLO,1782257900654,Tue Jun 23 2026 23:38:20 GMT+0000 (UTC),0,,,V,19.7,-13.6,718.6,16.9,
,,,,,,,SOLO,1782257943153,Tue Jun 23 2026 23:39:03 GMT+0000 (UTC),0,,,5,42.4,-7.4,723.8,16.9,
,,,,,,,SOLO,1782258006777,Tue Jun 23 2026 23:40:06 GMT+0000 (UTC),0,,,V,1.6,-19.9,714.9,16.8,
,,,,,,,SOLO,1782258065262,Tue Jun 23 2026 23:41:05 GMT+0000 (UTC),0,,,V,-6.7,12.4,725.2,16.9,
,,,,,,,SOLO,1782258113695,Tue Jun 23 2026 23:41:53 GMT+0000 (UTC),0,,,V,-9,1.4,721.6,16.8,
,,,,,,,SOLO,1782258161172,Tue Jun 23 2026 23:42:41 GMT+0000 (UTC),0,,,5,-49,35.9,721.1,16.9,
,,,,,,,SOLO,1782258209982,Tue Jun 23 2026 23:43:29 GMT+0000 (UTC),0,,,V,-13.3,-26.8,727.6,16.9,
,,,,,,,SOLO,1782258254350,Tue Jun 23 2026 23:44:14 GMT+0000 (UTC),0,,,V,-14.1,24,724.5,17,
### next string
SheppardM M1,E 3,AU-300m,2130,1720,0,0
,,,,,,,SOLO,1782257723455,Tue Jun 23 2026 23:35:23 GMT+0000 (UTC),0,,,5,15.7,-64.7,719.7,16.6,
,,,,,,,SOLO,1782257781191,Tue Jun 23 2026 23:36:21 GMT+0000 (UTC),0,,,V,9.3,4.5,723.2,16.6,
,,,,,,,SOLO,1782257817585,Tue Jun 23 2026 23:36:57 GMT+0000 (UTC),0,,,V,-2.7,22.9,724.6,16.6,
,,,,,,,SOLO,1782257903906,Tue Jun 23 2026 23:38:23 GMT+0000 (UTC),0,,,V,19.1,-13.9,716.8,16.7,
,,,,,,,SOLO,1782257942200,Tue Jun 23 2026 23:39:02 GMT+0000 (UTC),0,,,V,3.4,7.3,721.2,16.7,
,,,,,,,SOLO,1782257975232,Tue Jun 23 2026 23:39:35 GMT+0000 (UTC),0,,,V,-23.6,0.7,721.7,16.6,
,,,,,,,SOLO,1782258043815,Tue Jun 23 2026 23:40:43 GMT+0000 (UTC),0,,,V,-7.1,-27.5,731.8,16.6,
,,,,,,,SOLO,1782258087780,Tue Jun 23 2026 23:41:27 GMT+0000 (UTC),0,,,V,-8.8,-20,720.4,16.6,
,,,,,,,SOLO,1782258129147,Tue Jun 23 2026 23:42:09 GMT+0000 (UTC),0,,,5,47.9,-14.7,727.5,16.6,
,,,,,,,SOLO,1782258208284,Tue Jun 23 2026 23:43:28 GMT+0000 (UTC),0,,,5,-32.4,-24.9,725.9,16.6,
### next string
Bailey J,E 5,AU-300m,2130,1722,0,0
,,,,,,,SOLO,1782257679788,Tue Jun 23 2026 23:34:39 GMT+0000 (UTC),0,,sighter,4,26.4,-82.5,713.2,16.5,
,,,,,,,SOLO,1782257727881,Tue Jun 23 2026 23:35:27 GMT+0000 (UTC),0,,,5,-51.1,7.8,709.9,16.6,
,,,,,,,SOLO,1782257773644,Tue Jun 23 2026 23:36:13 GMT+0000 (UTC),0,,,V,33.2,-3.1,709.1,16.6,
,,,,,,,SOLO,1782257819853,Tue Jun 23 2026 23:36:59 GMT+0000 (UTC),0,,,V,5.9,-5.3,711.2,16.7,
,,,,,,,SOLO,1782257857763,Tue Jun 23 2026 23:37:37 GMT+0000 (UTC),0,,,V,-12.7,26,705.6,16.6,
,,,,,,,SOLO,1782257892428,Tue Jun 23 2026 23:38:12 GMT+0000 (UTC),0,,,V,2.3,6.7,706.2,16.6,
,,,,,,,SOLO,1782257923869,Tue Jun 23 2026 23:38:43 GMT+0000 (UTC),0,,,V,3.2,0.9,712.2,16.8,
,,,,,,,SOLO,1782257958446,Tue Jun 23 2026 23:39:18 GMT+0000 (UTC),0,,,V,-0.5,29.5,710.4,16.8,
,,,,,,,SOLO,1782258009680,Tue Jun 23 2026 23:40:09 GMT+0000 (UTC),0,,,V,-7.1,-0.7,699.3,16.6,
,,,,,,,SOLO,1782258080976,Tue Jun 23 2026 23:41:20 GMT+0000 (UTC),0,,,V,2.4,-11.8,708.8,16.7,
,,,,,,,SOLO,1782258122765,Tue Jun 23 2026 23:42:02 GMT+0000 (UTC),0,,,5,42,20.2,706.3,16.6,
### next string
Pederson a 171,E 1,AU-300m,2130,1725,0,0
,,,,,,,SOLO,1782257311694,Tue Jun 23 2026 23:28:31 GMT+0000 (UTC),0,,sighter,3,147.1,92.4,669.8,16.1,
,,,,,,,SOLO,1782257358525,Tue Jun 23 2026 23:29:18 GMT+0000 (UTC),0,,sighter,5,-26.4,-56.1,687,16.1,
,,,,,,,SOLO,1782257435783,Tue Jun 23 2026 23:30:35 GMT+0000 (UTC),0,,,V,31.6,-14.6,691.1,16.2,
,,,,,,,SOLO,1782257463728,Tue Jun 23 2026 23:31:03 GMT+0000 (UTC),0,,,V,-4.8,13.3,685.2,16.2,
,,,,,,,SOLO,1782257489038,Tue Jun 23 2026 23:31:29 GMT+0000 (UTC),0,,,V,-21.6,-25.7,675.4,16.2,
,,,,,,,SOLO,1782257552242,Tue Jun 23 2026 23:32:32 GMT+0000 (UTC),0,,,V,-10.4,16.9,693,16.2,
,,,,,,,SOLO,1782257577555,Tue Jun 23 2026 23:32:57 GMT+0000 (UTC),0,,,5,72.3,-1.3,685.1,16.2,
,,,,,,,SOLO,1782257611826,Tue Jun 23 2026 23:33:31 GMT+0000 (UTC),0,,,V,12.1,-18.6,679,16.2,
,,,,,,,SOLO,1782257638275,Tue Jun 23 2026 23:33:58 GMT+0000 (UTC),0,,,V,14.5,-27.5,678.4,16.2,
,,,,,,,SOLO,1782257674727,Tue Jun 23 2026 23:34:34 GMT+0000 (UTC),0,,,4,65.9,-34.5,673.6,16.1,
,,,,,,,SOLO,1782257695870,Tue Jun 23 2026 23:34:55 GMT+0000 (UTC),0,,,V,2.7,9.4,684,16.2,
,,,,,,,SOLO,1782257716566,Tue Jun 23 2026 23:35:16 GMT+0000 (UTC),0,,,4,-77.8,-38.2,672.8,16.2,
### next string
winkel,E 4,AU-300m,2127,1721,0,0
,,,,,,,SOLO,1782257403876,Tue Jun 23 2026 23:30:03 GMT+0000 (UTC),0,,,V,-17.3,12.9,682.3,16.6,
,,,,,,,SOLO,1782257419734,Tue Jun 23 2026 23:30:19 GMT+0000 (UTC),0,,,V,-2.8,9.6,685.2,16.6,
,,,,,,,SOLO,1782257489632,Tue Jun 23 2026 23:31:29 GMT+0000 (UTC),0,,,V,-5.1,-25,688.9,16.5,
,,,,,,,SOLO,1782257504169,Tue Jun 23 2026 23:31:44 GMT+0000 (UTC),0,,,V,24.9,-14.3,684.8,16.5,
,,,,,,,SOLO,1782257518243,Tue Jun 23 2026 23:31:58 GMT+0000 (UTC),0,,,V,-10.4,-19.1,685.2,16.5,
,,,,,,,SOLO,1782257533046,Tue Jun 23 2026 23:32:13 GMT+0000 (UTC),0,,,V,0,-14.8,684.8,16.6,
,,,,,,,SOLO,1782257545469,Tue Jun 23 2026 23:32:25 GMT+0000 (UTC),0,,,V,-13.9,-4.8,685.9,16.6,
,,,,,,,SOLO,1782257555898,Tue Jun 23 2026 23:32:35 GMT+0000 (UTC),0,,,V,-4.6,-7.9,683.9,16.6,
,,,,,,,SOLO,1782257565213,Tue Jun 23 2026 23:32:45 GMT+0000 (UTC),0,,,V,12,-24.4,686.1,16.6,
,,,,,,,SOLO,1782257577807,Tue Jun 23 2026 23:32:57 GMT+0000 (UTC),0,,,V,16.8,-15.6,685.7,16.6,
### next string
Rodham P 152,E 3,AU-300m,2130,1720,0,0
,,,,,,,SOLO,1782257074379,Tue Jun 23 2026 23:24:34 GMT+0000 (UTC),0,,sighter,2,-186.7,132.7,690.8,15.9,
,,,,,,,SOLO,1782257113536,Tue Jun 23 2026 23:25:13 GMT+0000 (UTC),0,,,5,33,-57.7,681.8,16,
,,,,,,,SOLO,1782257146821,Tue Jun 23 2026 23:25:46 GMT+0000 (UTC),0,,,4,36,-68.8,686.5,16.1,
,,,,,,,SOLO,1782257185729,Tue Jun 23 2026 23:26:25 GMT+0000 (UTC),0,,,5,39.9,23.4,688.3,16.1,
,,,,,,,SOLO,1782257217756,Tue Jun 23 2026 23:26:57 GMT+0000 (UTC),0,,,5,52,-7.4,682.2,16.2,
,,,,,,,SOLO,1782257241771,Tue Jun 23 2026 23:27:21 GMT+0000 (UTC),0,,,5,-43.3,-27.1,681.2,16.2,
,,,,,,,SOLO,1782257270251,Tue Jun 23 2026 23:27:50 GMT+0000 (UTC),0,,,5,48.4,-39.6,692.8,16.3,
,,,,,,,SOLO,1782257299436,Tue Jun 23 2026 23:28:19 GMT+0000 (UTC),0,,,5,44,-3.6,696.4,16.3,
,,,,,,,SOLO,1782257326732,Tue Jun 23 2026 23:28:46 GMT+0000 (UTC),0,,,5,-22.8,-33.6,692,16.4,
,,,,,,,SOLO,1782257356591,Tue Jun 23 2026 23:29:16 GMT+0000 (UTC),0,,,V,2.1,-15,688.9,16.4,
,,,,,,,SOLO,1782257379885,Tue Jun 23 2026 23:29:39 GMT+0000 (UTC),0,,,5,41.4,-17.3,695.9,16.4,
### next string
Fincham D,E 6,AU-300m,2130,1720,0,0
,,,,,,,SOLO,1782257177074,Tue Jun 23 2026 23:26:17 GMT+0000 (UTC),0,,sighter,6,19.1,30.5,737.9,16.5,
,,,,,,,SOLO,1782257220763,Tue Jun 23 2026 23:27:00 GMT+0000 (UTC),0,,,X,-6.7,9.7,751,16.5,
,,,,,,,SOLO,1782257256051,Tue Jun 23 2026 23:27:36 GMT+0000 (UTC),0,,,X,-13.1,-0.6,754.8,16.6,
,,,,,,,SOLO,1782257275569,Tue Jun 23 2026 23:27:55 GMT+0000 (UTC),0,,,6,-18.9,16,743.5,16.6,
,,,,,,,SOLO,1782257320319,Tue Jun 23 2026 23:28:40 GMT+0000 (UTC),0,,,X,-19.5,-0.4,742.1,16.7,
,,,,,,,SOLO,1782257348529,Tue Jun 23 2026 23:29:08 GMT+0000 (UTC),0,,,X,14.3,2.8,749.7,16.7,
,,,,,,,SOLO,1782257372408,Tue Jun 23 2026 23:29:32 GMT+0000 (UTC),0,,,X,-1.6,-7.5,745.2,16.8,
,,,,,,,SOLO,1782257429133,Tue Jun 23 2026 23:30:29 GMT+0000 (UTC),0,,,X,0.6,-2,746.4,16.8,
,,,,,,,SOLO,1782257447676,Tue Jun 23 2026 23:30:47 GMT+0000 (UTC),0,,,X,19.3,5.8,739.7,16.8,
,,,,,,,SOLO,1782257484902,Tue Jun 23 2026 23:31:24 GMT+0000 (UTC),0,,,X,8.4,15.9,739.1,16.8,
,,,,,,,SOLO,1782257522178,Tue Jun 23 2026 23:32:02 GMT+0000 (UTC),0,,,X,14.3,-6.9,740.4,16.8,
### next string
J McIntosh,E 5,AU-300m,2130,1722,0,0
,,,,,,,SOLO,1782257204712,Tue Jun 23 2026 23:26:44 GMT+0000 (UTC),0,,sighter,4,-26.9,76,709.3,15.9,
,,,,,,,SOLO,1782257245592,Tue Jun 23 2026 23:27:25 GMT+0000 (UTC),0,,,5,-37.4,11,724.1,16,
,,,,,,,SOLO,1782257274044,Tue Jun 23 2026 23:27:54 GMT+0000 (UTC),0,,,5,-56.5,-31.9,722.1,16.1,
,,,,,,,SOLO,1782257301094,Tue Jun 23 2026 23:28:21 GMT+0000 (UTC),0,,,5,6.7,-55.8,721.8,16.1,
,,,,,,,SOLO,1782257319808,Tue Jun 23 2026 23:28:39 GMT+0000 (UTC),0,,,5,-39.6,16.6,710.7,16.3,
,,,,,,,SOLO,1782257346190,Tue Jun 23 2026 23:29:06 GMT+0000 (UTC),0,,,5,-51.5,35.7,729,16.3,
,,,,,,,SOLO,1782257371831,Tue Jun 23 2026 23:29:31 GMT+0000 (UTC),0,,,5,69.9,-22.1,711.7,16.3,
,,,,,,,SOLO,1782257395621,Tue Jun 23 2026 23:29:55 GMT+0000 (UTC),0,,,5,-12.7,69.8,718.1,16.3,
,,,,,,,SOLO,1782257425635,Tue Jun 23 2026 23:30:25 GMT+0000 (UTC),0,,,V,-22.1,25.1,725.6,16.4,
,,,,,,,SOLO,1782257452828,Tue Jun 23 2026 23:30:52 GMT+0000 (UTC),0,,,5,-4.5,63.6,730.2,16.4,
,,,,,,,SOLO,1782257491446,Tue Jun 23 2026 23:31:31 GMT+0000 (UTC),0,,,5,3.9,55.4,730.7,16.4,
### next string
Sperring 83,E 4,AU-300m,2127,1721,0,0
,,,,,,,SOLO,1782256942467,Tue Jun 23 2026 23:22:22 GMT+0000 (UTC),0,,sighter,2,-86.7,-260.8,691.1,15.9,
,,,,,,,SOLO,1782256983205,Tue Jun 23 2026 23:23:03 GMT+0000 (UTC),0,,sighter,4,-7.6,-127.5,690.2,16,
,,,,,,,SOLO,1782257021289,Tue Jun 23 2026 23:23:41 GMT+0000 (UTC),0,,,5,-58.1,-43.4,690.5,16.1,
,,,,,,,SOLO,1782257053574,Tue Jun 23 2026 23:24:13 GMT+0000 (UTC),0,,,5,-9.3,-48.1,695.1,16.1,
,,,,,,,SOLO,1782257093489,Tue Jun 23 2026 23:24:53 GMT+0000 (UTC),0,,,6,-5.9,-30.3,692.7,16.2,
,,,,,,,SOLO,1782257120452,Tue Jun 23 2026 23:25:20 GMT+0000 (UTC),0,,,6,-17.6,14,689.1,16.2,
,,,,,,,SOLO,1782257145192,Tue Jun 23 2026 23:25:45 GMT+0000 (UTC),0,,,5,-51.8,-0.3,688.5,16.2,
,,,,,,,SOLO,1782257171437,Tue Jun 23 2026 23:26:11 GMT+0000 (UTC),0,,,6,24.9,4.8,687.5,16.3,
,,,,,,,SOLO,1782257195052,Tue Jun 23 2026 23:26:35 GMT+0000 (UTC),0,,,6,-17.3,17.1,693.3,16.3,
,,,,,,,SOLO,1782257216641,Tue Jun 23 2026 23:26:56 GMT+0000 (UTC),0,,,6,25.7,8.2,688.6,16.4,
,,,,,,,SOLO,1782257237570,Tue Jun 23 2026 23:27:17 GMT+0000 (UTC),0,,,X,-6.7,0.8,690.1,16.4,
,,,,,,,SOLO,1782257261175,Tue Jun 23 2026 23:27:41 GMT+0000 (UTC),0,,,5,-60,-10.6,706.2,16.4,
### next string
orman 11,E 1,AU-300m,2130,1725,0,0
,,,,,,,SOLO,1782256975612,Tue Jun 23 2026 23:22:55 GMT+0000 (UTC),0,,sighter,5,56.8,-21.2,729.4,15.8,
,,,,,,,SOLO,1782257000307,Tue Jun 23 2026 23:23:20 GMT+0000 (UTC),0,,sighter,5,-28.5,-28.4,746.4,15.8,
,,,,,,,SOLO,1782257027230,Tue Jun 23 2026 23:23:47 GMT+0000 (UTC),0,,,X,-5.9,2.4,733.6,15.9,
,,,,,,,SOLO,1782257042661,Tue Jun 23 2026 23:24:02 GMT+0000 (UTC),0,,,X,-2.4,-7.8,737.9,15.9,
,,,,,,,SOLO,1782257057659,Tue Jun 23 2026 23:24:17 GMT+0000 (UTC),0,,,X,1.8,-4.9,737.3,15.9,
,,,,,,,SOLO,1782257071716,Tue Jun 23 2026 23:24:31 GMT+0000 (UTC),0,,,X,19.4,-8.2,737.3,15.9,
,,,,,,,SOLO,1782257088451,Tue Jun 23 2026 23:24:48 GMT+0000 (UTC),0,,,X,-0.5,14.5,746.7,15.9,
,,,,,,,SOLO,1782257102494,Tue Jun 23 2026 23:25:02 GMT+0000 (UTC),0,,,X,4.7,-13.4,737.4,15.9,
,,,,,,,SOLO,1782257115101,Tue Jun 23 2026 23:25:15 GMT+0000 (UTC),0,,,X,-12.1,-4.6,740.7,15.9,
,,,,,,,SOLO,1782257127393,Tue Jun 23 2026 23:25:27 GMT+0000 (UTC),0,,,X,7.2,10.5,744,15.9,
,,,,,,,SOLO,1782257139041,Tue Jun 23 2026 23:25:39 GMT+0000 (UTC),0,,,X,1.1,1,737.7,15.9,
,,,,,,,SOLO,1782257150850,Tue Jun 23 2026 23:25:50 GMT+0000 (UTC),0,,,6,-13.9,-17.6,737.6,15.9,
### next string
Winkel A,E 6,AU-300m,2130,1720,0,0
,,,,,,,SOLO,1782256765686,Tue Jun 23 2026 23:19:25 GMT+0000 (UTC),0,,sighter,4,-39.5,-89.3,733,16,
,,,,,,,SOLO,1782256840227,Tue Jun 23 2026 23:20:40 GMT+0000 (UTC),0,,,V,6.8,31.7,727.7,16.1,
,,,,,,,SOLO,1782256865198,Tue Jun 23 2026 23:21:05 GMT+0000 (UTC),0,,,V,-9.8,18.1,732.1,16.1,
,,,,,,,SOLO,1782256902032,Tue Jun 23 2026 23:21:42 GMT+0000 (UTC),0,,,V,23.4,-10.6,723.3,16.1,
,,,,,,,SOLO,1782256921771,Tue Jun 23 2026 23:22:01 GMT+0000 (UTC),0,,,V,8.9,-20.7,730.1,16.1,
,,,,,,,SOLO,1782256946705,Tue Jun 23 2026 23:22:26 GMT+0000 (UTC),0,,,V,13.8,7,729.8,16.1,
,,,,,,,SOLO,1782256965843,Tue Jun 23 2026 23:22:45 GMT+0000 (UTC),0,,,V,9.1,5,738.1,16.1,
,,,,,,,SOLO,1782256987604,Tue Jun 23 2026 23:23:07 GMT+0000 (UTC),0,,,V,-2.1,1.6,733.2,16.1,
,,,,,,,SOLO,1782257007815,Tue Jun 23 2026 23:23:27 GMT+0000 (UTC),0,,,V,15.7,23.1,732.3,16.3,
,,,,,,,SOLO,1782257026659,Tue Jun 23 2026 23:23:46 GMT+0000 (UTC),0,,,V,30.9,9.1,728.5,16.3,
,,,,,,,SOLO,1782257067536,Tue Jun 23 2026 23:24:27 GMT+0000 (UTC),0,,,4,77.1,19.9,737,16.3,
### next string
M Shelley,E 5,AU-300m,2130,1722,0,0
,,,,,,,SOLO,1782256688444,Tue Jun 23 2026 23:18:08 GMT+0000 (UTC),0,,sighter,V,3.2,-24.9,681.8,14.9,
,,,,,,,SOLO,1782256722893,Tue Jun 23 2026 23:18:42 GMT+0000 (UTC),0,,sighter,4,17.3,-77.9,684.7,15,
,,,,,,,SOLO,1782256770735,Tue Jun 23 2026 23:19:30 GMT+0000 (UTC),0,,,5,44.6,3.7,682.9,15.1,
,,,,,,,SOLO,1782256808055,Tue Jun 23 2026 23:20:08 GMT+0000 (UTC),0,,,V,29.6,15.6,688.9,15.1,
,,,,,,,SOLO,1782256844490,Tue Jun 23 2026 23:20:44 GMT+0000 (UTC),0,,,5,-50.9,-11.9,687.1,15.2,
,,,,,,,SOLO,1782256877262,Tue Jun 23 2026 23:21:17 GMT+0000 (UTC),0,,,V,-0.4,4.3,685.7,15.3,
,,,,,,,SOLO,1782256904486,Tue Jun 23 2026 23:21:44 GMT+0000 (UTC),0,,,5,30.1,50.5,682.5,15.3,
,,,,,,,SOLO,1782256932912,Tue Jun 23 2026 23:22:12 GMT+0000 (UTC),0,,,V,25.3,-14.8,681.7,15.3,
,,,,,,,SOLO,1782256957449,Tue Jun 23 2026 23:22:37 GMT+0000 (UTC),0,,,V,25.5,-0.9,690.2,15.3,
,,,,,,,SOLO,1782256990684,Tue Jun 23 2026 23:23:10 GMT+0000 (UTC),0,,,V,15.4,-10.4,677.7,15.3,
,,,,,,,SOLO,1782257022128,Tue Jun 23 2026 23:23:42 GMT+0000 (UTC),0,,,3,152.9,-6.9,686.6,15.5,
,,,,,,,SOLO,1782257046421,Tue Jun 23 2026 23:24:06 GMT+0000 (UTC),0,,,5,54.4,21.4,680.8,15.6,
### next string
Orman 46,E 3,AU-300m,2130,1720,0,0
,,,,,,,SOLO,1782256763654,Tue Jun 23 2026 23:19:23 GMT+0000 (UTC),0,,,X,-13.9,6.8,712.9,15.6,
,,,,,,,SOLO,1782256777605,Tue Jun 23 2026 23:19:37 GMT+0000 (UTC),0,,,6,11.8,-22.2,711.3,15.7,
,,,,,,,SOLO,1782256796285,Tue Jun 23 2026 23:19:56 GMT+0000 (UTC),0,,,6,24.3,10.3,713.5,15.7,
,,,,,,,SOLO,1782256808290,Tue Jun 23 2026 23:20:08 GMT+0000 (UTC),0,,,6,3.4,27.2,715.2,15.7,
,,,,,,,SOLO,1782256824764,Tue Jun 23 2026 23:20:24 GMT+0000 (UTC),0,,,X,-14.6,-3.9,718.9,15.7,
,,,,,,,SOLO,1782256835390,Tue Jun 23 2026 23:20:35 GMT+0000 (UTC),0,,,X,16.6,7.4,713.9,15.7,
,,,,,,,SOLO,1782256850401,Tue Jun 23 2026 23:20:50 GMT+0000 (UTC),0,,,6,21.1,8.3,715.7,15.7,
,,,,,,,SOLO,1782256868165,Tue Jun 23 2026 23:21:08 GMT+0000 (UTC),0,,,X,-14.4,14.2,716.6,15.7,
,,,,,,,SOLO,1782256890782,Tue Jun 23 2026 23:21:30 GMT+0000 (UTC),0,,,X,12.4,7.1,714.8,15.7,
,,,,,,,SOLO,1782256902328,Tue Jun 23 2026 23:21:42 GMT+0000 (UTC),0,,,X,13,14.1,707.3,15.8,
### next string
Watson m,E 1,AU-300m,2130,1725,0,0
,,,,,,,SOLO,1782256444463,Tue Jun 23 2026 23:14:04 GMT+0000 (UTC),0,,sighter,3,28.8,-173.5,719.9,15.3,
,,,,,,,SOLO,1782256497335,Tue Jun 23 2026 23:14:57 GMT+0000 (UTC),0,,sighter,5,51,-19.5,742.9,15.4,
,,,,,,,SOLO,1782256569530,Tue Jun 23 2026 23:16:09 GMT+0000 (UTC),0,,,6,-27,-19.1,739.1,15.5,
,,,,,,,SOLO,1782256589833,Tue Jun 23 2026 23:16:29 GMT+0000 (UTC),0,,,5,-41.7,3,739,15.6,
,,,,,,,SOLO,1782256615626,Tue Jun 23 2026 23:16:55 GMT+0000 (UTC),0,,,6,38.8,-1,752.8,15.6,
,,,,,,,SOLO,1782256646375,Tue Jun 23 2026 23:17:26 GMT+0000 (UTC),0,,,X,8.1,17.7,743.3,15.7,
,,,,,,,SOLO,1782256667034,Tue Jun 23 2026 23:17:47 GMT+0000 (UTC),0,,,5,22.7,50.9,741.7,15.7,
,,,,,,,SOLO,1782256713241,Tue Jun 23 2026 23:18:33 GMT+0000 (UTC),0,,,6,-1.2,26.4,751.2,15.7,
,,,,,,,SOLO,1782256739858,Tue Jun 23 2026 23:18:59 GMT+0000 (UTC),0,,,X,-6.2,-0.8,749.7,15.7,
,,,,,,,SOLO,1782256758465,Tue Jun 23 2026 23:19:18 GMT+0000 (UTC),0,,,X,9.3,-9.3,745.7,15.8,
,,,,,,,SOLO,1782256773985,Tue Jun 23 2026 23:19:33 GMT+0000 (UTC),0,,,6,26.8,14.1,749,15.8,
,,,,,,,SOLO,1782256787746,Tue Jun 23 2026 23:19:47 GMT+0000 (UTC),0,,,5,-5.9,40.8,746.5,15.8,
### next string
Bartlett 141,E 4,AU-300m,2127,1721,0,0
,,,,,,,SOLO,1782256241391,Tue Jun 23 2026 23:10:41 GMT+0000 (UTC),0,,sighter,4,92,-60.1,698.3,14.6,
,,,,,,,SOLO,1782256307473,Tue Jun 23 2026 23:11:47 GMT+0000 (UTC),0,,sighter,3,-200.7,50.5,742.5,14.7,
,,,,,,,SOLO,1782256393858,Tue Jun 23 2026 23:13:13 GMT+0000 (UTC),0,,,4,71.9,115.7,743.8,14.9,
,,,,,,,SOLO,1782256477022,Tue Jun 23 2026 23:14:37 GMT+0000 (UTC),0,,,5,6.8,60,741,15.2,
,,,,,,,SOLO,1782256536603,Tue Jun 23 2026 23:15:36 GMT+0000 (UTC),0,,,5,41.4,-7.1,737.4,15.4,
,,,,,,,SOLO,1782256577799,Tue Jun 23 2026 23:16:17 GMT+0000 (UTC),0,,,6,-26.8,-16.6,742.7,15.4,
,,,,,,,SOLO,1782256615901,Tue Jun 23 2026 23:16:55 GMT+0000 (UTC),0,,,X,-9.4,18.1,740.4,15.5,
,,,,,,,SOLO,1782256641858,Tue Jun 23 2026 23:17:21 GMT+0000 (UTC),0,,,X,-7.2,8.6,739.3,15.7,
,,,,,,,SOLO,1782256665910,Tue Jun 23 2026 23:17:45 GMT+0000 (UTC),0,,,X,21.3,2.2,740.4,15.7,
,,,,,,,SOLO,1782256748540,Tue Jun 23 2026 23:19:08 GMT+0000 (UTC),0,,,6,-23.4,5.4,737.2,15.8,
,,,,,,,SOLO,1782256781249,Tue Jun 23 2026 23:19:41 GMT+0000 (UTC),0,,,X,13.1,-16.4,744.5,15.9,
,,,,,,,SOLO,1782256814158,Tue Jun 23 2026 23:20:14 GMT+0000 (UTC),0,,,5,21.4,-36.8,738.8,15.9,
### next string
a mathison,E 6,AU-300m,2130,1720,0,0
,,,,,,,SOLO,1782256327595,Tue Jun 23 2026 23:12:07 GMT+0000 (UTC),0,,sighter,0,-15.7,857.7,746.9,15.2,
,,,,,,,SOLO,1782256378865,Tue Jun 23 2026 23:12:58 GMT+0000 (UTC),0,,sighter,X,-2.5,-18.3,742.4,15.2,
,,,,,,,SOLO,1782256401339,Tue Jun 23 2026 23:13:21 GMT+0000 (UTC),0,,,X,15.5,8,735.5,15.3,
,,,,,,,SOLO,1782256415224,Tue Jun 23 2026 23:13:35 GMT+0000 (UTC),0,,,X,7.9,3.7,736.5,15.3,
,,,,,,,SOLO,1782256428071,Tue Jun 23 2026 23:13:48 GMT+0000 (UTC),0,,,6,23.6,6.8,731.1,15.3,
,,,,,,,SOLO,1782256442407,Tue Jun 23 2026 23:14:02 GMT+0000 (UTC),0,,,6,9.4,-29,735.8,15.4,
,,,,,,,SOLO,1782256456087,Tue Jun 23 2026 23:14:16 GMT+0000 (UTC),0,,,X,16.1,-8.8,734.6,15.4,
,,,,,,,SOLO,1782256469116,Tue Jun 23 2026 23:14:29 GMT+0000 (UTC),0,,,X,-2.3,1.4,732.4,15.4,
,,,,,,,SOLO,1782256482706,Tue Jun 23 2026 23:14:42 GMT+0000 (UTC),0,,,6,22.3,3.2,736.6,15.6,
,,,,,,,SOLO,1782256497781,Tue Jun 23 2026 23:14:57 GMT+0000 (UTC),0,,,6,15.9,-25.2,736.2,15.6,
,,,,,,,SOLO,1782256511692,Tue Jun 23 2026 23:15:11 GMT+0000 (UTC),0,,,X,5.1,-10.3,735.3,15.6,
,,,,,,,SOLO,1782256529333,Tue Jun 23 2026 23:15:29 GMT+0000 (UTC),0,,,X,5.2,-15.8,736,15.6,
### next string
Jamieson 69,E 3,AU-300m,2130,1720,0,0
,,,,,,,SOLO,1782256362497,Tue Jun 23 2026 23:12:42 GMT+0000 (UTC),0,,sighter,5,-47.8,32.4,729.4,14.7,
,,,,,,,SOLO,1782256400204,Tue Jun 23 2026 23:13:20 GMT+0000 (UTC),0,,,X,5.8,-8.3,733.8,14.8,
,,,,,,,SOLO,1782256417433,Tue Jun 23 2026 23:13:37 GMT+0000 (UTC),0,,,5,-8.1,-42.5,731.5,14.8,
,,,,,,,SOLO,1782256442662,Tue Jun 23 2026 23:14:02 GMT+0000 (UTC),0,,,X,-5,-8.4,724.9,14.9,
,,,,,,,SOLO,1782256459675,Tue Jun 23 2026 23:14:19 GMT+0000 (UTC),0,,,X,5.6,-14.3,733.4,14.9,
,,,,,,,SOLO,1782256479596,Tue Jun 23 2026 23:14:39 GMT+0000 (UTC),0,,,X,-5.7,-5.9,728.4,15.1,
,,,,,,,SOLO,1782256494585,Tue Jun 23 2026 23:14:54 GMT+0000 (UTC),0,,,X,14.7,-1.1,730.4,15.1,
,,,,,,,SOLO,1782256511462,Tue Jun 23 2026 23:15:11 GMT+0000 (UTC),0,,,X,15.3,14.2,734.1,15.2,
,,,,,,,SOLO,1782256525682,Tue Jun 23 2026 23:15:25 GMT+0000 (UTC),0,,,X,-12.4,-4.9,726,15.2,
,,,,,,,SOLO,1782256540798,Tue Jun 23 2026 23:15:40 GMT+0000 (UTC),0,,,X,1.7,0,725,15.2,
,,,,,,,SOLO,1782256555501,Tue Jun 23 2026 23:15:55 GMT+0000 (UTC),0,,,6,-19.1,-27.6,731.9,15.3,
### next string
test,E 2,AU-300m,2130,1721,0,0
,,,,,,,SOLO,1782256583333,Tue Jun 23 2026 23:16:23 GMT+0000 (UTC),0,,sighter,3,-146.6,-25.3,725.5,15.1,
### next string
,E 2,AU-300m,2130,1721,0,0
### next string
Maguire J 300m,E 5,AU-300m,2130,1722,0,0
,,,,,,,SOLO,1782256027135,Tue Jun 23 2026 23:07:07 GMT+0000 (UTC),0,,sighter,3,94.7,-170.6,685.5,13.8,
,,,,,,,SOLO,1782256101508,Tue Jun 23 2026 23:08:21 GMT+0000 (UTC),0,,sighter,5,-35,47.9,686.2,13.8,
,,,,,,,SOLO,1782256180015,Tue Jun 23 2026 23:09:40 GMT+0000 (UTC),0,,,4,102.6,-20.9,684.7,13.8,
,,,,,,,SOLO,1782256229439,Tue Jun 23 2026 23:10:29 GMT+0000 (UTC),0,,,4,-77.6,-26,683.8,14,
,,,,,,,SOLO,1782256270281,Tue Jun 23 2026 23:11:10 GMT+0000 (UTC),0,,,5,-53.9,-25.5,689.6,14,
,,,,,,,SOLO,1782256307130,Tue Jun 23 2026 23:11:47 GMT+0000 (UTC),0,,,5,-22.4,-59.3,688.1,14,
,,,,,,,SOLO,1782256343100,Tue Jun 23 2026 23:12:23 GMT+0000 (UTC),0,,,X,-8.1,-1.5,691.1,14.1,
,,,,,,,SOLO,1782256367839,Tue Jun 23 2026 23:12:47 GMT+0000 (UTC),0,,,6,38.5,-5,690.1,14.2,
,,,,,,,SOLO,1782256391262,Tue Jun 23 2026 23:13:11 GMT+0000 (UTC),0,,,X,2.5,-14.4,689.8,14.2,
,,,,,,,SOLO,1782256418342,Tue Jun 23 2026 23:13:38 GMT+0000 (UTC),0,,,6,9.3,-35,689.8,14.3,
,,,,,,,SOLO,1782256449772,Tue Jun 23 2026 23:14:09 GMT+0000 (UTC),0,,,6,16.3,16,689.2,14.5,
,,,,,,,SOLO,1782256472265,Tue Jun 23 2026 23:14:32 GMT+0000 (UTC),0,,,6,-17.4,29.9,696.3,14.5,
### next string
warrian g 77,E 1,AU-300m,2130,1725,0,0
,,,,,,,SOLO,1782255773873,Tue Jun 23 2026 23:02:53 GMT+0000 (UTC),0,,sighter,4,46,-84.8,718.8,14.6,
,,,,,,,SOLO,1782255839165,Tue Jun 23 2026 23:03:59 GMT+0000 (UTC),0,,,6,-15.7,34.4,734.2,14.6,
,,,,,,,SOLO,1782255885905,Tue Jun 23 2026 23:04:45 GMT+0000 (UTC),0,,,5,36.1,-18,725.4,14.7,
,,,,,,,SOLO,1782255934792,Tue Jun 23 2026 23:05:34 GMT+0000 (UTC),0,,,6,-24.9,-13,729,14.8,
,,,,,,,SOLO,1782255973363,Tue Jun 23 2026 23:06:13 GMT+0000 (UTC),0,,,X,-11.6,10.3,733.6,14.8,
,,,,,,,SOLO,1782256030245,Tue Jun 23 2026 23:07:10 GMT+0000 (UTC),0,,,X,-15.8,11.2,730.4,14.8,
,,,,,,,SOLO,1782256065062,Tue Jun 23 2026 23:07:45 GMT+0000 (UTC),0,,,5,-37.7,31.5,737.9,14.9,
,,,,,,,SOLO,1782256117404,Tue Jun 23 2026 23:08:37 GMT+0000 (UTC),0,,,6,-11.9,19.7,725.3,14.9,
,,,,,,,SOLO,1782256153747,Tue Jun 23 2026 23:09:13 GMT+0000 (UTC),0,,,6,33.7,-7,732.7,15.1,
,,,,,,,SOLO,1782256196264,Tue Jun 23 2026 23:09:56 GMT+0000 (UTC),0,,,6,5.6,26.9,733,15.1,
,,,,,,,SOLO,1782256237368,Tue Jun 23 2026 23:10:37 GMT+0000 (UTC),0,,,5,42.5,-25.6,738.5,15.1,
### next string
Fincham J,E 6,AU-300m,2130,1720,0,0
,,,,,,,SOLO,1782255687238,Tue Jun 23 2026 23:01:27 GMT+0000 (UTC),0,,sighter,0,-69.4,-740.8,738.9,13.7,
,,,,,,,SOLO,1782255878855,Tue Jun 23 2026 23:04:38 GMT+0000 (UTC),0,,sighter,4,-85.6,72.5,738.4,14.1,
,,,,,,,SOLO,1782255933593,Tue Jun 23 2026 23:05:33 GMT+0000 (UTC),0,,,5,-31.2,48.8,736.6,14.2,
,,,,,,,SOLO,1782255972480,Tue Jun 23 2026 23:06:12 GMT+0000 (UTC),0,,,6,-11.7,18.4,735.7,14.3,
,,,,,,,SOLO,1782256000937,Tue Jun 23 2026 23:06:40 GMT+0000 (UTC),0,,,6,-21.8,-0.4,737.1,14.4,
,,,,,,,SOLO,1782256024207,Tue Jun 23 2026 23:07:04 GMT+0000 (UTC),0,,,6,29.7,-14.1,740.1,14.4,
,,,,,,,SOLO,1782256049769,Tue Jun 23 2026 23:07:29 GMT+0000 (UTC),0,,,X,10,-1.4,738.6,14.6,
,,,,,,,SOLO,1782256067614,Tue Jun 23 2026 23:07:47 GMT+0000 (UTC),0,,,6,25,-12.1,742.9,14.6,
,,,,,,,SOLO,1782256095141,Tue Jun 23 2026 23:08:15 GMT+0000 (UTC),0,,,X,12.8,2.9,734.3,14.7,
,,,,,,,SOLO,1782256120621,Tue Jun 23 2026 23:08:40 GMT+0000 (UTC),0,,,X,3.9,-6.8,738.1,14.8,
,,,,,,,SOLO,1782256140355,Tue Jun 23 2026 23:09:00 GMT+0000 (UTC),0,,,6,15.3,-20,737.5,14.8,
,,,,,,,SOLO,1782256164581,Tue Jun 23 2026 23:09:24 GMT+0000 (UTC),0,,,6,-24,23,738.6,14.8,
### next string
,E 3,AU-300m,2130,1720,0,0
,,,,,,,SOLO,1782255727459,Tue Jun 23 2026 23:02:07 GMT+0000 (UTC),0,,sighter,5,43.5,1.1,742.3,13.3,
,,,,,,,SOLO,1782255814575,Tue Jun 23 2026 23:03:34 GMT+0000 (UTC),0,,sighter,4,77.8,9.5,747.7,13.4,
,,,,,,,SOLO,1782255911452,Tue Jun 23 2026 23:05:11 GMT+0000 (UTC),0,,,6,-19.8,16.5,752.5,13.6,
,,,,,,,SOLO,1782255946067,Tue Jun 23 2026 23:05:46 GMT+0000 (UTC),0,,,X,6.6,-10.3,756.5,13.7,
,,,,,,,SOLO,1782255976059,Tue Jun 23 2026 23:06:16 GMT+0000 (UTC),0,,,6,3.7,29.1,753,13.8,
,,,,,,,SOLO,1782256014040,Tue Jun 23 2026 23:06:54 GMT+0000 (UTC),0,,,6,20.9,-15.8,761.3,13.9,
,,,,,,,SOLO,1782256026440,Tue Jun 23 2026 23:07:06 GMT+0000 (UTC),0,,,6,31.9,1.9,763.1,13.9,
,,,,,,,SOLO,1782256053019,Tue Jun 23 2026 23:07:33 GMT+0000 (UTC),0,,,6,-5.5,25.9,761,14,
,,,,,,,SOLO,1782256084410,Tue Jun 23 2026 23:08:04 GMT+0000 (UTC),0,,,6,20.5,19.8,755.8,14,
,,,,,,,SOLO,1782256113799,Tue Jun 23 2026 23:08:33 GMT+0000 (UTC),0,,,6,7.4,23.1,759.9,14.2,
,,,,,,,SOLO,1782256142627,Tue Jun 23 2026 23:09:02 GMT+0000 (UTC),0,,,6,-8.7,32,753.5,14.4,
,,,,,,,SOLO,1782256172167,Tue Jun 23 2026 23:09:32 GMT+0000 (UTC),0,,,6,18,17.7,753.8,14.4,
### next string
43 crisp,E 4,AU-300m,2127,1721,0,0
,,,,,,,SOLO,1782255808626,Tue Jun 23 2026 23:03:28 GMT+0000 (UTC),0,,sighter,4,117.7,7.8,696,13.4,
,,,,,,,SOLO,1782255852890,Tue Jun 23 2026 23:04:12 GMT+0000 (UTC),0,,,6,17.5,29.2,710,13.4,
,,,,,,,SOLO,1782255890442,Tue Jun 23 2026 23:04:50 GMT+0000 (UTC),0,,,X,-1.9,5.6,704,13.5,
,,,,,,,SOLO,1782255908980,Tue Jun 23 2026 23:05:08 GMT+0000 (UTC),0,,,X,10.7,15.8,699.1,13.5,
,,,,,,,SOLO,1782255927621,Tue Jun 23 2026 23:05:27 GMT+0000 (UTC),0,,,X,-18.3,5.7,706.5,13.6,
,,,,,,,SOLO,1782255949093,Tue Jun 23 2026 23:05:49 GMT+0000 (UTC),0,,,6,36.3,-3.7,703.5,13.6,
,,,,,,,SOLO,1782255986927,Tue Jun 23 2026 23:06:26 GMT+0000 (UTC),0,,,6,21.2,27.5,709,13.8,
,,,,,,,SOLO,1782256032406,Tue Jun 23 2026 23:07:12 GMT+0000 (UTC),0,,,6,22.6,19.5,709.7,13.9,
,,,,,,,SOLO,1782256062911,Tue Jun 23 2026 23:07:42 GMT+0000 (UTC),0,,,6,-23.6,13.7,714.5,14,
,,,,,,,SOLO,1782256094642,Tue Jun 23 2026 23:08:14 GMT+0000 (UTC),0,,,5,36.5,23.8,702.4,14.2,
,,,,,,,SOLO,1782256129020,Tue Jun 23 2026 23:08:49 GMT+0000 (UTC),0,,,6,22.6,14.5,699.1,14.3,
### next string
,E 2,AU-300m,2130,1721,0,0
### next string
Pearsall 40,E 5,AU-300m,2130,1722,0,0
,,,,,,,SOLO,1782255654377,Tue Jun 23 2026 23:00:54 GMT+0000 (UTC),0,,sighter,4,-79.3,37.5,722.4,13.7,
,,,,,,,SOLO,1782255697364,Tue Jun 23 2026 23:01:37 GMT+0000 (UTC),0,,,6,22.2,-2.9,720.7,13.7,
,,,,,,,SOLO,1782255723956,Tue Jun 23 2026 23:02:03 GMT+0000 (UTC),0,,,X,-7.3,-15.6,719.3,13.8,
,,,,,,,SOLO,1782255745825,Tue Jun 23 2026 23:02:25 GMT+0000 (UTC),0,,,X,-10.9,-1.4,723.6,13.7,
,,,,,,,SOLO,1782255761746,Tue Jun 23 2026 23:02:41 GMT+0000 (UTC),0,,,X,-3,-18.6,717,13.7,
,,,,,,,SOLO,1782255785870,Tue Jun 23 2026 23:03:05 GMT+0000 (UTC),0,,,5,12,-40.1,723,13.7,
,,,,,,,SOLO,1782255816576,Tue Jun 23 2026 23:03:36 GMT+0000 (UTC),0,,,X,-5.2,-13.2,725.2,13.7,
,,,,,,,SOLO,1782255867918,Tue Jun 23 2026 23:04:27 GMT+0000 (UTC),0,,,X,16.9,-6.6,722.3,13.7,
,,,,,,,SOLO,1782255883392,Tue Jun 23 2026 23:04:43 GMT+0000 (UTC),0,,,6,-11.4,-19,724,13.7,
,,,,,,,SOLO,1782255898725,Tue Jun 23 2026 23:04:58 GMT+0000 (UTC),0,,,X,-4.9,-9.7,724.6,13.7,
,,,,,,,SOLO,1782255914742,Tue Jun 23 2026 23:05:14 GMT+0000 (UTC),0,,,6,-14.4,-24.6,719.3,13.6,
### next string
,E 3,AU-LR,2130,1720,0,0
### next string
,E 2,AU-LR,2130,1721,0,0
### next string
,E 5,AU-LR,2130,1722,0,0
### next string
,E 1,AU-LR,2130,1725,0,0
### next string
,E 4,AU-LR,2127,1721,0,0
### next string
,E 6,AU-LR,2130,1720,0,0
### next string
,F 3,AU-LR,2130,1722,0,0
,,,,,,,SOLO,1782359473725,Thu Jun 25 2026 03:51:13 GMT+0000 (UTC),0,,,5,187.9,-67,438.8,18.6,
,,,,,,,SOLO,1782359513706,Thu Jun 25 2026 03:51:53 GMT+0000 (UTC),0,,,5,-145.7,-159.8,442.4,18.6,
,,,,,,,SOLO,1782359557573,Thu Jun 25 2026 03:52:37 GMT+0000 (UTC),0,,,4,45.2,264.9,439.3,18.6,
,,,,,,,SOLO,1782359609607,Thu Jun 25 2026 03:53:29 GMT+0000 (UTC),0,,,3,-164,423.6,443,18.6,
,,,,,,,SOLO,1782359732869,Thu Jun 25 2026 03:55:32 GMT+0000 (UTC),0,,,5,-92,97.3,446.8,18.6,
,,,,,,,SOLO,1782359771969,Thu Jun 25 2026 03:56:11 GMT+0000 (UTC),0,,,5,-244.3,-15.6,439.8,18.7,
,,,,,,,SOLO,1782359804420,Thu Jun 25 2026 03:56:44 GMT+0000 (UTC),0,,,5,-44.8,-249.8,432.2,18.7,
,,,,,,,SOLO,1782359836401,Thu Jun 25 2026 03:57:16 GMT+0000 (UTC),0,,,V,-23.5,-116.7,431.6,18.9,
,,,,,,,SOLO,1782359864260,Thu Jun 25 2026 03:57:44 GMT+0000 (UTC),0,,,V,-5,68.7,437.9,18.9,
,,,,,,,SOLO,1782359888070,Thu Jun 25 2026 03:58:08 GMT+0000 (UTC),0,,,V,81.3,-9,444.1,18.9,
### next string
Lee A,F 1,AU-LR,2129,1723,0,0
,,,,,,,SOLO,1782359725926,Thu Jun 25 2026 03:55:25 GMT+0000 (UTC),0,,sighter,4,-310.9,169.1,397.7,18.7,
,,,,,,,SOLO,1782359805201,Thu Jun 25 2026 03:56:45 GMT+0000 (UTC),0,,sighter,4,-54.4,-297,394,18.8,
,,,,,,,SOLO,1782359874133,Thu Jun 25 2026 03:57:54 GMT+0000 (UTC),0,,,5,186.9,2.7,394.2,18.8,
,,,,,,,SOLO,1782359915845,Thu Jun 25 2026 03:58:35 GMT+0000 (UTC),0,,,5,54,178.8,397.2,18.8,
,,,,,,,SOLO,1782359942740,Thu Jun 25 2026 03:59:02 GMT+0000 (UTC),0,,,5,168.2,-166.6,394.7,19,
,,,,,,,SOLO,1782359984020,Thu Jun 25 2026 03:59:44 GMT+0000 (UTC),0,,,4,-316.3,-181.1,397.4,19,
,,,,,,,SOLO,1782360058388,Thu Jun 25 2026 04:00:58 GMT+0000 (UTC),0,,,V,-47.2,-85,393.8,19.1,
,,,,,,,SOLO,1782360109046,Thu Jun 25 2026 04:01:49 GMT+0000 (UTC),0,,,4,-298.9,47,393.9,19.2,
,,,,,,,SOLO,1782360173530,Thu Jun 25 2026 04:02:53 GMT+0000 (UTC),0,,,4,-291.4,-37.8,400.8,19.2,
,,,,,,,SOLO,1782360220589,Thu Jun 25 2026 04:03:40 GMT+0000 (UTC),0,,,3,-436.1,193.7,401.3,19.2,
,,,,,,,SOLO,1782360265171,Thu Jun 25 2026 04:04:25 GMT+0000 (UTC),0,,,4,-296.9,-70.6,389.5,19.1,
,,,,,,,SOLO,1782360303526,Thu Jun 25 2026 04:05:03 GMT+0000 (UTC),0,,,5,-87.9,-158.8,388.9,19.1,
### next string
Betts. P,F 1,AU-LR,2129,1723,0,0
,,,,,,,SOLO,1782358698590,Thu Jun 25 2026 03:38:18 GMT+0000 (UTC),0,,sighter,4,99.3,-242.1,447.2,17,
,,,,,,,SOLO,1782358760900,Thu Jun 25 2026 03:39:20 GMT+0000 (UTC),0,,,V,-90.1,-70.4,448.6,17.1,
,,,,,,,SOLO,1782358807768,Thu Jun 25 2026 03:40:07 GMT+0000 (UTC),0,,,5,120.4,-178.7,447.4,17.3,
,,,,,,,SOLO,1782358848708,Thu Jun 25 2026 03:40:48 GMT+0000 (UTC),0,,,5,63.8,204.2,446.9,17.3,
,,,,,,,SOLO,1782358887740,Thu Jun 25 2026 03:41:27 GMT+0000 (UTC),0,,,5,-22.8,209,448,17.5,
,,,,,,,SOLO,1782358927987,Thu Jun 25 2026 03:42:07 GMT+0000 (UTC),0,,,5,-201,32,446.1,17.5,
,,,,,,,SOLO,1782358970946,Thu Jun 25 2026 03:42:50 GMT+0000 (UTC),0,,,5,-142.4,-119.3,443.7,17.7,
,,,,,,,SOLO,1782359007632,Thu Jun 25 2026 03:43:27 GMT+0000 (UTC),0,,,4,232.2,-122,444.2,17.7,
,,,,,,,SOLO,1782359054469,Thu Jun 25 2026 03:44:14 GMT+0000 (UTC),0,,,V,-101.5,-55.2,445.1,17.8,
,,,,,,,SOLO,1782359081295,Thu Jun 25 2026 03:44:41 GMT+0000 (UTC),0,,,V,21.8,-90,444,17.8,
,,,,,,,SOLO,1782359114504,Thu Jun 25 2026 03:45:14 GMT+0000 (UTC),0,,,5,-153.7,-152.4,441.5,18,
### next string
pedrana m ,F 2,AU-LR,2128,1718,0,0
,,,,,,,SOLO,1782358935297,Thu Jun 25 2026 03:42:15 GMT+0000 (UTC),0,,sighter,6,86.1,-46.9,471,17.7,
,,,,,,,SOLO,1782358996062,Thu Jun 25 2026 03:43:16 GMT+0000 (UTC),0,,,X,-34.7,1.9,473.5,17.8,
,,,,,,,SOLO,1782359037600,Thu Jun 25 2026 03:43:57 GMT+0000 (UTC),0,,,X,30,-22.1,472.8,17.8,
,,,,,,,SOLO,1782359079974,Thu Jun 25 2026 03:44:39 GMT+0000 (UTC),0,,,6,74.2,-44,471.9,18.1,
,,,,,,,SOLO,1782359122274,Thu Jun 25 2026 03:45:22 GMT+0000 (UTC),0,,,X,-18.9,12.6,477.7,18.1,
,,,,,,,SOLO,1782359139448,Thu Jun 25 2026 03:45:39 GMT+0000 (UTC),0,,,6,43,-97.2,472.1,18.1,
,,,,,,,SOLO,1782359156472,Thu Jun 25 2026 03:45:56 GMT+0000 (UTC),0,,,X,49.6,39.8,486,18.3,
,,,,,,,SOLO,1782359176069,Thu Jun 25 2026 03:46:16 GMT+0000 (UTC),0,,,6,101.6,-42.7,474.9,18.3,
,,,,,,,SOLO,1782359203464,Thu Jun 25 2026 03:46:43 GMT+0000 (UTC),0,,,6,108.2,-73.4,469.4,18.3,
,,,,,,,SOLO,1782359237901,Thu Jun 25 2026 03:47:17 GMT+0000 (UTC),0,,,6,31.6,-118,476.5,18.3,
,,,,,,,SOLO,1782359259847,Thu Jun 25 2026 03:47:39 GMT+0000 (UTC),0,,,5,-6.2,-179.2,472.2,18.3,
### next string
sudjono 129,F 5,AU-LR,2127,1720,0,0
,,,,,,,SOLO,1782358993825,Thu Jun 25 2026 03:43:13 GMT+0000 (UTC),0,,sighter,5,135.7,-81.2,480.7,17.4,
,,,,,,,SOLO,1782359035489,Thu Jun 25 2026 03:43:55 GMT+0000 (UTC),0,,,6,30.3,95.7,486.2,17.6,
,,,,,,,SOLO,1782359060125,Thu Jun 25 2026 03:44:20 GMT+0000 (UTC),0,,,X,-31,54,486.8,17.6,
,,,,,,,SOLO,1782359078085,Thu Jun 25 2026 03:44:38 GMT+0000 (UTC),0,,,6,73.3,-43.7,483.6,17.6,
,,,,,,,SOLO,1782359101970,Thu Jun 25 2026 03:45:01 GMT+0000 (UTC),0,,,6,55.1,-108.7,483.4,17.8,
,,,,,,,SOLO,1782359129392,Thu Jun 25 2026 03:45:29 GMT+0000 (UTC),0,,,5,80.5,-107.6,481.6,17.8,
,,,,,,,SOLO,1782359171343,Thu Jun 25 2026 03:46:11 GMT+0000 (UTC),0,,,6,26.1,-80,482,17.9,
,,,,,,,SOLO,1782359200242,Thu Jun 25 2026 03:46:40 GMT+0000 (UTC),0,,,X,21,2.1,484,17.9,
,,,,,,,SOLO,1782359216401,Thu Jun 25 2026 03:46:56 GMT+0000 (UTC),0,,,6,48.8,-102.4,482.7,17.9,
,,,,,,,SOLO,1782359238450,Thu Jun 25 2026 03:47:18 GMT+0000 (UTC),0,,,6,58.1,-73.1,483.3,17.9,
,,,,,,,SOLO,1782359262604,Thu Jun 25 2026 03:47:42 GMT+0000 (UTC),0,,,X,20.8,11.2,483.7,18,
### next string
johansen 137,F 3,AU-LR,2130,1722,0,0
,,,,,,,SOLO,1782358885436,Thu Jun 25 2026 03:41:25 GMT+0000 (UTC),0,,,5,133.1,-42.7,443.1,17.4,
,,,,,,,SOLO,1782358928710,Thu Jun 25 2026 03:42:08 GMT+0000 (UTC),0,,,5,107.7,76.6,446.7,17.4,
,,,,,,,SOLO,1782358974670,Thu Jun 25 2026 03:42:54 GMT+0000 (UTC),0,,,5,-42.9,132.1,442.8,17.7,
,,,,,,,SOLO,1782359022580,Thu Jun 25 2026 03:43:42 GMT+0000 (UTC),0,,,4,-205.5,192.2,445.3,17.7,
,,,,,,,SOLO,1782359069182,Thu Jun 25 2026 03:44:29 GMT+0000 (UTC),0,,,V,23.6,-62.2,444.4,17.8,
,,,,,,,SOLO,1782359112373,Thu Jun 25 2026 03:45:12 GMT+0000 (UTC),0,,,V,22.6,-78,447.9,18.1,
,,,,,,,SOLO,1782359153872,Thu Jun 25 2026 03:45:53 GMT+0000 (UTC),0,,,5,176.5,-45.7,453.9,18.1,
,,,,,,,SOLO,1782359205355,Thu Jun 25 2026 03:46:45 GMT+0000 (UTC),0,,,V,118,-18.8,447.6,18.2,
,,,,,,,SOLO,1782359243412,Thu Jun 25 2026 03:47:23 GMT+0000 (UTC),0,,,V,68.1,-58.9,445.5,18.2,
,,,,,,,SOLO,1782359298182,Thu Jun 25 2026 03:48:18 GMT+0000 (UTC),0,,,V,72.6,-105.5,451,18.4,
### next string
horder 15,F 5,AU-LR,2127,1720,0,0
,,,,,,,SOLO,1782358477091,Thu Jun 25 2026 03:34:37 GMT+0000 (UTC),0,,sighter,5,209.4,-146.8,390.8,16.4,
,,,,,,,SOLO,1782358524385,Thu Jun 25 2026 03:35:24 GMT+0000 (UTC),0,,sighter,4,394.6,7.9,395.7,16.4,
,,,,,,,SOLO,1782358574291,Thu Jun 25 2026 03:36:14 GMT+0000 (UTC),0,,,4,-338,-43,391,16.6,
,,,,,,,SOLO,1782358620900,Thu Jun 25 2026 03:37:00 GMT+0000 (UTC),0,,,5,170.5,76.3,392.9,16.7,
,,,,,,,SOLO,1782358652436,Thu Jun 25 2026 03:37:32 GMT+0000 (UTC),0,,,V,-100.4,-8.6,391.1,16.7,
,,,,,,,SOLO,1782358682267,Thu Jun 25 2026 03:38:02 GMT+0000 (UTC),0,,,4,234,-169.4,381.6,16.7,
,,,,,,,SOLO,1782358711364,Thu Jun 25 2026 03:38:31 GMT+0000 (UTC),0,,,4,-278,-29.9,388.3,16.9,
,,,,,,,SOLO,1782358739630,Thu Jun 25 2026 03:38:59 GMT+0000 (UTC),0,,,5,204.9,140.7,393,16.9,
,,,,,,,SOLO,1782358770647,Thu Jun 25 2026 03:39:30 GMT+0000 (UTC),0,,,5,-249.2,63.4,391.5,16.9,
,,,,,,,SOLO,1782358808460,Thu Jun 25 2026 03:40:08 GMT+0000 (UTC),0,,,V,57.1,-26.3,390.7,17,
,,,,,,,SOLO,1782358842724,Thu Jun 25 2026 03:40:42 GMT+0000 (UTC),0,,,4,-152.9,355.4,391.1,17,
,,,,,,,SOLO,1782358877846,Thu Jun 25 2026 03:41:17 GMT+0000 (UTC),0,,,4,-127.2,-233.2,379,17.2,
### next string
Pedersen 171,F 3,AU-LR,2130,1722,0,0
,,,,,,,SOLO,1782358410809,Thu Jun 25 2026 03:33:30 GMT+0000 (UTC),0,,,5,-117.3,114.5,471.2,16.6,
,,,,,,,SOLO,1782358459591,Thu Jun 25 2026 03:34:19 GMT+0000 (UTC),0,,,V,-33,-45.3,467.3,16.6,
,,,,,,,SOLO,1782358482744,Thu Jun 25 2026 03:34:42 GMT+0000 (UTC),0,,,V,-1.9,-130.7,467.8,16.8,
,,,,,,,SOLO,1782358510412,Thu Jun 25 2026 03:35:10 GMT+0000 (UTC),0,,,4,-244.6,-303.7,462.1,16.8,
,,,,,,,SOLO,1782358615683,Thu Jun 25 2026 03:36:55 GMT+0000 (UTC),0,,,V,-87.2,-60.7,464.5,16.8,
,,,,,,,SOLO,1782358645762,Thu Jun 25 2026 03:37:25 GMT+0000 (UTC),0,,,5,-95.5,111.7,471.7,16.9,
,,,,,,,SOLO,1782358673214,Thu Jun 25 2026 03:37:53 GMT+0000 (UTC),0,,,4,-220.9,-152.5,463.4,16.9,
,,,,,,,SOLO,1782358702306,Thu Jun 25 2026 03:38:22 GMT+0000 (UTC),0,,,5,137.6,8.3,473.4,16.9,
,,,,,,,SOLO,1782358731299,Thu Jun 25 2026 03:38:51 GMT+0000 (UTC),0,,,V,60.8,44.8,469.5,17.1,
,,,,,,,SOLO,1782358755669,Thu Jun 25 2026 03:39:15 GMT+0000 (UTC),0,,,V,127.4,29.6,469.5,17.1,
### next string
Hocking N,F 2,AU-LR,2128,1718,0,0
,,,,,,,SOLO,1782358258331,Thu Jun 25 2026 03:30:58 GMT+0000 (UTC),0,,sighter,4,-280.5,-201.7,441.9,16.5,
,,,,,,,SOLO,1782358307709,Thu Jun 25 2026 03:31:47 GMT+0000 (UTC),0,,,5,126.5,-98.5,440.6,16.6,
,,,,,,,SOLO,1782358353784,Thu Jun 25 2026 03:32:33 GMT+0000 (UTC),0,,,5,-208.2,-86.9,437.3,16.6,
,,,,,,,SOLO,1782358409004,Thu Jun 25 2026 03:33:29 GMT+0000 (UTC),0,,,V,81.3,44.3,441.5,16.6,
,,,,,,,SOLO,1782358480881,Thu Jun 25 2026 03:34:40 GMT+0000 (UTC),0,,,5,-41.3,166.7,439.9,16.7,
,,,,,,,SOLO,1782358520763,Thu Jun 25 2026 03:35:20 GMT+0000 (UTC),0,,,5,3.2,-158.8,439.3,16.7,
,,,,,,,SOLO,1782358552458,Thu Jun 25 2026 03:35:52 GMT+0000 (UTC),0,,,V,-49.3,48.1,438,16.8,
,,,,,,,SOLO,1782358575439,Thu Jun 25 2026 03:36:15 GMT+0000 (UTC),0,,,V,-93,-13.8,437.9,16.8,
,,,,,,,SOLO,1782358599534,Thu Jun 25 2026 03:36:39 GMT+0000 (UTC),0,,,V,-5.2,49.6,442.7,16.8,
,,,,,,,SOLO,1782358621687,Thu Jun 25 2026 03:37:01 GMT+0000 (UTC),0,,,V,-98,12.4,434.2,17,
,,,,,,,SOLO,1782358646810,Thu Jun 25 2026 03:37:26 GMT+0000 (UTC),0,,,V,5.6,-54.3,440.6,17,
### next string
Singh. A,F 1,AU-LR,2129,1723,0,0
,,,,,,,SOLO,1782357138861,Thu Jun 25 2026 03:12:18 GMT+0000 (UTC),0,,sighter,4,-121.1,330.5,395.7,16.6,
,,,,,,,SOLO,1782357214842,Thu Jun 25 2026 03:13:34 GMT+0000 (UTC),0,,sighter,4,265.4,214.2,397.5,16.7,
,,,,,,,SOLO,1782357883717,Thu Jun 25 2026 03:24:43 GMT+0000 (UTC),0,,,V,-46.3,-78.2,399.4,16.3,
,,,,,,,SOLO,1782357950708,Thu Jun 25 2026 03:25:50 GMT+0000 (UTC),0,,,4,-292,191.6,406.1,16.4,
,,,,,,,SOLO,1782358010129,Thu Jun 25 2026 03:26:50 GMT+0000 (UTC),0,,,5,-187.4,132,405.9,16.3,
,,,,,,,SOLO,1782358059688,Thu Jun 25 2026 03:27:39 GMT+0000 (UTC),0,,,4,-285.1,-234.4,401.3,16.4,
,,,,,,,SOLO,1782358134132,Thu Jun 25 2026 03:28:54 GMT+0000 (UTC),0,,,5,-26,-187.7,397.1,16.5,
,,,,,,,SOLO,1782358232718,Thu Jun 25 2026 03:30:32 GMT+0000 (UTC),0,,,5,183.1,-63.2,396.3,16.5,
,,,,,,,SOLO,1782358293852,Thu Jun 25 2026 03:31:33 GMT+0000 (UTC),0,,,V,-76.5,39.8,397.7,16.5,
,,,,,,,SOLO,1782358350608,Thu Jun 25 2026 03:32:30 GMT+0000 (UTC),0,,,4,400.6,-4.8,402,16.6,
,,,,,,,SOLO,1782358414508,Thu Jun 25 2026 03:33:34 GMT+0000 (UTC),0,,,4,-140.2,-249.2,396.2,16.6,
,,,,,,,SOLO,1782358485266,Thu Jun 25 2026 03:34:45 GMT+0000 (UTC),0,,,5,-207.7,145.1,400.1,16.7,
,,,,,,,SOLO,1782358522082,Thu Jun 25 2026 03:35:22 GMT+0000 (UTC),0,,,5,228.7,55.4,396.2,16.7,
### next string
s.greenhill,F 4,AU-LR,2130,1720,0,0
,,,,,,,SOLO,1782358097937,Thu Jun 25 2026 03:28:17 GMT+0000 (UTC),0,,sighter,4,309.7,-36.1,457.3,16.8,
,,,,,,,SOLO,1782358132280,Thu Jun 25 2026 03:28:52 GMT+0000 (UTC),0,,,6,-17.3,-94,456.3,16.8,
,,,,,,,SOLO,1782358159444,Thu Jun 25 2026 03:29:19 GMT+0000 (UTC),0,,,6,-35.5,-86.8,454.6,16.8,
,,,,,,,SOLO,1782358175393,Thu Jun 25 2026 03:29:35 GMT+0000 (UTC),0,,,6,-89.8,88.6,458.7,16.8,
,,,,,,,SOLO,1782358206708,Thu Jun 25 2026 03:30:06 GMT+0000 (UTC),0,,,5,-88.3,136.2,457.2,16.8,
,,,,,,,SOLO,1782358237303,Thu Jun 25 2026 03:30:37 GMT+0000 (UTC),0,,,5,-178.6,12.7,456.8,16.9,
,,,,,,,SOLO,1782358283732,Thu Jun 25 2026 03:31:23 GMT+0000 (UTC),0,,,6,-61.3,-41.8,457.6,16.9,
,,,,,,,SOLO,1782358297632,Thu Jun 25 2026 03:31:37 GMT+0000 (UTC),0,,,X,39.6,-53.3,458.7,16.9,
,,,,,,,SOLO,1782358310300,Thu Jun 25 2026 03:31:50 GMT+0000 (UTC),0,,,6,1.8,-105.7,450.9,16.8,
,,,,,,,SOLO,1782358325712,Thu Jun 25 2026 03:32:05 GMT+0000 (UTC),0,,,6,-37.2,60.6,458.2,16.8,
,,,,,,,SOLO,1782358336296,Thu Jun 25 2026 03:32:16 GMT+0000 (UTC),0,,,6,-18.9,-74.5,452.8,16.8,
### next string
Shepherd M 82 M8,F 5,AU-LR,2127,1720,0,0
,,,,,,,SOLO,1782357992316,Thu Jun 25 2026 03:26:32 GMT+0000 (UTC),0,,,5,162.3,-180.6,447.7,16.2,
,,,,,,,SOLO,1782358020185,Thu Jun 25 2026 03:27:00 GMT+0000 (UTC),0,,,V,-24.6,32.7,444.3,16.2,
,,,,,,,SOLO,1782358056800,Thu Jun 25 2026 03:27:36 GMT+0000 (UTC),0,,,5,105.8,-101,444,16.2,
,,,,,,,SOLO,1782358083823,Thu Jun 25 2026 03:28:03 GMT+0000 (UTC),0,,,V,-127.7,-10.4,446.4,16.2,
,,,,,,,SOLO,1782358105927,Thu Jun 25 2026 03:28:25 GMT+0000 (UTC),0,,,5,111.6,-109,446,16.2,
,,,,,,,SOLO,1782358137644,Thu Jun 25 2026 03:28:57 GMT+0000 (UTC),0,,,V,44.3,-109.3,442,16.2,
,,,,,,,SOLO,1782358167723,Thu Jun 25 2026 03:29:27 GMT+0000 (UTC),0,,,V,61.5,42,444,16.3,
,,,,,,,SOLO,1782358266636,Thu Jun 25 2026 03:31:06 GMT+0000 (UTC),0,,,5,-140,-70.9,441.7,16.3,
,,,,,,,SOLO,1782358295212,Thu Jun 25 2026 03:31:35 GMT+0000 (UTC),0,,,V,-73.1,92.4,445.6,16.3,
,,,,,,,SOLO,1782358335029,Thu Jun 25 2026 03:32:15 GMT+0000 (UTC),0,,,V,-18.9,-81.1,446.9,16.3,
### next string
orman171,F 3,AU-LR,2130,1722,0,0
,,,,,,,SOLO,1782357957847,Thu Jun 25 2026 03:25:57 GMT+0000 (UTC),0,,sighter,4,294.2,-62.3,533.5,16.3,
,,,,,,,SOLO,1782357990165,Thu Jun 25 2026 03:26:30 GMT+0000 (UTC),0,,,X,-47.3,33.2,535.7,16.3,
,,,,,,,SOLO,1782358005020,Thu Jun 25 2026 03:26:45 GMT+0000 (UTC),0,,,6,-32.1,-62.1,539.2,16.3,
,,,,,,,SOLO,1782358024749,Thu Jun 25 2026 03:27:04 GMT+0000 (UTC),0,,,X,31.1,-43.8,536.7,16.4,
,,,,,,,SOLO,1782358039413,Thu Jun 25 2026 03:27:19 GMT+0000 (UTC),0,,,6,51.6,-63.2,535.8,16.4,
,,,,,,,SOLO,1782358058249,Thu Jun 25 2026 03:27:38 GMT+0000 (UTC),0,,,X,-3.8,-49.3,533,16.4,
,,,,,,,SOLO,1782358076629,Thu Jun 25 2026 03:27:56 GMT+0000 (UTC),0,,,X,45.2,12.4,532.5,16.4,
,,,,,,,SOLO,1782358090372,Thu Jun 25 2026 03:28:10 GMT+0000 (UTC),0,,,X,25.6,12.5,536.3,16.4,
,,,,,,,SOLO,1782358103495,Thu Jun 25 2026 03:28:23 GMT+0000 (UTC),0,,,X,49.8,2.7,537.4,16.4,
,,,,,,,SOLO,1782358116747,Thu Jun 25 2026 03:28:36 GMT+0000 (UTC),0,,,X,32.3,22.3,539.4,16.4,
,,,,,,,SOLO,1782358130593,Thu Jun 25 2026 03:28:50 GMT+0000 (UTC),0,,,X,35.9,6.2,533.9,16.4,
### next string
Thurtell P,F 2,AU-LR,2128,1718,0,0
,,,,,,,SOLO,1782357917893,Thu Jun 25 2026 03:25:17 GMT+0000 (UTC),0,,,V,88.7,-58.5,436.1,16.4,
,,,,,,,SOLO,1782357947517,Thu Jun 25 2026 03:25:47 GMT+0000 (UTC),0,,,V,83.4,1,440.1,16.4,
,,,,,,,SOLO,1782357973293,Thu Jun 25 2026 03:26:13 GMT+0000 (UTC),0,,,5,118.3,61.6,436.8,16.4,
,,,,,,,SOLO,1782357994940,Thu Jun 25 2026 03:26:34 GMT+0000 (UTC),0,,,V,-47.5,17.6,440,16.4,
,,,,,,,SOLO,1782358021282,Thu Jun 25 2026 03:27:01 GMT+0000 (UTC),0,,,5,231,39,441,16.4,
,,,,,,,SOLO,1782358051411,Thu Jun 25 2026 03:27:31 GMT+0000 (UTC),0,,,V,66.1,-20.1,441,16.4,
,,,,,,,SOLO,1782358072202,Thu Jun 25 2026 03:27:52 GMT+0000 (UTC),0,,,V,14.6,-59.6,438,16.5,
,,,,,,,SOLO,1782358099678,Thu Jun 25 2026 03:28:19 GMT+0000 (UTC),0,,,V,67.8,72.2,434.5,16.5,
,,,,,,,SOLO,1782358122204,Thu Jun 25 2026 03:28:42 GMT+0000 (UTC),0,,,V,-38.1,-86.2,439.1,16.5,
,,,,,,,SOLO,1782358148883,Thu Jun 25 2026 03:29:08 GMT+0000 (UTC),0,,,V,57.9,-113.7,440.8,16.5,
### next string
Wiid 22,F 4,AU-LR,2130,1720,0,0
,,,,,,,SOLO,1782356908986,Thu Jun 25 2026 03:08:28 GMT+0000 (UTC),0,,,5,-137.7,181.3,447.6,16.9,
,,,,,,,SOLO,1782356945524,Thu Jun 25 2026 03:09:05 GMT+0000 (UTC),0,,,V,-80,27.6,440.3,16.9,
,,,,,,,SOLO,1782356979622,Thu Jun 25 2026 03:09:39 GMT+0000 (UTC),0,,,V,100.3,20.6,445.2,16.9,
,,,,,,,SOLO,1782357034743,Thu Jun 25 2026 03:10:34 GMT+0000 (UTC),0,,,5,-127.6,37.7,442.4,16.9,
,,,,,,,SOLO,1782357068507,Thu Jun 25 2026 03:11:08 GMT+0000 (UTC),0,,,5,221.9,42.7,440.4,16.9,
,,,,,,,SOLO,1782357102437,Thu Jun 25 2026 03:11:42 GMT+0000 (UTC),0,,,V,-7.4,-109.8,437.1,16.9,
,,,,,,,SOLO,1782357126858,Thu Jun 25 2026 03:12:06 GMT+0000 (UTC),0,,,V,108.8,12.8,440.7,17,
,,,,,,,SOLO,1782357157889,Thu Jun 25 2026 03:12:37 GMT+0000 (UTC),0,,,5,162,-60.2,441.8,17,
,,,,,,,SOLO,1782357197345,Thu Jun 25 2026 03:13:17 GMT+0000 (UTC),0,,,5,51.9,-168.6,437.8,17,
,,,,,,,SOLO,1782357951144,Thu Jun 25 2026 03:25:51 GMT+0000 (UTC),0,,,5,202.9,4.7,439.7,16.7,
,,,,,,,SOLO,1782357989427,Thu Jun 25 2026 03:26:29 GMT+0000 (UTC),0,,,5,225.6,82.8,439.3,16.7,
### next string
warrian 77,F 3,AU-LR,2130,1722,0,0
,,,,,,,SOLO,1782357837853,Thu Jun 25 2026 03:23:57 GMT+0000 (UTC),0,,sighter,6,59.8,-105.2,423.7,16.3,
,,,,,,,SOLO,1782357880521,Thu Jun 25 2026 03:24:40 GMT+0000 (UTC),0,,sighter,5,112.7,110.2,435.4,16.3,
### next string
Bright G M8 150,F 5,AU-LR,2127,1720,0,0
,,,,,,,SOLO,1782356577505,Thu Jun 25 2026 03:02:57 GMT+0000 (UTC),0,,sighter,V,-76.7,83.4,427.4,16.1,
,,,,,,,SOLO,1782356631924,Thu Jun 25 2026 03:03:51 GMT+0000 (UTC),0,,sighter,4,-283.4,162.1,425.1,16.1,
,,,,,,,SOLO,1782356719199,Thu Jun 25 2026 03:05:19 GMT+0000 (UTC),0,,,5,-251.2,-1.1,422.9,16.2,
,,,,,,,SOLO,1782356771364,Thu Jun 25 2026 03:06:11 GMT+0000 (UTC),0,,,5,-7.6,-135.3,423.3,16.3,
,,,,,,,SOLO,1782356806647,Thu Jun 25 2026 03:06:46 GMT+0000 (UTC),0,,,V,-108,14.2,426.4,16.3,
,,,,,,,SOLO,1782356839955,Thu Jun 25 2026 03:07:19 GMT+0000 (UTC),0,,,5,65.9,121.8,422.4,16.3,
,,,,,,,SOLO,1782356874286,Thu Jun 25 2026 03:07:54 GMT+0000 (UTC),0,,,V,-29.6,-27.3,422.5,16.4,
,,,,,,,SOLO,1782356903561,Thu Jun 25 2026 03:08:23 GMT+0000 (UTC),0,,,V,-27.9,36.5,421.8,16.4,
,,,,,,,SOLO,1782356932277,Thu Jun 25 2026 03:08:52 GMT+0000 (UTC),0,,,V,-99.3,-29.6,422,16.4,
,,,,,,,SOLO,1782356960688,Thu Jun 25 2026 03:09:20 GMT+0000 (UTC),0,,,V,23.1,9,419.2,16.3,
,,,,,,,SOLO,1782356992505,Thu Jun 25 2026 03:09:52 GMT+0000 (UTC),0,,,4,80.1,-337.1,416.9,16.3,
,,,,,,,SOLO,1782357022121,Thu Jun 25 2026 03:10:22 GMT+0000 (UTC),0,,,V,-69.4,66.3,425.9,16.3,
### next string
munasinghe 133,F 1,AU-LR,2129,1723,0,0
,,,,,,,SOLO,1782356162011,Thu Jun 25 2026 02:56:02 GMT+0000 (UTC),0,,,5,-136.7,-140.4,403.7,15.9,
,,,,,,,SOLO,1782356271712,Thu Jun 25 2026 02:57:51 GMT+0000 (UTC),0,,,5,40.1,158.6,408.7,15.9,
,,,,,,,SOLO,1782356351421,Thu Jun 25 2026 02:59:11 GMT+0000 (UTC),0,,,V,-50,92.6,408.5,15.9,
,,,,,,,SOLO,1782356409707,Thu Jun 25 2026 03:00:09 GMT+0000 (UTC),0,,,V,-62.3,74.1,412,16.1,
,,,,,,,SOLO,1782356479178,Thu Jun 25 2026 03:01:19 GMT+0000 (UTC),0,,,V,-120.7,-18.8,406.1,16.1,
,,,,,,,SOLO,1782356596163,Thu Jun 25 2026 03:03:16 GMT+0000 (UTC),0,,,4,-301.6,-49.9,406,16.3,
,,,,,,,SOLO,1782356681632,Thu Jun 25 2026 03:04:41 GMT+0000 (UTC),0,,,3,-529.7,37.6,405.6,16.3,
,,,,,,,SOLO,1782356751709,Thu Jun 25 2026 03:05:51 GMT+0000 (UTC),0,,,5,155.2,-149.3,399.6,16.4,
,,,,,,,SOLO,1782356837995,Thu Jun 25 2026 03:07:17 GMT+0000 (UTC),0,,,5,248.5,32.5,405.8,16.4,
,,,,,,,SOLO,1782356967059,Thu Jun 25 2026 03:09:27 GMT+0000 (UTC),0,,,3,434,-219.3,397,16.5,
### next string
warrian,F 3,AU-LR,2130,1722,0,0
,,,,,,,SOLO,1782355806327,Thu Jun 25 2026 02:50:06 GMT+0000 (UTC),0,,,6,114.6,-50.8,514.1,16,
,,,,,,,SOLO,1782355874283,Thu Jun 25 2026 02:51:14 GMT+0000 (UTC),0,,,6,-91.8,28.3,516.5,16,
,,,,,,,missed_shot,1782356022013,Thu Jun 25 2026 02:53:42 GMT+0000 (UTC),0,,,0,0,0,0,22,
,,,,,,,missed_shot,1782355990562,Thu Jun 25 2026 02:53:10 GMT+0000 (UTC),0,,,0,0,0,0,22,
,,,,,,,SOLO,1782356032319,Thu Jun 25 2026 02:53:52 GMT+0000 (UTC),0,,,X,-27.8,49.2,515.3,15.9,
,,,,,,,SOLO,1782356097316,Thu Jun 25 2026 02:54:57 GMT+0000 (UTC),0,,,5,147.4,-95.9,513.9,15.9,
,,,,,,,SOLO,1782356158894,Thu Jun 25 2026 02:55:58 GMT+0000 (UTC),0,,,6,-114.4,32.7,519.2,15.9,
,,,,,,,SOLO,1782356236095,Thu Jun 25 2026 02:57:16 GMT+0000 (UTC),0,,,6,-49.5,80.4,521.4,15.9,
,,,,,,,SOLO,1782356270632,Thu Jun 25 2026 02:57:50 GMT+0000 (UTC),0,,,5,-20.1,199.2,529.1,15.9,
### next string
josh pratt,F 4,AU-LR,2130,1720,0,0
,,,,,,,SOLO,1782356272998,Thu Jun 25 2026 02:57:52 GMT+0000 (UTC),0,,sighter,3,482.2,156,449.1,16.3,
,,,,,,,SOLO,1782356310473,Thu Jun 25 2026 02:58:30 GMT+0000 (UTC),0,,sighter,4,307.8,-90.8,452.3,16.5,
,,,,,,,SOLO,1782356358432,Thu Jun 25 2026 02:59:18 GMT+0000 (UTC),0,,,5,256.3,2.1,452.8,16.5,
,,,,,,,SOLO,1782356398982,Thu Jun 25 2026 02:59:58 GMT+0000 (UTC),0,,,5,151.5,-66.4,452,16.5,
,,,,,,,SOLO,1782356443823,Thu Jun 25 2026 03:00:43 GMT+0000 (UTC),0,,,V,67.7,-90.2,455.3,16.5,
,,,,,,,SOLO,1782356494832,Thu Jun 25 2026 03:01:34 GMT+0000 (UTC),0,,,5,-32.3,140.3,454.5,16.6,
,,,,,,,SOLO,1782356530999,Thu Jun 25 2026 03:02:10 GMT+0000 (UTC),0,,,V,70.7,8.6,452.9,16.6,
,,,,,,,SOLO,1782356591784,Thu Jun 25 2026 03:03:11 GMT+0000 (UTC),0,,,5,-250.5,1.4,452.1,16.6,
,,,,,,,SOLO,1782356643600,Thu Jun 25 2026 03:04:03 GMT+0000 (UTC),0,,,5,-60.3,168.7,455.8,16.8,
,,,,,,,SOLO,1782356676176,Thu Jun 25 2026 03:04:36 GMT+0000 (UTC),0,,,V,-72.5,-62.4,452.6,16.8,
,,,,,,,SOLO,1782356719418,Thu Jun 25 2026 03:05:19 GMT+0000 (UTC),0,,,5,-131.2,-12.3,451.5,16.8,
,,,,,,,SOLO,1782356763010,Thu Jun 25 2026 03:06:03 GMT+0000 (UTC),0,,,5,148.5,68.7,454.4,16.9,
### next string
Haines t,F 2,AU-LR,2128,1718,0,0
,,,,,,,SOLO,1782356303073,Thu Jun 25 2026 02:58:23 GMT+0000 (UTC),0,,sighter,4,333.3,-39.5,484.1,16,
,,,,,,,SOLO,1782356326954,Thu Jun 25 2026 02:58:46 GMT+0000 (UTC),0,,sighter,5,-128.7,31.6,491.4,16.1,
,,,,,,,SOLO,1782356340845,Thu Jun 25 2026 02:59:00 GMT+0000 (UTC),0,,,X,-42.8,48.1,488.1,16.1,
,,,,,,,SOLO,1782356353989,Thu Jun 25 2026 02:59:13 GMT+0000 (UTC),0,,,X,12.2,2.9,489.7,16.1,
,,,,,,,SOLO,1782356364183,Thu Jun 25 2026 02:59:24 GMT+0000 (UTC),0,,,6,24.3,65.9,493.3,16.1,
,,,,,,,SOLO,1782356374282,Thu Jun 25 2026 02:59:34 GMT+0000 (UTC),0,,,6,109.1,9.1,491.4,16.1,
,,,,,,,SOLO,1782356384032,Thu Jun 25 2026 02:59:44 GMT+0000 (UTC),0,,,X,10.5,2.8,487.5,16.1,
,,,,,,,SOLO,1782356393545,Thu Jun 25 2026 02:59:53 GMT+0000 (UTC),0,,,X,65.4,16.7,489.6,16.1,
,,,,,,,SOLO,1782356403527,Thu Jun 25 2026 03:00:03 GMT+0000 (UTC),0,,,6,94.3,-22.6,490.2,16.2,
,,,,,,,SOLO,1782356414189,Thu Jun 25 2026 03:00:14 GMT+0000 (UTC),0,,,X,13.8,-2,489.4,16.2,
,,,,,,,SOLO,1782356424821,Thu Jun 25 2026 03:00:24 GMT+0000 (UTC),0,,,X,22.6,-36,490.8,16.2,
,,,,,,,SOLO,1782356434633,Thu Jun 25 2026 03:00:34 GMT+0000 (UTC),0,,,X,13,-29.5,488.9,16.2,
### next string
p Rodham 152,F 5,AU-LR,2127,1720,0,0
,,,,,,,SOLO,1782355540094,Thu Jun 25 2026 02:45:40 GMT+0000 (UTC),0,,,5,-184.1,29.2,484.9,15.9,
,,,,,,,SOLO,1782355570011,Thu Jun 25 2026 02:46:10 GMT+0000 (UTC),0,,,V,43.3,-77.9,484.6,15.9,
,,,,,,,SOLO,1782355611449,Thu Jun 25 2026 02:46:51 GMT+0000 (UTC),0,,,3,-445.6,-76.3,481.3,15.9,
,,,,,,,SOLO,1782355647716,Thu Jun 25 2026 02:47:27 GMT+0000 (UTC),0,,,2,602.1,-170.5,476,15.8,
,,,,,,,SOLO,1782355679433,Thu Jun 25 2026 02:47:59 GMT+0000 (UTC),0,,,5,209.1,-99.9,480.8,15.8,
,,,,,,,SOLO,1782355700311,Thu Jun 25 2026 02:48:20 GMT+0000 (UTC),0,,,3,417.3,-190.5,482.9,15.8,
,,,,,,,SOLO,1782355737376,Thu Jun 25 2026 02:48:57 GMT+0000 (UTC),0,,,5,245.2,-19.7,486.4,15.9,
,,,,,,,SOLO,1782356113498,Thu Jun 25 2026 02:55:13 GMT+0000 (UTC),0,,,2,-665.2,23.5,426.8,15.7,
,,,,,,,SOLO,1782356154640,Thu Jun 25 2026 02:55:54 GMT+0000 (UTC),0,,,5,140.4,93,433.6,15.7,
,,,,,,,SOLO,1782356178377,Thu Jun 25 2026 02:56:18 GMT+0000 (UTC),0,,,V,-59.4,18.7,433.3,15.7,
### next string
breeze p,F 2,AU-LR,2128,1718,0,0
,,,,,,,SOLO,1782355816800,Thu Jun 25 2026 02:50:16 GMT+0000 (UTC),0,,sighter,5,-72.1,-134,437.9,16.1,
,,,,,,,SOLO,1782355833188,Thu Jun 25 2026 02:50:33 GMT+0000 (UTC),0,,,6,58.7,-55.2,437.8,16.1,
,,,,,,,SOLO,1782355855682,Thu Jun 25 2026 02:50:55 GMT+0000 (UTC),0,,,X,53.8,-29.2,439.3,16.1,
,,,,,,,SOLO,1782355868752,Thu Jun 25 2026 02:51:08 GMT+0000 (UTC),0,,,X,2.9,-39.3,436.3,16.1,
,,,,,,,SOLO,1782355882290,Thu Jun 25 2026 02:51:22 GMT+0000 (UTC),0,,,6,3.8,-71.5,436,16.1,
,,,,,,,SOLO,1782355896496,Thu Jun 25 2026 02:51:36 GMT+0000 (UTC),0,,,6,97.5,-9.6,438.5,16,
,,,,,,,SOLO,1782355909772,Thu Jun 25 2026 02:51:49 GMT+0000 (UTC),0,,,X,-11.5,-9.7,440.4,16,
,,,,,,,SOLO,1782355913196,Thu Jun 25 2026 02:51:53 GMT+0000 (UTC),0,,,6,-3.3,102.4,509.7,16,
,,,,,,,SOLO,1782355923328,Thu Jun 25 2026 02:52:03 GMT+0000 (UTC),0,,,6,-19,-96.1,436.9,16,
,,,,,,,SOLO,1782356061949,Thu Jun 25 2026 02:54:21 GMT+0000 (UTC),0,,,6,126.9,3.9,437.4,15.9,
,,,,,,,SOLO,1782356084061,Thu Jun 25 2026 02:54:44 GMT+0000 (UTC),0,,,6,98,23.7,439.2,15.9,
,,,,,,,SOLO,1782356100865,Thu Jun 25 2026 02:55:00 GMT+0000 (UTC),0,,,6,45.7,-76.5,439.2,15.9,
### next string
Zeeshan 99,F 1,AU-LR,2129,1723,0,0
,,,,,,,SOLO,1782355156484,Thu Jun 25 2026 02:39:16 GMT+0000 (UTC),0,,sighter,1,-965.5,-39.5,396.5,16.2,
,,,,,,,SOLO,1782355241744,Thu Jun 25 2026 02:40:41 GMT+0000 (UTC),0,,sighter,4,-403.7,26.9,399.4,16.2,
,,,,,,,SOLO,1782355313129,Thu Jun 25 2026 02:41:53 GMT+0000 (UTC),0,,,V,22.7,121.2,400.6,16.1,
,,,,,,,SOLO,1782355381702,Thu Jun 25 2026 02:43:01 GMT+0000 (UTC),0,,,5,65.5,149.7,403.9,16.1,
,,,,,,,SOLO,1782355436415,Thu Jun 25 2026 02:43:56 GMT+0000 (UTC),0,,,5,-164.6,-2.8,401.3,16.1,
,,,,,,,SOLO,1782355466904,Thu Jun 25 2026 02:44:26 GMT+0000 (UTC),0,,,V,-91.5,-27.1,400.5,16.1,
,,,,,,,missed_shot,1782355498979,Thu Jun 25 2026 02:44:58 GMT+0000 (UTC),0,,,0,0,0,0,22,
,,,,,,,SOLO,1782355508492,Thu Jun 25 2026 02:45:08 GMT+0000 (UTC),0,,,5,-219.7,51.7,402.7,16.1,
,,,,,,,SOLO,1782355547871,Thu Jun 25 2026 02:45:47 GMT+0000 (UTC),0,,,V,53.1,71.6,397.4,16.1,
,,,,,,,SOLO,1782355622317,Thu Jun 25 2026 02:47:02 GMT+0000 (UTC),0,,,V,-94.6,-42.4,398.3,16.1,
,,,,,,,SOLO,1782355714020,Thu Jun 25 2026 02:48:34 GMT+0000 (UTC),0,,,4,300.8,-169.2,396.8,16.1,
,,,,,,,SOLO,1782355773908,Thu Jun 25 2026 02:49:33 GMT+0000 (UTC),0,,,3,550.3,-63.1,390.6,16.1,
,,,,,,,SOLO,1782355845776,Thu Jun 25 2026 02:50:45 GMT+0000 (UTC),0,,,4,156.9,-306.1,395.1,16.1,
### next string
R Brown,F 4,AU-LR,2130,1720,0,0
,,,,,,,SOLO,1782355438470,Thu Jun 25 2026 02:43:58 GMT+0000 (UTC),0,,sighter,4,-370.5,27.9,542.6,16.5,
,,,,,,,SOLO,1782355464206,Thu Jun 25 2026 02:44:24 GMT+0000 (UTC),0,,,V,40.5,-5.9,544.5,16.6,
,,,,,,,SOLO,1782355486704,Thu Jun 25 2026 02:44:46 GMT+0000 (UTC),0,,,V,-32.7,58,550.6,16.6,
,,,,,,,SOLO,1782355504739,Thu Jun 25 2026 02:45:04 GMT+0000 (UTC),0,,,V,-11.6,-66.8,542.9,16.6,
,,,,,,,SOLO,1782355524478,Thu Jun 25 2026 02:45:24 GMT+0000 (UTC),0,,,V,-95.5,26.2,549.2,16.6,
,,,,,,,SOLO,1782355549243,Thu Jun 25 2026 02:45:49 GMT+0000 (UTC),0,,,V,98.3,68.5,554.4,16.6,
,,,,,,,SOLO,1782355569683,Thu Jun 25 2026 02:46:09 GMT+0000 (UTC),0,,,5,94.3,160.3,548.6,16.6,
,,,,,,,SOLO,1782355590650,Thu Jun 25 2026 02:46:30 GMT+0000 (UTC),0,,,V,62.5,44.9,545.2,16.6,
,,,,,,,SOLO,1782355607807,Thu Jun 25 2026 02:46:47 GMT+0000 (UTC),0,,,V,118,49.9,564.4,16.5,
,,,,,,,SOLO,1782355625930,Thu Jun 25 2026 02:47:05 GMT+0000 (UTC),0,,,V,-8.2,29.6,555.3,16.5,
,,,,,,,SOLO,1782355644460,Thu Jun 25 2026 02:47:24 GMT+0000 (UTC),0,,,V,68.5,35.6,552.5,16.5,
### next string
d phipps 7,F 3,AU-LR,2130,1722,0,0
,,,,,,,SOLO,1782355437222,Thu Jun 25 2026 02:43:57 GMT+0000 (UTC),0,,sighter,5,-134.7,-86.9,476.1,16.1,
,,,,,,,SOLO,1782355467497,Thu Jun 25 2026 02:44:27 GMT+0000 (UTC),0,,sighter,5,8.6,-142.9,501.7,16.1,
,,,,,,,SOLO,1782355519337,Thu Jun 25 2026 02:45:19 GMT+0000 (UTC),0,,,X,-13.6,42.9,481.7,16.1,
,,,,,,,SOLO,1782355550237,Thu Jun 25 2026 02:45:50 GMT+0000 (UTC),0,,,X,-5.7,22.9,477.6,16.1,
,,,,,,,SOLO,1782355573447,Thu Jun 25 2026 02:46:13 GMT+0000 (UTC),0,,,6,46.8,-51.8,476.4,16.1,
,,,,,,,SOLO,1782355598546,Thu Jun 25 2026 02:46:38 GMT+0000 (UTC),0,,,X,47.9,-26.1,475.4,16.1,
,,,,,,,SOLO,1782355615675,Thu Jun 25 2026 02:46:55 GMT+0000 (UTC),0,,,6,97.8,-27.6,474.8,16.1,
,,,,,,,SOLO,1782355635677,Thu Jun 25 2026 02:47:15 GMT+0000 (UTC),0,,,6,83.4,4,478.3,16.1,
,,,,,,,SOLO,1782355656071,Thu Jun 25 2026 02:47:36 GMT+0000 (UTC),0,,,5,142.8,-22.6,474.4,16,
,,,,,,,SOLO,1782355673017,Thu Jun 25 2026 02:47:53 GMT+0000 (UTC),0,,,6,65.2,-55.7,474.4,16,
,,,,,,,SOLO,1782355690132,Thu Jun 25 2026 02:48:10 GMT+0000 (UTC),0,,,X,-17.4,-60.9,481.1,16,
,,,,,,,SOLO,1782355704016,Thu Jun 25 2026 02:48:24 GMT+0000 (UTC),0,,,X,19.7,-23.5,476.1,16,
### next string
kelly m,F 2,AU-LR,2128,1718,0,0
,,,,,,,SOLO,1782355281146,Thu Jun 25 2026 02:41:21 GMT+0000 (UTC),0,,sighter,3,413.1,111.1,498.7,16.2,
,,,,,,,SOLO,1782355340327,Thu Jun 25 2026 02:42:20 GMT+0000 (UTC),0,,sighter,5,-176.6,70.6,501,16.1,
,,,,,,,SOLO,1782355363466,Thu Jun 25 2026 02:42:43 GMT+0000 (UTC),0,,,5,-109.9,-110.9,494.3,16.1,
,,,,,,,SOLO,1782355386334,Thu Jun 25 2026 02:43:06 GMT+0000 (UTC),0,,,X,-22.7,-29.8,497.1,16.2,
,,,,,,,SOLO,1782355398673,Thu Jun 25 2026 02:43:18 GMT+0000 (UTC),0,,,X,-38.6,-42,494.1,16.2,
,,,,,,,SOLO,1782355410111,Thu Jun 25 2026 02:43:30 GMT+0000 (UTC),0,,,6,6,-89.2,494.3,16.2,
,,,,,,,SOLO,1782355423233,Thu Jun 25 2026 02:43:43 GMT+0000 (UTC),0,,,6,70.5,-50.6,492.7,16.2,
,,,,,,,SOLO,1782355441099,Thu Jun 25 2026 02:44:01 GMT+0000 (UTC),0,,,X,2.1,-58.1,496.7,16.2,
,,,,,,,missed_shot,1782355577822,Thu Jun 25 2026 02:46:17 GMT+0000 (UTC),0,,,0,0,0,0,22,
,,,,,,,SOLO,1782355456320,Thu Jun 25 2026 02:44:16 GMT+0000 (UTC),0,,,X,20.4,-45.8,493.8,16.1,
,,,,,,,SOLO,1782355495471,Thu Jun 25 2026 02:44:55 GMT+0000 (UTC),0,,,6,24.7,-109.2,498.3,16.1,
,,,,,,,SOLO,1782355509077,Thu Jun 25 2026 02:45:09 GMT+0000 (UTC),0,,,6,80.4,41.8,498.3,16.1,
### next string
Orman 46,F 5,AU-LR,2127,1720,0,0
,,,,,,,SOLO,1782355264742,Thu Jun 25 2026 02:41:04 GMT+0000 (UTC),0,,,6,72.6,-84.8,527.4,16,
,,,,,,,SOLO,1782355286478,Thu Jun 25 2026 02:41:26 GMT+0000 (UTC),0,,,6,68.4,55.1,532.2,16,
,,,,,,,SOLO,1782355314914,Thu Jun 25 2026 02:41:54 GMT+0000 (UTC),0,,,X,-3,55.3,523,16,
,,,,,,,SOLO,1782355333604,Thu Jun 25 2026 02:42:13 GMT+0000 (UTC),0,,,X,-29.1,0.3,527.7,16,
,,,,,,,SOLO,1782355344107,Thu Jun 25 2026 02:42:24 GMT+0000 (UTC),0,,,6,-20.3,-76.8,523.6,16,
,,,,,,,SOLO,1782355358284,Thu Jun 25 2026 02:42:38 GMT+0000 (UTC),0,,,X,59.9,29.2,529.3,16,
,,,,,,,SOLO,1782355371881,Thu Jun 25 2026 02:42:51 GMT+0000 (UTC),0,,,X,-20.6,-64,522.3,16,
,,,,,,,SOLO,1782355390091,Thu Jun 25 2026 02:43:10 GMT+0000 (UTC),0,,,X,-30.8,15.9,524.2,16,
,,,,,,,SOLO,1782355402418,Thu Jun 25 2026 02:43:22 GMT+0000 (UTC),0,,,X,30.7,2.9,524.9,16,
,,,,,,,SOLO,1782355414833,Thu Jun 25 2026 02:43:34 GMT+0000 (UTC),0,,,X,-11.9,20.1,526.2,16,
### next string
Willis 139,F 4,AU-LR,2130,1720,0,0
,,,,,,,SOLO,1782355147562,Thu Jun 25 2026 02:39:07 GMT+0000 (UTC),0,,,6,-109.3,-59.5,538.3,16.6,
,,,,,,,SOLO,1782355204255,Thu Jun 25 2026 02:40:04 GMT+0000 (UTC),0,,,6,-33.3,73.7,545.4,16.6,
,,,,,,,SOLO,1782355222337,Thu Jun 25 2026 02:40:22 GMT+0000 (UTC),0,,,6,60.1,49.6,543.5,16.6,
,,,,,,,SOLO,1782355231917,Thu Jun 25 2026 02:40:31 GMT+0000 (UTC),0,,,X,36.9,-42.6,545.6,16.6,
,,,,,,,SOLO,1782355242177,Thu Jun 25 2026 02:40:42 GMT+0000 (UTC),0,,,6,116.7,-42.9,542.6,16.6,
,,,,,,,SOLO,1782355252572,Thu Jun 25 2026 02:40:52 GMT+0000 (UTC),0,,,6,80.2,-39.5,545,16.6,
,,,,,,,SOLO,1782355261798,Thu Jun 25 2026 02:41:01 GMT+0000 (UTC),0,,,6,115.3,41.6,544.2,16.6,
,,,,,,,SOLO,1782355290785,Thu Jun 25 2026 02:41:30 GMT+0000 (UTC),0,,,X,-7.9,30,544.7,16.6,
,,,,,,,SOLO,1782355300445,Thu Jun 25 2026 02:41:40 GMT+0000 (UTC),0,,,5,105.1,-122.4,543.8,16.6,
,,,,,,,SOLO,1782355317308,Thu Jun 25 2026 02:41:57 GMT+0000 (UTC),0,,,6,44,-67.7,540.2,16.6,
### next string
pedrana 181,F 3,AU-LR,2130,1722,0,0
,,,,,,,SOLO,1782354916388,Thu Jun 25 2026 02:35:16 GMT+0000 (UTC),0,,sighter,5,104,-152.8,476.7,16.1,
,,,,,,,SOLO,1782354947790,Thu Jun 25 2026 02:35:47 GMT+0000 (UTC),0,,sighter,4,237.3,107.8,481.7,16.1,
,,,,,,,SOLO,1782354993549,Thu Jun 25 2026 02:36:33 GMT+0000 (UTC),0,,,5,154.7,26.1,481.6,16.1,
,,,,,,,SOLO,1782355057460,Thu Jun 25 2026 02:37:37 GMT+0000 (UTC),0,,,5,80.4,153,481.7,16.1,
,,,,,,,SOLO,1782355085919,Thu Jun 25 2026 02:38:05 GMT+0000 (UTC),0,,,X,4,-34.6,480,16.1,
,,,,,,,SOLO,1782355110205,Thu Jun 25 2026 02:38:30 GMT+0000 (UTC),0,,,6,-119.1,-36.9,480.4,16.1,
,,,,,,,SOLO,1782355138059,Thu Jun 25 2026 02:38:58 GMT+0000 (UTC),0,,,6,38,-114.3,481.4,16.1,
,,,,,,,SOLO,1782355162247,Thu Jun 25 2026 02:39:22 GMT+0000 (UTC),0,,,5,174.3,-105.6,480.7,16.1,
,,,,,,,SOLO,1782355202561,Thu Jun 25 2026 02:40:02 GMT+0000 (UTC),0,,,6,25.2,-114.8,481.8,16.1,
,,,,,,,SOLO,1782355239466,Thu Jun 25 2026 02:40:39 GMT+0000 (UTC),0,,,6,57.5,68.2,485.3,16.2,
,,,,,,,SOLO,1782355259197,Thu Jun 25 2026 02:40:59 GMT+0000 (UTC),0,,,5,109.2,-93.3,477.9,16.2,
,,,,,,,SOLO,1782355300081,Thu Jun 25 2026 02:41:40 GMT+0000 (UTC),0,,,5,179.8,9.4,482.5,16.1,
### next string
Jamieson 69,F 5,AU-LR,2127,1720,0,0
,,,,,,,SOLO,1782354979928,Thu Jun 25 2026 02:36:19 GMT+0000 (UTC),0,,sighter,6,35.1,-101.4,457.6,15.9,
,,,,,,,SOLO,1782354994785,Thu Jun 25 2026 02:36:34 GMT+0000 (UTC),0,,sighter,5,128.2,-41.1,460,16,
,,,,,,,SOLO,1782355012225,Thu Jun 25 2026 02:36:52 GMT+0000 (UTC),0,,,X,6.3,-38.6,458.6,16,
,,,,,,,SOLO,1782355024662,Thu Jun 25 2026 02:37:04 GMT+0000 (UTC),0,,,6,94.6,-21.5,463.6,16,
,,,,,,,SOLO,1782355036823,Thu Jun 25 2026 02:37:16 GMT+0000 (UTC),0,,,6,20.7,-84.8,453.5,16,
,,,,,,,SOLO,1782355050002,Thu Jun 25 2026 02:37:30 GMT+0000 (UTC),0,,,X,-47.9,-39.1,461.5,16,
,,,,,,,SOLO,1782355061395,Thu Jun 25 2026 02:37:41 GMT+0000 (UTC),0,,,X,48.9,-38.9,456.5,16,
,,,,,,,SOLO,1782355074084,Thu Jun 25 2026 02:37:54 GMT+0000 (UTC),0,,,5,87.4,-117,455.2,16,
,,,,,,,SOLO,1782355089402,Thu Jun 25 2026 02:38:09 GMT+0000 (UTC),0,,,X,21.1,25.1,459.2,16,
,,,,,,,SOLO,1782355101997,Thu Jun 25 2026 02:38:21 GMT+0000 (UTC),0,,,6,-79.1,64.8,459.5,16,
,,,,,,,SOLO,1782355114507,Thu Jun 25 2026 02:38:34 GMT+0000 (UTC),0,,,X,31.6,-0.5,458.2,16,
,,,,,,,SOLO,1782355128107,Thu Jun 25 2026 02:38:48 GMT+0000 (UTC),0,,,X,52.7,-17.3,461.5,16,
### next string
Garlick 121,F 4,AU-LR,2130,1720,0,0
,,,,,,,SOLO,1782354854723,Thu Jun 25 2026 02:34:14 GMT+0000 (UTC),0,,sighter,4,-295.5,-115.9,432.6,16.6,
,,,,,,,SOLO,1782354885883,Thu Jun 25 2026 02:34:45 GMT+0000 (UTC),0,,,X,-12,53.5,436.2,16.6,
,,,,,,,SOLO,1782354902861,Thu Jun 25 2026 02:35:02 GMT+0000 (UTC),0,,,X,43,-40.4,433.1,16.6,
,,,,,,,SOLO,1782354913105,Thu Jun 25 2026 02:35:13 GMT+0000 (UTC),0,,,X,-22.7,-48.6,433.3,16.6,
,,,,,,,SOLO,1782354922787,Thu Jun 25 2026 02:35:22 GMT+0000 (UTC),0,,,6,-49.5,-111.3,428.1,16.6,
,,,,,,,SOLO,1782354935422,Thu Jun 25 2026 02:35:35 GMT+0000 (UTC),0,,,6,-61.1,53.6,431.5,16.6,
,,,,,,,SOLO,1782354947258,Thu Jun 25 2026 02:35:47 GMT+0000 (UTC),0,,,5,-125.6,-139.8,427.2,16.6,
,,,,,,,SOLO,1782354963206,Thu Jun 25 2026 02:36:03 GMT+0000 (UTC),0,,,X,-48.5,1.1,433.3,16.6,
,,,,,,,SOLO,1782354973088,Thu Jun 25 2026 02:36:13 GMT+0000 (UTC),0,,,6,-87.7,63.9,436.6,16.6,
,,,,,,,SOLO,1782354984432,Thu Jun 25 2026 02:36:24 GMT+0000 (UTC),0,,,X,-5.9,-59.6,430.4,16.6,
,,,,,,,SOLO,1782354994591,Thu Jun 25 2026 02:36:34 GMT+0000 (UTC),0,,,X,4.9,23.7,430.1,16.6,
### next string
Hill 44,F 5,AU-LR,2127,1720,0,0
,,,,,,,SOLO,1782354676048,Thu Jun 25 2026 02:31:16 GMT+0000 (UTC),0,,sighter,4,-329.5,-64.6,549.4,16,
,,,,,,,SOLO,1782354709859,Thu Jun 25 2026 02:31:49 GMT+0000 (UTC),0,,,X,-10.7,-64.4,553.9,16,
,,,,,,,SOLO,1782354725266,Thu Jun 25 2026 02:32:05 GMT+0000 (UTC),0,,,6,6.2,93.7,554.1,15.9,
,,,,,,,SOLO,1782354737256,Thu Jun 25 2026 02:32:17 GMT+0000 (UTC),0,,,6,45.4,-122.8,553,15.9,
,,,,,,,SOLO,1782354753530,Thu Jun 25 2026 02:32:33 GMT+0000 (UTC),0,,,X,17.4,-13.4,556.7,15.9,
,,,,,,,SOLO,1782354764874,Thu Jun 25 2026 02:32:44 GMT+0000 (UTC),0,,,X,30.5,-15.7,556.5,15.9,
,,,,,,,SOLO,1782354776046,Thu Jun 25 2026 02:32:56 GMT+0000 (UTC),0,,,6,1.7,-69,553.3,15.9,
,,,,,,,SOLO,1782354788931,Thu Jun 25 2026 02:33:08 GMT+0000 (UTC),0,,,X,7.6,31.3,553.3,15.9,
,,,,,,,SOLO,1782354799344,Thu Jun 25 2026 02:33:19 GMT+0000 (UTC),0,,,5,135.6,-30.9,553.5,15.9,
,,,,,,,SOLO,1782354823464,Thu Jun 25 2026 02:33:43 GMT+0000 (UTC),0,,,X,-15.4,-52.3,553.9,15.9,
,,,,,,,SOLO,1782354834876,Thu Jun 25 2026 02:33:54 GMT+0000 (UTC),0,,,6,84.8,-69.3,553.1,15.9,
### next string
m johansen 138,F 3,AU-LR,2130,1722,0,0
,,,,,,,SOLO,1782353591422,Thu Jun 25 2026 02:13:11 GMT+0000 (UTC),0,,sighter,5,-97.3,-89,438.3,17.3,
,,,,,,,SOLO,1782353638350,Thu Jun 25 2026 02:13:58 GMT+0000 (UTC),0,,sighter,3,437.7,-328,433.7,17.1,
,,,,,,,SOLO,1782354391243,Thu Jun 25 2026 02:26:31 GMT+0000 (UTC),0,,,2,-585.8,-4.2,440.2,16.1,
,,,,,,,SOLO,1782354485102,Thu Jun 25 2026 02:28:05 GMT+0000 (UTC),0,,,5,-255.4,-35.2,438.8,16.1,
,,,,,,,SOLO,1782354524023,Thu Jun 25 2026 02:28:44 GMT+0000 (UTC),0,,,4,-92.9,-377.5,434,16.1,
,,,,,,,SOLO,1782354570847,Thu Jun 25 2026 02:29:30 GMT+0000 (UTC),0,,,V,-50.3,-45.7,440.4,16.1,
,,,,,,,SOLO,1782354607222,Thu Jun 25 2026 02:30:07 GMT+0000 (UTC),0,,,5,-46.7,-189.9,436.3,16.1,
,,,,,,,SOLO,1782354641901,Thu Jun 25 2026 02:30:41 GMT+0000 (UTC),0,,,5,-144.8,148.3,435.5,16.1,
,,,,,,,SOLO,1782354681660,Thu Jun 25 2026 02:31:21 GMT+0000 (UTC),0,,,V,10.4,77.7,437.6,16.1,
,,,,,,,SOLO,1782354713672,Thu Jun 25 2026 02:31:53 GMT+0000 (UTC),0,,,5,8.9,-235.2,434.5,16.1,
,,,,,,,SOLO,1782354749569,Thu Jun 25 2026 02:32:29 GMT+0000 (UTC),0,,,4,80.3,-246.8,434.6,16.1,
,,,,,,,SOLO,1782354788365,Thu Jun 25 2026 02:33:08 GMT+0000 (UTC),0,,,5,-139.9,68.6,431.1,16.1,
,,,,,,,SOLO,1782354818612,Thu Jun 25 2026 02:33:38 GMT+0000 (UTC),0,,,5,38.6,145.8,438.5,16.1,
### next string
lucas y,F 1,AU-LR,2129,1723,0,0
,,,,,,,SOLO,1782354656941,Thu Jun 25 2026 02:30:56 GMT+0000 (UTC),0,,sighter,2,-613.9,-214.5,486,16.1,
,,,,,,,SOLO,1782354674227,Thu Jun 25 2026 02:31:14 GMT+0000 (UTC),0,,sighter,5,-153.9,-6.9,486.2,16.1,
,,,,,,,SOLO,1782354692960,Thu Jun 25 2026 02:31:32 GMT+0000 (UTC),0,,,V,-89.7,-46.7,485,16.1,
,,,,,,,SOLO,1782354706224,Thu Jun 25 2026 02:31:46 GMT+0000 (UTC),0,,,4,-257.5,-55.7,486.7,16.1,
,,,,,,,SOLO,1782354722804,Thu Jun 25 2026 02:32:02 GMT+0000 (UTC),0,,,V,-46.8,-46.7,483,16.2,
,,,,,,,SOLO,1782354735715,Thu Jun 25 2026 02:32:15 GMT+0000 (UTC),0,,,5,96.8,-133.5,488.6,16.2,
,,,,,,,SOLO,1782354752198,Thu Jun 25 2026 02:32:32 GMT+0000 (UTC),0,,,V,-80.8,-56.5,483.7,16.2,
,,,,,,,SOLO,1782354763923,Thu Jun 25 2026 02:32:43 GMT+0000 (UTC),0,,,V,103.9,1.1,491.5,16.2,
,,,,,,,SOLO,1782354774788,Thu Jun 25 2026 02:32:54 GMT+0000 (UTC),0,,,V,35.1,-74.9,488.1,16.2,
,,,,,,,SOLO,1782354786108,Thu Jun 25 2026 02:33:06 GMT+0000 (UTC),0,,,5,151.2,-77,485.1,16.1,
,,,,,,,SOLO,1782354797973,Thu Jun 25 2026 02:33:17 GMT+0000 (UTC),0,,,V,91.7,6.6,486.1,16.1,
,,,,,,,SOLO,1782354812811,Thu Jun 25 2026 02:33:32 GMT+0000 (UTC),0,,,5,132.7,-87.9,485.6,16.1,
### next string
Stevens 55,F 4,AU-LR,2130,1720,0,0
,,,,,,,SOLO,1782354529699,Thu Jun 25 2026 02:28:49 GMT+0000 (UTC),0,,sighter,5,-203.7,-8.6,559.1,16.5,
,,,,,,,SOLO,1782354550770,Thu Jun 25 2026 02:29:10 GMT+0000 (UTC),0,,,6,-46.7,57.4,556.3,16.5,
,,,,,,,SOLO,1782354567883,Thu Jun 25 2026 02:29:27 GMT+0000 (UTC),0,,,X,30.2,-26.4,557.2,16.6,
,,,,,,,SOLO,1782354578215,Thu Jun 25 2026 02:29:38 GMT+0000 (UTC),0,,,6,95.6,3.9,556.7,16.6,
,,,,,,,SOLO,1782354588463,Thu Jun 25 2026 02:29:48 GMT+0000 (UTC),0,,,X,39.5,4,558.4,16.6,
,,,,,,,SOLO,1782354598084,Thu Jun 25 2026 02:29:58 GMT+0000 (UTC),0,,,X,38.4,-26.8,555.9,16.6,
,,,,,,,SOLO,1782354609499,Thu Jun 25 2026 02:30:09 GMT+0000 (UTC),0,,,6,46.6,-67.5,556.9,16.6,
,,,,,,,SOLO,1782354620334,Thu Jun 25 2026 02:30:20 GMT+0000 (UTC),0,,,X,0.9,-62,556.7,16.6,
,,,,,,,SOLO,1782354630802,Thu Jun 25 2026 02:30:30 GMT+0000 (UTC),0,,,X,-43.6,-19.8,562.8,16.6,
,,,,,,,SOLO,1782354640851,Thu Jun 25 2026 02:30:40 GMT+0000 (UTC),0,,,X,-25.3,-55.9,560,16.6,
,,,,,,,SOLO,1782354649898,Thu Jun 25 2026 02:30:49 GMT+0000 (UTC),0,,,X,-46,-24.2,557.4,16.6,
### next string
sudjono 129,F 5,AU-LR,2127,1720,0,0
,,,,,,,SOLO,1782353612726,Thu Jun 25 2026 02:13:32 GMT+0000 (UTC),0,,sighter,4,-306.7,88.7,480.4,17.2,
,,,,,,,SOLO,1782354268982,Thu Jun 25 2026 02:24:28 GMT+0000 (UTC),0,,sighter,4,-369.6,67.3,480.5,16.1,
,,,,,,,SOLO,1782354318349,Thu Jun 25 2026 02:25:18 GMT+0000 (UTC),0,,,5,-104.5,188.5,484.1,16.1,
,,,,,,,SOLO,1782354361380,Thu Jun 25 2026 02:26:01 GMT+0000 (UTC),0,,,5,69.6,132.5,489.5,16.1,
,,,,,,,SOLO,1782354382799,Thu Jun 25 2026 02:26:22 GMT+0000 (UTC),0,,,5,108.4,107.8,481.7,16,
,,,,,,,SOLO,1782354410955,Thu Jun 25 2026 02:26:50 GMT+0000 (UTC),0,,,6,107.3,50.2,482.8,16,
,,,,,,,SOLO,1782354445016,Thu Jun 25 2026 02:27:25 GMT+0000 (UTC),0,,,X,1.9,60.7,483.7,16,
,,,,,,,SOLO,1782354465442,Thu Jun 25 2026 02:27:45 GMT+0000 (UTC),0,,,6,57.2,50.5,485.3,16,
,,,,,,,SOLO,1782354483943,Thu Jun 25 2026 02:28:03 GMT+0000 (UTC),0,,,6,70.7,-37.8,483.9,16,
,,,,,,,SOLO,1782354508207,Thu Jun 25 2026 02:28:28 GMT+0000 (UTC),0,,,X,6.2,-11.4,485.7,16,
,,,,,,,SOLO,1782354525112,Thu Jun 25 2026 02:28:45 GMT+0000 (UTC),0,,,X,27.1,7.9,484.7,16,
,,,,,,,SOLO,1782354545089,Thu Jun 25 2026 02:29:05 GMT+0000 (UTC),0,,,X,31.3,-56.9,485.9,16,
### next string
Betts P,F 1,AU-LR,2129,1723,0,0
,,,,,,,SOLO,1782353371637,Thu Jun 25 2026 02:09:31 GMT+0000 (UTC),0,,sighter,4,-358.1,-118.4,450,17.7,
,,,,,,,SOLO,1782353421718,Thu Jun 25 2026 02:10:21 GMT+0000 (UTC),0,,,V,-37,-38,447.8,17.6,
,,,,,,,SOLO,1782353461529,Thu Jun 25 2026 02:11:01 GMT+0000 (UTC),0,,,4,220.3,-173.2,447,17.6,
,,,,,,,SOLO,1782353500299,Thu Jun 25 2026 02:11:40 GMT+0000 (UTC),0,,,5,140.6,-100.4,445.1,17.6,
,,,,,,,SOLO,1782353551095,Thu Jun 25 2026 02:12:31 GMT+0000 (UTC),0,,,V,37.5,4.3,443.1,17.4,
,,,,,,,SOLO,1782353597479,Thu Jun 25 2026 02:13:17 GMT+0000 (UTC),0,,,5,-166.1,-42.4,448,17.4,
,,,,,,,SOLO,1782353627610,Thu Jun 25 2026 02:13:47 GMT+0000 (UTC),0,,,V,14.2,123.3,446.9,17.2,
,,,,,,,SOLO,1782353657021,Thu Jun 25 2026 02:14:17 GMT+0000 (UTC),0,,,4,379.9,32.1,443.7,17.2,
,,,,,,,SOLO,1782353697329,Thu Jun 25 2026 02:14:57 GMT+0000 (UTC),0,,,4,328.3,-64.1,439.5,17,
,,,,,,,SOLO,1782354330821,Thu Jun 25 2026 02:25:30 GMT+0000 (UTC),0,,,3,-475.6,-69.5,444.1,16.1,
,,,,,,,SOLO,1782354389868,Thu Jun 25 2026 02:26:29 GMT+0000 (UTC),0,,,5,254.4,-41.1,441.2,16.1,
,,,,,,,SOLO,1782354422784,Thu Jun 25 2026 02:27:02 GMT+0000 (UTC),0,,,5,79.4,-122.5,442.5,16.1,
### next string
S.Greenhill,F 4,AU-LR,2130,1720,0,0
,,,,,,,SOLO,1782354241458,Thu Jun 25 2026 02:24:01 GMT+0000 (UTC),0,,sighter,5,-234.7,-98.8,456.9,16.6,
,,,,,,,SOLO,1782354269860,Thu Jun 25 2026 02:24:29 GMT+0000 (UTC),0,,,X,-1.6,-8.4,457.6,16.6,
,,,,,,,SOLO,1782354280548,Thu Jun 25 2026 02:24:40 GMT+0000 (UTC),0,,,X,25.6,56.6,462.2,16.6,
,,,,,,,SOLO,1782354293029,Thu Jun 25 2026 02:24:53 GMT+0000 (UTC),0,,,6,-9.9,-75.6,454,16.6,
,,,,,,,SOLO,1782354310104,Thu Jun 25 2026 02:25:10 GMT+0000 (UTC),0,,,X,7.5,25,455.5,16.6,
,,,,,,,SOLO,1782354328374,Thu Jun 25 2026 02:25:28 GMT+0000 (UTC),0,,,X,-16.4,30.4,455.2,16.6,
,,,,,,,SOLO,1782354344853,Thu Jun 25 2026 02:25:44 GMT+0000 (UTC),0,,,6,21.8,-73,455.4,16.6,
,,,,,,,SOLO,1782354359668,Thu Jun 25 2026 02:25:59 GMT+0000 (UTC),0,,,6,49.8,-83.1,455.2,16.6,
,,,,,,,SOLO,1782354371247,Thu Jun 25 2026 02:26:11 GMT+0000 (UTC),0,,,6,26.9,-67.2,452.2,16.6,
,,,,,,,SOLO,1782354384737,Thu Jun 25 2026 02:26:24 GMT+0000 (UTC),0,,,5,94.1,93.9,459.3,16.6,
,,,,,,,SOLO,1782354397671,Thu Jun 25 2026 02:26:37 GMT+0000 (UTC),0,,,X,0.4,34.2,452.7,16.6,
### next string
Z Wiid,F 4,AU-LR,2130,1720,0,0
,,,,,,,SOLO,1782353174382,Thu Jun 25 2026 02:06:14 GMT+0000 (UTC),0,,sighter,4,-243.5,-160,443.5,18.4,
,,,,,,,SOLO,1782353218740,Thu Jun 25 2026 02:06:58 GMT+0000 (UTC),0,,,5,183.5,-72.1,442.6,18.4,
,,,,,,,SOLO,1782353249888,Thu Jun 25 2026 02:07:29 GMT+0000 (UTC),0,,,V,-61.3,-80.8,443.3,18.3,
,,,,,,,SOLO,1782353282483,Thu Jun 25 2026 02:08:02 GMT+0000 (UTC),0,,,V,-114.5,36.8,445.1,18.3,
,,,,,,,SOLO,1782353314204,Thu Jun 25 2026 02:08:34 GMT+0000 (UTC),0,,,V,-23.7,-30.9,443.2,18.3,
,,,,,,,SOLO,1782353338974,Thu Jun 25 2026 02:08:58 GMT+0000 (UTC),0,,,5,72.8,124.9,450.8,18.3,
,,,,,,,SOLO,1782353374163,Thu Jun 25 2026 02:09:34 GMT+0000 (UTC),0,,,V,69.3,70,445.8,18.1,
,,,,,,,SOLO,1782353412671,Thu Jun 25 2026 02:10:12 GMT+0000 (UTC),0,,,V,-54.3,-81.1,442.1,18.1,
,,,,,,,SOLO,1782353435891,Thu Jun 25 2026 02:10:35 GMT+0000 (UTC),0,,,5,167.7,-68.3,445.3,18,
,,,,,,,SOLO,1782353467699,Thu Jun 25 2026 02:11:07 GMT+0000 (UTC),0,,,V,57.6,94.6,447.2,18,
,,,,,,,SOLO,1782353503774,Thu Jun 25 2026 02:11:43 GMT+0000 (UTC),0,,,5,190.2,47.3,445.1,17.9,
### next string
n hocking 102,F 3,AU-LR,2130,1722,0,0
,,,,,,,SOLO,1782352996580,Thu Jun 25 2026 02:03:16 GMT+0000 (UTC),0,,sighter,2,-886.8,47.3,438,18.2,
,,,,,,,SOLO,1782353050243,Thu Jun 25 2026 02:04:10 GMT+0000 (UTC),0,,,5,-73.4,118.5,449.9,18,
,,,,,,,SOLO,1782353103333,Thu Jun 25 2026 02:05:03 GMT+0000 (UTC),0,,,V,-84.1,11.7,447.5,17.9,
,,,,,,,SOLO,1782353148311,Thu Jun 25 2026 02:05:48 GMT+0000 (UTC),0,,,V,-59.4,-96.2,448.1,17.9,
,,,,,,,SOLO,1782353188136,Thu Jun 25 2026 02:06:28 GMT+0000 (UTC),0,,,4,51.5,-271.2,442.7,17.9,
,,,,,,,SOLO,1782353229330,Thu Jun 25 2026 02:07:09 GMT+0000 (UTC),0,,,5,244.4,8.9,453.8,17.9,
,,,,,,,SOLO,1782353303487,Thu Jun 25 2026 02:08:23 GMT+0000 (UTC),0,,,5,214.3,109.3,455.4,17.8,
,,,,,,,SOLO,1782353342091,Thu Jun 25 2026 02:09:02 GMT+0000 (UTC),0,,,V,58.9,-36.8,452.8,17.8,
,,,,,,,SOLO,1782353370135,Thu Jun 25 2026 02:09:30 GMT+0000 (UTC),0,,,V,85.8,-10.6,452.4,17.6,
,,,,,,,SOLO,1782353408842,Thu Jun 25 2026 02:10:08 GMT+0000 (UTC),0,,,V,51.8,48.4,451,17.6,
,,,,,,,SOLO,1782353440760,Thu Jun 25 2026 02:10:40 GMT+0000 (UTC),0,,,5,-13.3,-163.5,447.4,17.5,
### next string
horder 15,F 5,AU-LR,2127,1720,0,0
,,,,,,,SOLO,1782352991832,Thu Jun 25 2026 02:03:11 GMT+0000 (UTC),0,,sighter,2,-569.9,-437.2,388.3,18,
,,,,,,,SOLO,1782353052308,Thu Jun 25 2026 02:04:12 GMT+0000 (UTC),0,,,V,42.5,-14.2,392.5,17.9,
,,,,,,,SOLO,1782353095502,Thu Jun 25 2026 02:04:55 GMT+0000 (UTC),0,,,3,167.4,435.2,402,17.8,
,,,,,,,SOLO,1782353132186,Thu Jun 25 2026 02:05:32 GMT+0000 (UTC),0,,,5,188.9,52.8,385.5,17.8,
,,,,,,,SOLO,1782353185925,Thu Jun 25 2026 02:06:25 GMT+0000 (UTC),0,,,3,254.5,397,393.4,17.7,
,,,,,,,SOLO,1782353249149,Thu Jun 25 2026 02:07:29 GMT+0000 (UTC),0,,,4,-252.4,-200.3,388.4,17.6,
,,,,,,,SOLO,1782353289111,Thu Jun 25 2026 02:08:09 GMT+0000 (UTC),0,,,5,14.8,-130.8,394.7,17.6,
,,,,,,,SOLO,1782353327791,Thu Jun 25 2026 02:08:47 GMT+0000 (UTC),0,,,5,254.2,41.2,396.9,17.6,
,,,,,,,SOLO,1782353377585,Thu Jun 25 2026 02:09:37 GMT+0000 (UTC),0,,,V,-35.1,-53.9,390.3,17.5,
,,,,,,,SOLO,1782353416700,Thu Jun 25 2026 02:10:16 GMT+0000 (UTC),0,,,V,-54.5,-56.7,380.3,17.5,
,,,,,,,SOLO,1782353452572,Thu Jun 25 2026 02:10:52 GMT+0000 (UTC),0,,,4,333.9,-31.5,382.3,17.4,
### next string
Kelly 48,F 2,AU-LR,2128,1718,0,0
,,,,,,,SOLO,1782353035576,Thu Jun 25 2026 02:03:55 GMT+0000 (UTC),0,,sighter,4,-255.2,137.9,494.7,18.1,
,,,,,,,SOLO,1782353088991,Thu Jun 25 2026 02:04:48 GMT+0000 (UTC),0,,,6,57,81.3,497.6,18.1,
,,,,,,,SOLO,1782353104100,Thu Jun 25 2026 02:05:04 GMT+0000 (UTC),0,,,X,24.7,-12.5,498.3,17.9,
,,,,,,,SOLO,1782353114694,Thu Jun 25 2026 02:05:14 GMT+0000 (UTC),0,,,6,-0.7,79.8,500.3,17.9,
,,,,,,,SOLO,1782353127912,Thu Jun 25 2026 02:05:27 GMT+0000 (UTC),0,,,X,64.2,16.6,497.6,17.9,
,,,,,,,SOLO,1782353141811,Thu Jun 25 2026 02:05:41 GMT+0000 (UTC),0,,,6,48.5,109.8,498.5,17.9,
,,,,,,,SOLO,1782353154282,Thu Jun 25 2026 02:05:54 GMT+0000 (UTC),0,,,6,76.3,-33.6,496.5,17.9,
,,,,,,,SOLO,1782353166831,Thu Jun 25 2026 02:06:06 GMT+0000 (UTC),0,,,6,66.4,-71.4,498.2,17.9,
,,,,,,,SOLO,1782353179404,Thu Jun 25 2026 02:06:19 GMT+0000 (UTC),0,,,6,4.4,104.9,495.4,17.9,
,,,,,,,SOLO,1782353192767,Thu Jun 25 2026 02:06:32 GMT+0000 (UTC),0,,,6,71.7,-43.5,495.2,17.9,
,,,,,,,SOLO,1782353207627,Thu Jun 25 2026 02:06:47 GMT+0000 (UTC),0,,,X,3.1,33,494.8,17.9,
### next string
Singh. A,F 1,AU-LR,2129,1723,0,0
,,,,,,,SOLO,1782352640742,Thu Jun 25 2026 01:57:20 GMT+0000 (UTC),0,,,3,362,196.6,401.7,19.2,
,,,,,,,SOLO,1782352714453,Thu Jun 25 2026 01:58:34 GMT+0000 (UTC),0,,,3,-444.6,135,400.7,19,
,,,,,,,SOLO,1782352770981,Thu Jun 25 2026 01:59:30 GMT+0000 (UTC),0,,,3,-508.3,118,404.2,19,
,,,,,,,SOLO,1782352821175,Thu Jun 25 2026 02:00:21 GMT+0000 (UTC),0,,,1,-1081.9,-277.6,396.8,18.9,
,,,,,,,SOLO,1782352896486,Thu Jun 25 2026 02:01:36 GMT+0000 (UTC),0,,,3,-423.7,-329.4,398.9,18.6,
,,,,,,,SOLO,1782352946220,Thu Jun 25 2026 02:02:26 GMT+0000 (UTC),0,,,3,391.9,-234,398,18.4,
,,,,,,,SOLO,1782353017696,Thu Jun 25 2026 02:03:37 GMT+0000 (UTC),0,,,5,50.4,-215,398.6,18.3,
,,,,,,,SOLO,1782353096307,Thu Jun 25 2026 02:04:56 GMT+0000 (UTC),0,,,V,-26.5,-12.4,397.5,18,
,,,,,,,SOLO,1782353141089,Thu Jun 25 2026 02:05:41 GMT+0000 (UTC),0,,,4,99.8,-264.2,390.9,18,
,,,,,,,SOLO,1782353197392,Thu Jun 25 2026 02:06:37 GMT+0000 (UTC),0,,,V,73.1,108.4,397.2,17.9,
### next string
,F 6,AU-LR,2132,1720,0,0
### next string
,F 7,AU-LR,2268,1730,0,0
### next string
pratt 125,F 4,AU-LR,2130,1720,0,0
,,,,,,,SOLO,1782352319860,Thu Jun 25 2026 01:51:59 GMT+0000 (UTC),0,,,V,12.5,-91.6,457.2,19.8,
,,,,,,,SOLO,1782352362037,Thu Jun 25 2026 01:52:42 GMT+0000 (UTC),0,,,5,111.9,-141,455.1,19.8,
,,,,,,,SOLO,1782352491431,Thu Jun 25 2026 01:54:51 GMT+0000 (UTC),0,,,V,43.9,-61.8,457,19.7,
,,,,,,,SOLO,1782352562451,Thu Jun 25 2026 01:56:02 GMT+0000 (UTC),0,,,5,21.9,138.2,456.8,19.6,
,,,,,,,SOLO,1782352620734,Thu Jun 25 2026 01:57:00 GMT+0000 (UTC),0,,,5,-209.5,-48.4,454.6,19.6,
,,,,,,,SOLO,1782352670200,Thu Jun 25 2026 01:57:50 GMT+0000 (UTC),0,,,5,-103.7,132.3,457.5,19.4,
,,,,,,,SOLO,1782352724236,Thu Jun 25 2026 01:58:44 GMT+0000 (UTC),0,,,5,-221.6,-1.9,459.9,19.3,
,,,,,,,SOLO,1782352882775,Thu Jun 25 2026 02:01:22 GMT+0000 (UTC),0,,,3,-512.8,19.2,452.6,19,
,,,,,,,SOLO,1782352974761,Thu Jun 25 2026 02:02:54 GMT+0000 (UTC),0,,,5,-68.9,146.8,455.4,18.7,
,,,,,,,SOLO,1782353005245,Thu Jun 25 2026 02:03:25 GMT+0000 (UTC),0,,,V,119.2,30.6,457.5,18.7,
### next string
Shepherd M 82 M7,F 5,AU-LR,2127,1720,0,0
,,,,,,,SOLO,1782352177227,Thu Jun 25 2026 01:49:37 GMT+0000 (UTC),0,,sighter,4,44.2,-286.7,448,19.1,
,,,,,,,SOLO,1782352234725,Thu Jun 25 2026 01:50:34 GMT+0000 (UTC),0,,sighter,4,-410.4,0.5,446.6,19.1,
,,,,,,,SOLO,1782352331492,Thu Jun 25 2026 01:52:11 GMT+0000 (UTC),0,,,V,21.1,-52.5,448.4,19.1,
,,,,,,,SOLO,1782352399448,Thu Jun 25 2026 01:53:19 GMT+0000 (UTC),0,,,V,-82.4,-42.2,449.9,19.1,
,,,,,,,SOLO,1782352438113,Thu Jun 25 2026 01:53:58 GMT+0000 (UTC),0,,,4,267.3,-129.2,450.4,19.1,
,,,,,,,SOLO,1782352524067,Thu Jun 25 2026 01:55:24 GMT+0000 (UTC),0,,,4,-247.8,94.3,450.2,18.9,
,,,,,,,SOLO,1782352598847,Thu Jun 25 2026 01:56:38 GMT+0000 (UTC),0,,,V,-95.2,25.7,449.6,18.9,
,,,,,,,SOLO,1782352632234,Thu Jun 25 2026 01:57:12 GMT+0000 (UTC),0,,,5,-139.5,-33.3,449.5,18.8,
,,,,,,,SOLO,1782352673385,Thu Jun 25 2026 01:57:53 GMT+0000 (UTC),0,,,5,92.3,-157.8,443.2,18.8,
,,,,,,,SOLO,1782352719148,Thu Jun 25 2026 01:58:39 GMT+0000 (UTC),0,,,4,-277.8,108.3,449.8,18.6,
,,,,,,,SOLO,1782352802872,Thu Jun 25 2026 02:00:02 GMT+0000 (UTC),0,,,3,-456.6,-4.1,443.8,18.5,
,,,,,,,SOLO,1782352859726,Thu Jun 25 2026 02:00:59 GMT+0000 (UTC),0,,,5,-207.1,-42.4,440.4,18.3,
### next string
,F 6,AU-LR,2132,1720,0,0
,,,,,,,SOLO,1782352021892,Thu Jun 25 2026 01:47:01 GMT+0000 (UTC),0,,sighter,4,74.4,-377.1,402.4,18.8,
,,,,,,,SOLO,1782352125355,Thu Jun 25 2026 01:48:45 GMT+0000 (UTC),0,,sighter,4,-269.4,195.9,407,19.3,
,,,,,,,SOLO,1782352274451,Thu Jun 25 2026 01:51:14 GMT+0000 (UTC),0,,,4,-152.3,-242.7,408.6,19.4,
,,,,,,,SOLO,1782352337163,Thu Jun 25 2026 01:52:17 GMT+0000 (UTC),0,,,5,-185.4,91,402.6,19.4,
,,,,,,,SOLO,1782352386152,Thu Jun 25 2026 01:53:06 GMT+0000 (UTC),0,,,5,147.4,101.6,407.7,19.4,
,,,,,,,SOLO,1782352462073,Thu Jun 25 2026 01:54:22 GMT+0000 (UTC),0,,,3,413.6,-100.9,400.6,19.4,
,,,,,,,SOLO,1782352538334,Thu Jun 25 2026 01:55:38 GMT+0000 (UTC),0,,,V,-58.4,-6.2,401.3,19.2,
,,,,,,,SOLO,1782352571487,Thu Jun 25 2026 01:56:11 GMT+0000 (UTC),0,,,4,-14,-371.4,406.7,19.1,
,,,,,,,SOLO,1782352620065,Thu Jun 25 2026 01:57:00 GMT+0000 (UTC),0,,,4,-370.7,-98.2,404.5,19.1,
,,,,,,,SOLO,1782352707877,Thu Jun 25 2026 01:58:27 GMT+0000 (UTC),0,,,5,-247.3,-66.2,398.8,18.9,
,,,,,,,SOLO,1782352757114,Thu Jun 25 2026 01:59:17 GMT+0000 (UTC),0,,,2,-771.7,-133,403.1,18.9,
,,,,,,,SOLO,1782352876507,Thu Jun 25 2026 02:01:16 GMT+0000 (UTC),0,,,3,-462.8,-44,403,18.5,
### next string
p thurtell 115,F 3,AU-LR,2130,1722,0,0
,,,,,,,SOLO,1782352302806,Thu Jun 25 2026 01:51:42 GMT+0000 (UTC),0,,sighter,3,-170.1,-381.3,443.5,19.5,
,,,,,,,SOLO,1782352372818,Thu Jun 25 2026 01:52:52 GMT+0000 (UTC),0,,sighter,4,243.1,197.2,447.9,19.3,
,,,,,,,SOLO,1782352446384,Thu Jun 25 2026 01:54:06 GMT+0000 (UTC),0,,,V,-94.3,24.9,448.8,19.4,
,,,,,,,SOLO,1782352472220,Thu Jun 25 2026 01:54:32 GMT+0000 (UTC),0,,,V,41.8,-88.3,445.2,19.3,
,,,,,,,SOLO,1782352525064,Thu Jun 25 2026 01:55:25 GMT+0000 (UTC),0,,,5,-196.6,19.9,447.5,19.3,
,,,,,,,SOLO,1782352600372,Thu Jun 25 2026 01:56:40 GMT+0000 (UTC),0,,,3,-455.1,-26,445.9,19.2,
,,,,,,,SOLO,1782352643674,Thu Jun 25 2026 01:57:23 GMT+0000 (UTC),0,,,5,-251.1,-12.6,445.7,19.1,
,,,,,,,SOLO,1782352679812,Thu Jun 25 2026 01:57:59 GMT+0000 (UTC),0,,,5,-183,-5.9,443.5,19.1,
,,,,,,,SOLO,1782352712623,Thu Jun 25 2026 01:58:32 GMT+0000 (UTC),0,,,5,-169.3,8.8,448.1,19,
,,,,,,,SOLO,1782352740786,Thu Jun 25 2026 01:59:00 GMT+0000 (UTC),0,,,5,-149.7,7.7,447.1,19,
,,,,,,,SOLO,1782352773343,Thu Jun 25 2026 01:59:33 GMT+0000 (UTC),0,,,3,-462.9,13.2,443.7,19,
,,,,,,,SOLO,1782352804458,Thu Jun 25 2026 02:00:04 GMT+0000 (UTC),0,,,V,-127.1,-23.8,443.9,18.8,
### next string
Munasinghe N,F 1,AU-LR,2129,1723,0,0
,,,,,,,SOLO,1782350269418,Thu Jun 25 2026 01:17:49 GMT+0000 (UTC),0,,sighter,2,-631.5,-34.4,407.2,16.4,
,,,,,,,SOLO,1782351597159,Thu Jun 25 2026 01:39:57 GMT+0000 (UTC),0,,sighter,V,-43.1,-97.8,409.8,17.6,
,,,,,,,SOLO,1782351663583,Thu Jun 25 2026 01:41:03 GMT+0000 (UTC),0,,,5,-105.8,96.3,412.9,17.7,
,,,,,,,SOLO,1782351716810,Thu Jun 25 2026 01:41:56 GMT+0000 (UTC),0,,,4,-248,-114.7,404,17.8,
,,,,,,,SOLO,1782351762898,Thu Jun 25 2026 01:42:42 GMT+0000 (UTC),0,,,V,58.1,-63.7,406.8,18,
,,,,,,,SOLO,1782351814004,Thu Jun 25 2026 01:43:34 GMT+0000 (UTC),0,,,V,5.7,58.5,404.2,18.2,
,,,,,,,SOLO,1782351873458,Thu Jun 25 2026 01:44:33 GMT+0000 (UTC),0,,,5,196,15,403.1,18.3,
,,,,,,,SOLO,1782351932576,Thu Jun 25 2026 01:45:32 GMT+0000 (UTC),0,,,4,-334.6,-189.2,402.2,18.6,
,,,,,,,SOLO,1782351993363,Thu Jun 25 2026 01:46:33 GMT+0000 (UTC),0,,,4,-353.4,116.6,412.7,18.7,
,,,,,,,SOLO,1782352057616,Thu Jun 25 2026 01:47:37 GMT+0000 (UTC),0,,,5,140.9,-116.8,402,19,
,,,,,,,SOLO,1782352112328,Thu Jun 25 2026 01:48:32 GMT+0000 (UTC),0,,,3,-387.5,-183.7,408.2,19.3,
,,,,,,,SOLO,1782352164237,Thu Jun 25 2026 01:49:24 GMT+0000 (UTC),0,,,5,56.7,-167,405.1,19.3,
### next string
johansen 137,F 3,AU-LR,2130,1722,0,0
,,,,,,,SOLO,1782351624489,Thu Jun 25 2026 01:40:24 GMT+0000 (UTC),0,,sighter,V,-1.5,-129.1,442.6,17.8,
,,,,,,,SOLO,1782351657930,Thu Jun 25 2026 01:40:57 GMT+0000 (UTC),0,,sighter,4,193.7,-309.1,446.6,17.8,
,,,,,,,SOLO,1782351715599,Thu Jun 25 2026 01:41:55 GMT+0000 (UTC),0,,,4,382,-136.1,448.4,17.8,
,,,,,,,SOLO,1782351760282,Thu Jun 25 2026 01:42:40 GMT+0000 (UTC),0,,,V,-96.2,-62.6,445.8,18,
,,,,,,,SOLO,1782351802925,Thu Jun 25 2026 01:43:22 GMT+0000 (UTC),0,,,V,63.5,-5.7,446.3,18,
,,,,,,,SOLO,1782351848094,Thu Jun 25 2026 01:44:08 GMT+0000 (UTC),0,,,V,-104.5,-29.5,440,18.2,
,,,,,,,SOLO,1782351888669,Thu Jun 25 2026 01:44:48 GMT+0000 (UTC),0,,,5,-161.2,34.8,443.9,18.4,
,,,,,,,SOLO,1782351964573,Thu Jun 25 2026 01:46:04 GMT+0000 (UTC),0,,,5,-233.7,63.8,446.1,18.6,
,,,,,,,SOLO,1782352006003,Thu Jun 25 2026 01:46:46 GMT+0000 (UTC),0,,,5,-164.5,35.2,446.1,18.9,
,,,,,,,SOLO,1782352047227,Thu Jun 25 2026 01:47:27 GMT+0000 (UTC),0,,,V,-42.8,-105.6,447.9,18.9,
,,,,,,,SOLO,1782352121061,Thu Jun 25 2026 01:48:41 GMT+0000 (UTC),0,,,5,-246.2,4.7,446.4,19.1,
,,,,,,,SOLO,1782352174662,Thu Jun 25 2026 01:49:34 GMT+0000 (UTC),0,,,V,13.1,-51.7,448.2,19.3,
### next string
BrightG M7,F 5,AU-LR,2127,1720,0,0
,,,,,,,SOLO,1782351429476,Thu Jun 25 2026 01:37:09 GMT+0000 (UTC),0,,sighter,3,283,-392.9,426.8,17.1,
,,,,,,,SOLO,1782351484074,Thu Jun 25 2026 01:38:04 GMT+0000 (UTC),0,,,5,67.5,114.9,424,17.1,
,,,,,,,SOLO,1782351524933,Thu Jun 25 2026 01:38:44 GMT+0000 (UTC),0,,,5,153.9,-41.4,426.5,17.1,
,,,,,,,SOLO,1782351577826,Thu Jun 25 2026 01:39:37 GMT+0000 (UTC),0,,,4,-237.8,269.1,432.5,17.3,
,,,,,,,SOLO,1782351645102,Thu Jun 25 2026 01:40:45 GMT+0000 (UTC),0,,,5,90.9,202.8,428.2,17.4,
,,,,,,,SOLO,1782351712619,Thu Jun 25 2026 01:41:52 GMT+0000 (UTC),0,,,3,243.2,-342,419.6,17.4,
,,,,,,,SOLO,1782351800575,Thu Jun 25 2026 01:43:20 GMT+0000 (UTC),0,,,V,101.8,-9.2,422.2,17.8,
,,,,,,,SOLO,1782351841491,Thu Jun 25 2026 01:44:01 GMT+0000 (UTC),0,,,5,-105.5,-111.8,425.3,17.8,
,,,,,,,SOLO,1782351914277,Thu Jun 25 2026 01:45:14 GMT+0000 (UTC),0,,,5,76.3,-113.1,423.7,18.1,
,,,,,,,SOLO,1782351955945,Thu Jun 25 2026 01:45:55 GMT+0000 (UTC),0,,,3,-412.6,-2.9,419.4,18.3,
,,,,,,,SOLO,1782352005436,Thu Jun 25 2026 01:46:45 GMT+0000 (UTC),0,,,3,-418.9,95,422.4,18.5,
### next string
Magill mark,F 4,AU-LR,2130,1720,0,0
,,,,,,,SOLO,1782351803368,Thu Jun 25 2026 01:43:23 GMT+0000 (UTC),0,,sighter,5,-159.3,-53.9,490.9,18.4,
,,,,,,,SOLO,1782351827106,Thu Jun 25 2026 01:43:47 GMT+0000 (UTC),0,,,6,-24.6,-76.4,488.4,18.4,
,,,,,,,SOLO,1782351850466,Thu Jun 25 2026 01:44:10 GMT+0000 (UTC),0,,,6,-111.9,27.7,490.6,18.6,
,,,,,,,SOLO,1782351864748,Thu Jun 25 2026 01:44:24 GMT+0000 (UTC),0,,,X,-22.8,19.6,490.6,18.6,
,,,,,,,SOLO,1782351879130,Thu Jun 25 2026 01:44:39 GMT+0000 (UTC),0,,,6,-65.2,25.9,492.2,18.6,
,,,,,,,SOLO,1782351894532,Thu Jun 25 2026 01:44:54 GMT+0000 (UTC),0,,,5,-131.6,-44.7,489.2,18.6,
,,,,,,,SOLO,1782351918796,Thu Jun 25 2026 01:45:18 GMT+0000 (UTC),0,,,X,-49.1,-33.9,495.3,18.9,
,,,,,,,SOLO,1782351938215,Thu Jun 25 2026 01:45:38 GMT+0000 (UTC),0,,,5,-205.8,14.3,492.1,18.9,
,,,,,,,SOLO,1782351957929,Thu Jun 25 2026 01:45:57 GMT+0000 (UTC),0,,,6,-97.1,-81.4,486.8,18.9,
,,,,,,,SOLO,1782351976689,Thu Jun 25 2026 01:46:16 GMT+0000 (UTC),0,,,5,-203,97.6,490.7,19.1,
,,,,,,,SOLO,1782351992801,Thu Jun 25 2026 01:46:32 GMT+0000 (UTC),0,,,5,-161.8,49,492.9,19.1,
### next string
R Brown,F 4,AU-LR,2130,1720,0,0
,,,,,,,SOLO,1782350330878,Thu Jun 25 2026 01:18:50 GMT+0000 (UTC),0,,sighter,4,-402.3,-22.6,545.9,16.8,
,,,,,,,SOLO,1782351319909,Thu Jun 25 2026 01:35:19 GMT+0000 (UTC),0,,sighter,5,118.2,-73,552.7,17.5,
,,,,,,,SOLO,1782351356562,Thu Jun 25 2026 01:35:56 GMT+0000 (UTC),0,,sighter,5,-137.2,14.2,549.3,17.6,
,,,,,,,SOLO,1782351384559,Thu Jun 25 2026 01:36:24 GMT+0000 (UTC),0,,,V,-62.2,83.2,546.1,17.6,
,,,,,,,SOLO,1782351409018,Thu Jun 25 2026 01:36:49 GMT+0000 (UTC),0,,,V,-70.8,-38.9,541.6,17.6,
,,,,,,,SOLO,1782351429184,Thu Jun 25 2026 01:37:09 GMT+0000 (UTC),0,,,V,41.7,-23.8,545.7,17.6,
,,,,,,,SOLO,1782351448619,Thu Jun 25 2026 01:37:28 GMT+0000 (UTC),0,,,V,9.9,-23.5,544.9,17.6,
,,,,,,,SOLO,1782351466682,Thu Jun 25 2026 01:37:46 GMT+0000 (UTC),0,,,V,-40.6,80.2,544.4,17.6,
,,,,,,,SOLO,1782351485457,Thu Jun 25 2026 01:38:05 GMT+0000 (UTC),0,,,V,-25.3,-28.8,545.2,17.8,
,,,,,,,SOLO,1782351504343,Thu Jun 25 2026 01:38:24 GMT+0000 (UTC),0,,,V,56.4,-9.3,549.8,17.8,
,,,,,,,SOLO,1782351523544,Thu Jun 25 2026 01:38:43 GMT+0000 (UTC),0,,,V,-18.9,50.6,548.2,17.8,
,,,,,,,SOLO,1782351543249,Thu Jun 25 2026 01:39:03 GMT+0000 (UTC),0,,,V,-43.8,16,552.5,17.8,
,,,,,,,SOLO,1782351562847,Thu Jun 25 2026 01:39:22 GMT+0000 (UTC),0,,,V,50,75.2,550.7,17.8,
### next string
Pedersen 171,F 3,AU-LR,2130,1722,0,0
,,,,,,,SOLO,1782350308294,Thu Jun 25 2026 01:18:28 GMT+0000 (UTC),0,,,5,221.1,-19.8,469,16.4,
,,,,,,,SOLO,1782351253971,Thu Jun 25 2026 01:34:13 GMT+0000 (UTC),0,,sighter,5,43.7,-141.2,472.6,17.1,
,,,,,,,SOLO,1782351277001,Thu Jun 25 2026 01:34:37 GMT+0000 (UTC),0,,,V,75.2,55.5,467.3,17.1,
,,,,,,,SOLO,1782351297521,Thu Jun 25 2026 01:34:57 GMT+0000 (UTC),0,,,V,30,-59.7,467.8,17.1,
,,,,,,,SOLO,1782351321573,Thu Jun 25 2026 01:35:21 GMT+0000 (UTC),0,,,V,105.1,-57.5,471.7,17.1,
,,,,,,,SOLO,1782351344812,Thu Jun 25 2026 01:35:44 GMT+0000 (UTC),0,,,4,-144.6,-240.7,460.2,17.1,
,,,,,,,SOLO,1782351383913,Thu Jun 25 2026 01:36:23 GMT+0000 (UTC),0,,,5,-194.2,-20.6,466.8,17.4,
,,,,,,,SOLO,1782351410104,Thu Jun 25 2026 01:36:50 GMT+0000 (UTC),0,,,V,-34.2,4.7,466.3,17.4,
,,,,,,,SOLO,1782351428561,Thu Jun 25 2026 01:37:08 GMT+0000 (UTC),0,,,V,-13.9,30.3,465.5,17.4,
,,,,,,,SOLO,1782351446949,Thu Jun 25 2026 01:37:26 GMT+0000 (UTC),0,,,V,77,-11.1,466.9,17.3,
,,,,,,,SOLO,1782351468062,Thu Jun 25 2026 01:37:48 GMT+0000 (UTC),0,,,5,-107.4,202.8,466.8,17.3,
### next string
p cvb,F 5,AU-LR,2127,1720,0,0
,,,,,,,SOLO,1782350058297,Thu Jun 25 2026 01:14:18 GMT+0000 (UTC),0,,sighter,4,322.7,220.1,485.9,16.4,
,,,,,,,SOLO,1782350098179,Thu Jun 25 2026 01:14:58 GMT+0000 (UTC),0,,sighter,3,376.2,-171.6,484.9,16.3,
,,,,,,,SOLO,1782350133930,Thu Jun 25 2026 01:15:33 GMT+0000 (UTC),0,,,5,176.1,77.8,490,16.3,
,,,,,,,SOLO,1782350161032,Thu Jun 25 2026 01:16:01 GMT+0000 (UTC),0,,,5,-24.5,-140.2,473.3,16.4,
,,,,,,,SOLO,1782350184947,Thu Jun 25 2026 01:16:24 GMT+0000 (UTC),0,,,V,104.2,-29.1,488.4,16.4,
,,,,,,,SOLO,1782350202370,Thu Jun 25 2026 01:16:42 GMT+0000 (UTC),0,,,5,190.4,-128.6,480.5,16.4,
,,,,,,,SOLO,1782350221288,Thu Jun 25 2026 01:17:01 GMT+0000 (UTC),0,,,V,-22.1,53,488.2,16.3,
,,,,,,,SOLO,1782350236254,Thu Jun 25 2026 01:17:16 GMT+0000 (UTC),0,,,4,178.9,-277.6,475.4,16.3,
,,,,,,,SOLO,1782350254932,Thu Jun 25 2026 01:17:34 GMT+0000 (UTC),0,,,5,146.1,-123.3,480.6,16.3,
,,,,,,,SOLO,1782350275976,Thu Jun 25 2026 01:17:55 GMT+0000 (UTC),0,,,5,188,-63.5,481.1,16.2,
,,,,,,,SOLO,1782350294077,Thu Jun 25 2026 01:18:14 GMT+0000 (UTC),0,,,5,188,-41.3,484.2,16.2,
,,,,,,,SOLO,1782350314140,Thu Jun 25 2026 01:18:34 GMT+0000 (UTC),0,,,V,58.4,65.2,479,16.2,
### next string
Willis 139,F 4,AU-LR,2130,1720,0,0
,,,,,,,SOLO,1782349871684,Thu Jun 25 2026 01:11:11 GMT+0000 (UTC),0,,sighter,5,-192.3,83.3,536.9,17.1,
,,,,,,,SOLO,1782349899652,Thu Jun 25 2026 01:11:39 GMT+0000 (UTC),0,,sighter,6,84,30.5,534.7,17,
,,,,,,,SOLO,1782349911263,Thu Jun 25 2026 01:11:51 GMT+0000 (UTC),0,,,6,90.7,30.9,539.6,17,
,,,,,,,SOLO,1782349920896,Thu Jun 25 2026 01:12:00 GMT+0000 (UTC),0,,,X,35.3,32.4,544.7,17,
,,,,,,,SOLO,1782349930989,Thu Jun 25 2026 01:12:10 GMT+0000 (UTC),0,,,5,143.5,-82.7,541.8,17,
,,,,,,,SOLO,1782349941777,Thu Jun 25 2026 01:12:21 GMT+0000 (UTC),0,,,6,93.9,3.5,540.6,16.9,
,,,,,,,SOLO,1782349951247,Thu Jun 25 2026 01:12:31 GMT+0000 (UTC),0,,,X,35.1,-32.6,537,16.9,
,,,,,,,SOLO,1782349959357,Thu Jun 25 2026 01:12:39 GMT+0000 (UTC),0,,,6,-93.7,-80.4,547.3,16.9,
,,,,,,,SOLO,1782349969708,Thu Jun 25 2026 01:12:49 GMT+0000 (UTC),0,,,6,35.9,-84.3,539.8,16.9,
,,,,,,,SOLO,1782349979503,Thu Jun 25 2026 01:12:59 GMT+0000 (UTC),0,,,6,-78.4,-76.6,537.2,16.9,
,,,,,,,SOLO,1782349992687,Thu Jun 25 2026 01:13:12 GMT+0000 (UTC),0,,,5,192.8,-39.3,540.5,16.9,
### next string
Zeeshan 99,F 1,AU-LR,2129,1723,0,0
,,,,,,,SOLO,1782349261331,Thu Jun 25 2026 01:01:01 GMT+0000 (UTC),0,,sighter,3,-450,-139.4,399,17,
,,,,,,,SOLO,1782349321655,Thu Jun 25 2026 01:02:01 GMT+0000 (UTC),0,,sighter,4,-310.4,112,402.5,17,
,,,,,,,SOLO,1782349434435,Thu Jun 25 2026 01:03:54 GMT+0000 (UTC),0,,,5,-133.8,202.3,399.4,16.9,
,,,,,,,SOLO,1782349504154,Thu Jun 25 2026 01:05:04 GMT+0000 (UTC),0,,,4,-338.1,73.3,399.5,16.9,
,,,,,,,SOLO,1782349597923,Thu Jun 25 2026 01:06:37 GMT+0000 (UTC),0,,,4,260.4,-13.9,399.1,16.7,
,,,,,,,SOLO,1782349671780,Thu Jun 25 2026 01:07:51 GMT+0000 (UTC),0,,,5,-250.7,3.5,399.9,16.8,
,,,,,,,SOLO,1782349727197,Thu Jun 25 2026 01:08:47 GMT+0000 (UTC),0,,,4,337.6,81.1,398.2,16.7,
,,,,,,,SOLO,1782349811405,Thu Jun 25 2026 01:10:11 GMT+0000 (UTC),0,,,4,258.3,-88.5,396.3,16.6,
,,,,,,,SOLO,1782349869329,Thu Jun 25 2026 01:11:09 GMT+0000 (UTC),0,,,5,96.4,168.4,395,16.6,
,,,,,,,SOLO,1782349917080,Thu Jun 25 2026 01:11:57 GMT+0000 (UTC),0,,,V,109.2,32.9,397.9,16.6,
,,,,,,,SOLO,1782349977181,Thu Jun 25 2026 01:12:57 GMT+0000 (UTC),0,,,5,-132.6,63.6,396,16.6,
,,,,,,,SOLO,1782350028168,Thu Jun 25 2026 01:13:48 GMT+0000 (UTC),0,,,5,25.3,-139.1,397.4,16.6,
### next string
Orman 11,F 3,AU-LR,2130,1722,0,0
,,,,,,,SOLO,1782349846278,Thu Jun 25 2026 01:10:46 GMT+0000 (UTC),0,,,6,1.8,-99.9,540,16.6,
,,,,,,,SOLO,1782349862164,Thu Jun 25 2026 01:11:02 GMT+0000 (UTC),0,,,X,27.1,-36.6,536.5,16.6,
,,,,,,,SOLO,1782349875953,Thu Jun 25 2026 01:11:15 GMT+0000 (UTC),0,,,5,53.2,-158.2,533.5,16.5,
,,,,,,,SOLO,1782349899300,Thu Jun 25 2026 01:11:39 GMT+0000 (UTC),0,,,6,-12.7,118.5,536.6,16.5,
,,,,,,,SOLO,1782349918417,Thu Jun 25 2026 01:11:58 GMT+0000 (UTC),0,,,X,37.7,10.7,533.3,16.5,
,,,,,,,SOLO,1782349930773,Thu Jun 25 2026 01:12:10 GMT+0000 (UTC),0,,,6,66.8,-31.9,533.2,16.6,
,,,,,,,SOLO,1782349943758,Thu Jun 25 2026 01:12:23 GMT+0000 (UTC),0,,,5,167.8,-61.9,532.2,16.6,
,,,,,,,SOLO,1782349966671,Thu Jun 25 2026 01:12:46 GMT+0000 (UTC),0,,,X,53,-16.4,542.9,16.6,
,,,,,,,SOLO,1782349979285,Thu Jun 25 2026 01:12:59 GMT+0000 (UTC),0,,,5,-144.2,-112.9,527.6,16.6,
,,,,,,,SOLO,1782350009582,Thu Jun 25 2026 01:13:29 GMT+0000 (UTC),0,,,6,116.5,-32.8,550,16.5,
### next string
Orman 46,F 5,AU-LR,2127,1720,0,0
,,,,,,,SOLO,1782349693040,Thu Jun 25 2026 01:08:13 GMT+0000 (UTC),0,,sighter,4,-210.3,-180.3,530.3,16.4,
,,,,,,,SOLO,1782349727800,Thu Jun 25 2026 01:08:47 GMT+0000 (UTC),0,,sighter,5,-83.6,-155.3,536.9,16.4,
,,,,,,,SOLO,1782349794052,Thu Jun 25 2026 01:09:54 GMT+0000 (UTC),0,,,5,91.1,-126.5,527.6,16.4,
,,,,,,,SOLO,1782349833343,Thu Jun 25 2026 01:10:33 GMT+0000 (UTC),0,,,X,54.7,8,529,16.4,
,,,,,,,SOLO,1782349857312,Thu Jun 25 2026 01:10:57 GMT+0000 (UTC),0,,,5,152.4,-115.8,522.7,16.4,
,,,,,,,SOLO,1782349874854,Thu Jun 25 2026 01:11:14 GMT+0000 (UTC),0,,,6,17.1,-96.7,521.6,16.4,
,,,,,,,SOLO,1782349891978,Thu Jun 25 2026 01:11:31 GMT+0000 (UTC),0,,,6,94.5,47,527.1,16.4,
,,,,,,,SOLO,1782349904468,Thu Jun 25 2026 01:11:44 GMT+0000 (UTC),0,,,X,18.2,-13.6,524.4,16.4,
,,,,,,,SOLO,1782349916851,Thu Jun 25 2026 01:11:56 GMT+0000 (UTC),0,,,6,-41.9,81.5,531.8,16.4,
,,,,,,,SOLO,1782349928568,Thu Jun 25 2026 01:12:08 GMT+0000 (UTC),0,,,X,56.3,-28.7,525.1,16.4,
,,,,,,,SOLO,1782349939158,Thu Jun 25 2026 01:12:19 GMT+0000 (UTC),0,,,5,154.6,-71.3,526.9,16.4,
,,,,,,,SOLO,1782349948636,Thu Jun 25 2026 01:12:28 GMT+0000 (UTC),0,,,6,68.4,12.6,527,16.4,
### next string
warrian 77,F 3,AU-LR,2130,1722,0,0
,,,,,,,SOLO,1782349226290,Thu Jun 25 2026 01:00:26 GMT+0000 (UTC),0,,sighter,5,-94.7,-201.4,509,16.9,
,,,,,,,SOLO,1782349289782,Thu Jun 25 2026 01:01:29 GMT+0000 (UTC),0,,sighter,5,216.2,87.8,518.9,16.9,
,,,,,,,SOLO,1782349346517,Thu Jun 25 2026 01:02:26 GMT+0000 (UTC),0,,,6,3.8,94.6,525.2,17,
,,,,,,,SOLO,1782349383830,Thu Jun 25 2026 01:03:03 GMT+0000 (UTC),0,,,6,-95.5,66.4,523,16.9,
,,,,,,,SOLO,1782349439722,Thu Jun 25 2026 01:03:59 GMT+0000 (UTC),0,,,6,-42.7,57.4,519.9,16.9,
,,,,,,,SOLO,1782349476744,Thu Jun 25 2026 01:04:36 GMT+0000 (UTC),0,,,6,-98.8,52.2,524.5,16.9,
,,,,,,,SOLO,1782349528835,Thu Jun 25 2026 01:05:28 GMT+0000 (UTC),0,,,6,-105.2,-51.3,521.3,16.8,
,,,,,,,SOLO,1782349560863,Thu Jun 25 2026 01:06:00 GMT+0000 (UTC),0,,,6,73.7,-94.8,524.4,16.8,
,,,,,,,SOLO,1782349595577,Thu Jun 25 2026 01:06:35 GMT+0000 (UTC),0,,,5,60.4,-161.8,512.7,16.7,
,,,,,,,SOLO,1782349635083,Thu Jun 25 2026 01:07:15 GMT+0000 (UTC),0,,,5,17.2,-172.6,513.3,16.7,
,,,,,,,SOLO,1782349684547,Thu Jun 25 2026 01:08:04 GMT+0000 (UTC),0,,,6,52.3,55.4,520.7,16.7,
,,,,,,,SOLO,1782349744719,Thu Jun 25 2026 01:09:04 GMT+0000 (UTC),0,,,6,7.8,73.7,525.7,16.6,
### next string
garlic 121,F 4,AU-LR,2130,1720,0,0
,,,,,,,SOLO,1782349531851,Thu Jun 25 2026 01:05:31 GMT+0000 (UTC),0,,sighter,1,-996.4,-47.9,422.1,17.3,
,,,,,,,SOLO,1782349569424,Thu Jun 25 2026 01:06:09 GMT+0000 (UTC),0,,sighter,4,-341.8,-60.5,429,17.2,
,,,,,,,SOLO,1782349596786,Thu Jun 25 2026 01:06:36 GMT+0000 (UTC),0,,,X,-19,-41.2,441.6,17.2,
,,,,,,,SOLO,1782349607923,Thu Jun 25 2026 01:06:47 GMT+0000 (UTC),0,,,X,-7.9,31.8,435.8,17.1,
,,,,,,,SOLO,1782349618211,Thu Jun 25 2026 01:06:58 GMT+0000 (UTC),0,,,5,-193.8,-35.5,429.8,17.1,
,,,,,,,SOLO,1782349630873,Thu Jun 25 2026 01:07:10 GMT+0000 (UTC),0,,,6,-107.3,-8.8,433,17.1,
,,,,,,,SOLO,1782349641876,Thu Jun 25 2026 01:07:21 GMT+0000 (UTC),0,,,6,-65.6,43,430.1,17.1,
,,,,,,,SOLO,1782349652972,Thu Jun 25 2026 01:07:32 GMT+0000 (UTC),0,,,6,28.7,-66.6,432.9,17.1,
,,,,,,,SOLO,1782349663246,Thu Jun 25 2026 01:07:43 GMT+0000 (UTC),0,,,X,-56.7,32.5,436.4,17.1,
,,,,,,,SOLO,1782349674010,Thu Jun 25 2026 01:07:54 GMT+0000 (UTC),0,,,6,-48.2,-47.5,430,17.1,
,,,,,,,SOLO,1782349683569,Thu Jun 25 2026 01:08:03 GMT+0000 (UTC),0,,,6,36.7,-87.2,430.7,17.1,
,,,,,,,SOLO,1782349694636,Thu Jun 25 2026 01:08:14 GMT+0000 (UTC),0,,,6,44.6,-115.8,430.4,17.1,
### next string
Jamieson 69,F 5,AU-LR,2127,1720,0,0
,,,,,,,SOLO,1782349371727,Thu Jun 25 2026 01:02:51 GMT+0000 (UTC),0,,sighter,4,-201.7,-275.1,458.3,16.8,
,,,,,,,SOLO,1782349407648,Thu Jun 25 2026 01:03:27 GMT+0000 (UTC),0,,,6,-115.5,-21.8,462.4,16.7,
,,,,,,,SOLO,1782349432200,Thu Jun 25 2026 01:03:52 GMT+0000 (UTC),0,,,6,54.4,-56.6,463.5,16.7,
,,,,,,,SOLO,1782349448867,Thu Jun 25 2026 01:04:08 GMT+0000 (UTC),0,,,6,-39.5,-65.2,461.5,16.6,
,,,,,,,SOLO,1782349464285,Thu Jun 25 2026 01:04:24 GMT+0000 (UTC),0,,,X,7.3,-63.7,455.5,16.6,
,,,,,,,SOLO,1782349479189,Thu Jun 25 2026 01:04:39 GMT+0000 (UTC),0,,,6,13.6,-85.1,454.4,16.6,
,,,,,,,SOLO,1782349494606,Thu Jun 25 2026 01:04:54 GMT+0000 (UTC),0,,,X,10.4,43.5,459.5,16.6,
,,,,,,,SOLO,1782349510443,Thu Jun 25 2026 01:05:10 GMT+0000 (UTC),0,,,6,-82.3,3.3,457.5,16.6,
,,,,,,,SOLO,1782349524340,Thu Jun 25 2026 01:05:24 GMT+0000 (UTC),0,,,X,-58.3,-2.6,458.1,16.6,
,,,,,,,SOLO,1782349535848,Thu Jun 25 2026 01:05:35 GMT+0000 (UTC),0,,,X,-36.8,5.3,455.8,16.6,
,,,,,,,SOLO,1782349548132,Thu Jun 25 2026 01:05:48 GMT+0000 (UTC),0,,,6,109.3,3.8,461.5,16.6,
### next string
peters_j800-1,F 4,AU-LR,2130,1720,0,0
,,,,,,,SOLO,1782349140041,Thu Jun 25 2026 00:59:00 GMT+0000 (UTC),0,,sighter,5,45.7,-174.4,556.5,17.4,
,,,,,,,SOLO,1782349203567,Thu Jun 25 2026 01:00:03 GMT+0000 (UTC),0,,,X,-39.3,6.2,557,17.4,
,,,,,,,SOLO,1782349231806,Thu Jun 25 2026 01:00:31 GMT+0000 (UTC),0,,,6,-47,-60,558,17.4,
,,,,,,,SOLO,1782349253212,Thu Jun 25 2026 01:00:53 GMT+0000 (UTC),0,,,6,-36.5,84.1,555.7,17.4,
,,,,,,,SOLO,1782349273259,Thu Jun 25 2026 01:01:13 GMT+0000 (UTC),0,,,X,-57.7,33.3,557.2,17.4,
,,,,,,,SOLO,1782349297753,Thu Jun 25 2026 01:01:37 GMT+0000 (UTC),0,,,5,133.8,73.9,560.2,17.4,
,,,,,,,SOLO,1782349328351,Thu Jun 25 2026 01:02:08 GMT+0000 (UTC),0,,,X,11.2,11.2,555.9,17.3,
,,,,,,,SOLO,1782349341850,Thu Jun 25 2026 01:02:21 GMT+0000 (UTC),0,,,6,50.1,-74.1,559.9,17.3,
,,,,,,,SOLO,1782349358031,Thu Jun 25 2026 01:02:38 GMT+0000 (UTC),0,,,6,104.1,-1.3,562.3,17.3,
,,,,,,,SOLO,1782349372488,Thu Jun 25 2026 01:02:52 GMT+0000 (UTC),0,,,X,-19.5,-45.5,556.4,17.3,
,,,,,,,SOLO,1782349385711,Thu Jun 25 2026 01:03:05 GMT+0000 (UTC),0,,,6,-75.7,60.8,564.2,17.4,
### next string
Hill 44,F 5,AU-LR,2127,1720,0,0
,,,,,,,SOLO,1782348867828,Thu Jun 25 2026 00:54:27 GMT+0000 (UTC),0,,sighter,2,-592.6,-75.3,543.5,17.2,
,,,,,,,SOLO,1782348914996,Thu Jun 25 2026 00:55:14 GMT+0000 (UTC),0,,sighter,5,-117.8,60,559.3,17.2,
,,,,,,,SOLO,1782348956716,Thu Jun 25 2026 00:55:56 GMT+0000 (UTC),0,,,6,-0.7,-87.6,552.6,16.9,
,,,,,,,SOLO,1782348979620,Thu Jun 25 2026 00:56:19 GMT+0000 (UTC),0,,,6,5,-107.6,557.5,16.9,
,,,,,,,SOLO,1782348990562,Thu Jun 25 2026 00:56:30 GMT+0000 (UTC),0,,,X,-3.8,-54.3,556.6,16.9,
,,,,,,,SOLO,1782349003992,Thu Jun 25 2026 00:56:43 GMT+0000 (UTC),0,,,5,0.4,-133.6,551.4,16.9,
,,,,,,,SOLO,1782349055031,Thu Jun 25 2026 00:57:35 GMT+0000 (UTC),0,,,6,11.4,101.6,555.9,16.9,
,,,,,,,SOLO,1782349106747,Thu Jun 25 2026 00:58:26 GMT+0000 (UTC),0,,,6,-34.5,-104,551.5,16.9,
,,,,,,,SOLO,1782349121527,Thu Jun 25 2026 00:58:41 GMT+0000 (UTC),0,,,6,8.2,-82,549.9,16.9,
,,,,,,,SOLO,1782349142113,Thu Jun 25 2026 00:59:02 GMT+0000 (UTC),0,,,5,146.1,58.6,557.1,16.9,
,,,,,,,SOLO,1782349166998,Thu Jun 25 2026 00:59:26 GMT+0000 (UTC),0,,,5,195.1,7.4,556.1,16.8,
,,,,,,,SOLO,1782349200685,Thu Jun 25 2026 01:00:00 GMT+0000 (UTC),0,,,X,-6.5,-66.4,552.8,16.8,
### next string
phipps 7,F 3,AU-LR,2130,1722,0,0
,,,,,,,SOLO,1782348766956,Thu Jun 25 2026 00:52:46 GMT+0000 (UTC),0,,sighter,4,-371.3,89.4,476,17.5,
,,,,,,,SOLO,1782348814432,Thu Jun 25 2026 00:53:34 GMT+0000 (UTC),0,,sighter,5,243.3,18.9,475.6,17.3,
,,,,,,,SOLO,1782348849060,Thu Jun 25 2026 00:54:09 GMT+0000 (UTC),0,,,5,-126,53,479.3,17.3,
,,,,,,,SOLO,1782348872187,Thu Jun 25 2026 00:54:32 GMT+0000 (UTC),0,,,X,15.6,39.5,478.5,17.3,
,,,,,,,SOLO,1782348896512,Thu Jun 25 2026 00:54:56 GMT+0000 (UTC),0,,,X,36.6,27.8,476.7,17.3,
,,,,,,,SOLO,1782348912872,Thu Jun 25 2026 00:55:12 GMT+0000 (UTC),0,,,6,59.8,54,479,17.2,
,,,,,,,SOLO,1782348934099,Thu Jun 25 2026 00:55:34 GMT+0000 (UTC),0,,,5,55.4,126.1,477.3,17.2,
,,,,,,,SOLO,1782348953139,Thu Jun 25 2026 00:55:53 GMT+0000 (UTC),0,,,6,30.7,-104.7,477.6,17.2,
,,,,,,,SOLO,1782348978580,Thu Jun 25 2026 00:56:18 GMT+0000 (UTC),0,,,5,79.9,112.5,478.8,17.1,
,,,,,,,SOLO,1782349005320,Thu Jun 25 2026 00:56:45 GMT+0000 (UTC),0,,,6,94.5,-27.6,477.1,17.1,
,,,,,,,SOLO,1782349020649,Thu Jun 25 2026 00:57:00 GMT+0000 (UTC),0,,,5,150.2,0.7,478.9,17,
,,,,,,,SOLO,1782349060967,Thu Jun 25 2026 00:57:40 GMT+0000 (UTC),0,,,X,31.2,6.5,480.8,17,
### next string
Magill 159,F 4,AU-LR,2130,1720,0,0
,,,,,,,SOLO,1782348754673,Thu Jun 25 2026 00:52:34 GMT+0000 (UTC),0,,,6,104.6,-65.3,486.8,17.9,
,,,,,,,SOLO,1782348807008,Thu Jun 25 2026 00:53:27 GMT+0000 (UTC),0,,,X,8.5,29.6,492.7,17.9,
,,,,,,,SOLO,1782348884298,Thu Jun 25 2026 00:54:44 GMT+0000 (UTC),0,,,X,40.3,-33.6,489.2,17.6,
,,,,,,,SOLO,1782348905899,Thu Jun 25 2026 00:55:05 GMT+0000 (UTC),0,,,6,-79.8,-24.8,494.8,17.6,
,,,,,,,SOLO,1782348920450,Thu Jun 25 2026 00:55:20 GMT+0000 (UTC),0,,,X,37.3,-2.9,490.9,17.6,
,,,,,,,SOLO,1782348944914,Thu Jun 25 2026 00:55:44 GMT+0000 (UTC),0,,,6,-39,74.2,494,17.6,
,,,,,,,SOLO,1782348968902,Thu Jun 25 2026 00:56:08 GMT+0000 (UTC),0,,,6,61.3,-43.5,489.8,17.6,
,,,,,,,SOLO,1782348985375,Thu Jun 25 2026 00:56:25 GMT+0000 (UTC),0,,,6,82.2,88.9,495.6,17.6,
,,,,,,,SOLO,1782349007181,Thu Jun 25 2026 00:56:47 GMT+0000 (UTC),0,,,6,-30.9,112.7,496.6,17.5,
,,,,,,,SOLO,1782349050001,Thu Jun 25 2026 00:57:30 GMT+0000 (UTC),0,,,5,141.5,-11.1,491.5,17.5,
### next string
young l,F 1,AU-LR,2129,1723,0,0
,,,,,,,SOLO,1782348713328,Thu Jun 25 2026 00:51:53 GMT+0000 (UTC),0,,sighter,1,-900.6,-204.5,480.8,17.8,
,,,,,,,SOLO,1782348741530,Thu Jun 25 2026 00:52:21 GMT+0000 (UTC),0,,sighter,5,140.9,103.8,485.6,17.6,
,,,,,,,SOLO,1782348777819,Thu Jun 25 2026 00:52:57 GMT+0000 (UTC),0,,,5,-124.8,168.4,489.7,17.5,
,,,,,,,SOLO,1782348827664,Thu Jun 25 2026 00:53:47 GMT+0000 (UTC),0,,,V,-63.9,-57.4,484.4,17.4,
,,,,,,,SOLO,1782348843324,Thu Jun 25 2026 00:54:03 GMT+0000 (UTC),0,,,V,-27.5,-6.6,483.4,17.4,
,,,,,,,SOLO,1782348867327,Thu Jun 25 2026 00:54:27 GMT+0000 (UTC),0,,,5,-108.9,-149.6,482.2,17.4,
,,,,,,,SOLO,1782348885317,Thu Jun 25 2026 00:54:45 GMT+0000 (UTC),0,,,V,40.9,-36.3,486.3,17.4,
,,,,,,,SOLO,1782348897959,Thu Jun 25 2026 00:54:57 GMT+0000 (UTC),0,,,5,-117.2,-94.3,479.8,17.4,
,,,,,,,SOLO,1782348909562,Thu Jun 25 2026 00:55:09 GMT+0000 (UTC),0,,,V,-41.7,14.2,484.8,17.4,
,,,,,,,SOLO,1782348921420,Thu Jun 25 2026 00:55:21 GMT+0000 (UTC),0,,,V,1.4,-7.4,486.5,17.4,
,,,,,,,SOLO,1782348933092,Thu Jun 25 2026 00:55:33 GMT+0000 (UTC),0,,,V,-4.1,-74,486.2,17.3,
,,,,,,,SOLO,1782348946122,Thu Jun 25 2026 00:55:46 GMT+0000 (UTC),0,,,V,-14.4,-25,487.5,17.3,
,,,,,,,SOLO,1782348958309,Thu Jun 25 2026 00:55:58 GMT+0000 (UTC),0,,,V,-35,-75.4,487.7,17.3,
### next string
,F 7,AU-LR,2268,1730,0,0
### next string
,F 5,AU-LR,2127,1720,0,0
### next string
,F 2,AU-LR,2128,1718,0,0
### next string
n hocking 102,F 1,AU-LR,2129,1723,0,0
,,,,,,,SOLO,1782346544758,Thu Jun 25 2026 00:15:44 GMT+0000 (UTC),0,,sighter,4,307.6,-268,473.5,17,
,,,,,,,SOLO,1782346603934,Thu Jun 25 2026 00:16:43 GMT+0000 (UTC),0,,,V,109.4,-61.6,480.8,17.1,
,,,,,,,SOLO,1782346658523,Thu Jun 25 2026 00:17:38 GMT+0000 (UTC),0,,,V,36.8,-15.1,486,17.1,
,,,,,,,SOLO,1782346700714,Thu Jun 25 2026 00:18:20 GMT+0000 (UTC),0,,,5,180.3,13.7,484.8,17.1,
,,,,,,,SOLO,1782346757635,Thu Jun 25 2026 00:19:17 GMT+0000 (UTC),0,,,5,5.3,-136.7,475.3,17.2,
,,,,,,,SOLO,1782346795103,Thu Jun 25 2026 00:19:55 GMT+0000 (UTC),0,,,V,-8.7,-1.7,480,17.1,
,,,,,,,SOLO,1782346816685,Thu Jun 25 2026 00:20:16 GMT+0000 (UTC),0,,,V,-25.5,-125.6,477.3,17.3,
,,,,,,,SOLO,1782346849541,Thu Jun 25 2026 00:20:49 GMT+0000 (UTC),0,,,V,-38.3,98.8,494.9,17.3,
,,,,,,,SOLO,1782346874066,Thu Jun 25 2026 00:21:14 GMT+0000 (UTC),0,,,5,88.1,-108.4,476.9,17.3,
,,,,,,,SOLO,1782346905976,Thu Jun 25 2026 00:21:45 GMT+0000 (UTC),0,,,4,-155.1,248.3,491.8,17.3,
,,,,,,,SOLO,1782346931561,Thu Jun 25 2026 00:22:11 GMT+0000 (UTC),0,,,5,-158.4,-37,477.5,17.3,
### next string
Schwebel 80,F 4,AU-LR,2130,1720,0,0
,,,,,,,SOLO,1782346118448,Thu Jun 25 2026 00:08:38 GMT+0000 (UTC),0,,,V,-68.3,42.3,501.3,17.1,
,,,,,,,SOLO,1782346158153,Thu Jun 25 2026 00:09:18 GMT+0000 (UTC),0,,,V,126.8,22.2,502.9,17.1,
,,,,,,,SOLO,1782346201414,Thu Jun 25 2026 00:10:01 GMT+0000 (UTC),0,,,V,32.9,121.6,508.3,17.2,
,,,,,,,SOLO,1782346236630,Thu Jun 25 2026 00:10:36 GMT+0000 (UTC),0,,,5,176.9,-73,504.2,17.2,
,,,,,,,SOLO,1782346284876,Thu Jun 25 2026 00:11:24 GMT+0000 (UTC),0,,,V,79.7,-85.1,505.5,17.2,
,,,,,,,SOLO,1782346330453,Thu Jun 25 2026 00:12:10 GMT+0000 (UTC),0,,,V,-40.4,-100.2,509,17.2,
,,,,,,,SOLO,1782346362016,Thu Jun 25 2026 00:12:42 GMT+0000 (UTC),0,,,5,177.1,-19.3,508.1,17.2,
,,,,,,,SOLO,1782346399447,Thu Jun 25 2026 00:13:19 GMT+0000 (UTC),0,,,V,73.9,-22.8,499.7,17.3,
,,,,,,,SOLO,1782346448965,Thu Jun 25 2026 00:14:08 GMT+0000 (UTC),0,,,5,141.6,161,506.9,17.2,
,,,,,,,SOLO,1782346600768,Thu Jun 25 2026 00:16:40 GMT+0000 (UTC),0,,,4,323.9,126.2,506.5,17.4,
### next string
Johansen 137,F 1,AU-LR,2129,1723,0,0
,,,,,,,SOLO,1782345719808,Thu Jun 25 2026 00:01:59 GMT+0000 (UTC),0,,sighter,4,-201.3,-239.2,484.7,16.6,
,,,,,,,SOLO,1782345797262,Thu Jun 25 2026 00:03:17 GMT+0000 (UTC),0,,,5,25.9,-207.1,487.8,16.7,
,,,,,,,SOLO,1782345859483,Thu Jun 25 2026 00:04:19 GMT+0000 (UTC),0,,,5,203.4,-21.3,490.8,16.7,
,,,,,,,SOLO,1782345901547,Thu Jun 25 2026 00:05:01 GMT+0000 (UTC),0,,,V,-19.6,34.3,497.9,16.7,
,,,,,,,SOLO,1782345942008,Thu Jun 25 2026 00:05:42 GMT+0000 (UTC),0,,,5,-142.8,16.5,495.5,16.7,
,,,,,,,SOLO,1782345990056,Thu Jun 25 2026 00:06:30 GMT+0000 (UTC),0,,,V,22,65,490.2,16.8,
,,,,,,,SOLO,1782346032821,Thu Jun 25 2026 00:07:12 GMT+0000 (UTC),0,,,V,26.9,-91.7,489.9,16.8,
,,,,,,,SOLO,1782346076592,Thu Jun 25 2026 00:07:56 GMT+0000 (UTC),0,,,V,80.4,-26.4,491,16.8,
,,,,,,,SOLO,1782346128622,Thu Jun 25 2026 00:08:48 GMT+0000 (UTC),0,,,5,190.1,-55.4,489.3,16.8,
,,,,,,,SOLO,1782346368355,Thu Jun 25 2026 00:12:48 GMT+0000 (UTC),0,,,V,-25.4,2.4,492.1,16.9,
,,,,,,,SOLO,1782346401700,Thu Jun 25 2026 00:13:21 GMT+0000 (UTC),0,,,V,84.7,-53.6,490.7,16.9,
### next string
Shepherd G 82 M6,F 3,AU-LR,2130,1722,0,0
,,,,,,,SOLO,1782345755406,Thu Jun 25 2026 00:02:35 GMT+0000 (UTC),0,,,5,-96.8,-211.5,491.2,16.6,
,,,,,,,SOLO,1782345820277,Thu Jun 25 2026 00:03:40 GMT+0000 (UTC),0,,,5,-220.2,99.6,493.2,16.5,
,,,,,,,SOLO,1782345872997,Thu Jun 25 2026 00:04:32 GMT+0000 (UTC),0,,,V,26,57,492.6,16.5,
,,,,,,,SOLO,1782345939210,Thu Jun 25 2026 00:05:39 GMT+0000 (UTC),0,,,V,-96.1,9.3,496.5,16.6,
,,,,,,,SOLO,1782345984997,Thu Jun 25 2026 00:06:24 GMT+0000 (UTC),0,,,V,-82.8,60.7,503.5,16.6,
,,,,,,,SOLO,1782346056930,Thu Jun 25 2026 00:07:36 GMT+0000 (UTC),0,,,V,35.3,4.7,496.3,16.6,
,,,,,,,SOLO,1782346098763,Thu Jun 25 2026 00:08:18 GMT+0000 (UTC),0,,,V,9.6,44.2,496.3,16.8,
,,,,,,,SOLO,1782346152216,Thu Jun 25 2026 00:09:12 GMT+0000 (UTC),0,,,V,-52.1,-50.5,490.8,16.8,
,,,,,,,SOLO,1782346277399,Thu Jun 25 2026 00:11:17 GMT+0000 (UTC),0,,,5,138.2,15.7,496.5,16.8,
,,,,,,,SOLO,1782346356888,Thu Jun 25 2026 00:12:36 GMT+0000 (UTC),0,,,V,46.1,-100.1,498.7,16.8,
### next string
McCauley B,F 5,AU-LR,2127,1720,0,0
,,,,,,,SOLO,1782345707639,Thu Jun 25 2026 00:01:47 GMT+0000 (UTC),0,,,V,121.3,-11.1,501.7,16.4,
,,,,,,,SOLO,1782345744642,Thu Jun 25 2026 00:02:24 GMT+0000 (UTC),0,,,V,8.4,56.1,510.2,16.4,
,,,,,,,SOLO,1782345782703,Thu Jun 25 2026 00:03:02 GMT+0000 (UTC),0,,,V,47.1,106.5,511.4,16.4,
,,,,,,,SOLO,1782345826291,Thu Jun 25 2026 00:03:46 GMT+0000 (UTC),0,,,5,17.4,152.4,516.1,16.4,
,,,,,,,SOLO,1782345867020,Thu Jun 25 2026 00:04:27 GMT+0000 (UTC),0,,,V,94.6,48.7,515.8,16.4,
,,,,,,,SOLO,1782345900720,Thu Jun 25 2026 00:05:00 GMT+0000 (UTC),0,,,V,-37,-3,514,16.4,
,,,,,,,SOLO,1782345932380,Thu Jun 25 2026 00:05:32 GMT+0000 (UTC),0,,,5,-154.7,-0.6,518.4,16.4,
,,,,,,,SOLO,1782345978971,Thu Jun 25 2026 00:06:18 GMT+0000 (UTC),0,,,V,51.3,71.8,511.9,16.5,
,,,,,,,SOLO,1782346011320,Thu Jun 25 2026 00:06:51 GMT+0000 (UTC),0,,,V,46.2,54.5,518.3,16.5,
,,,,,,,SOLO,1782346048073,Thu Jun 25 2026 00:07:28 GMT+0000 (UTC),0,,,V,67.8,104.9,516.4,16.5,
### next string
Neilsen 148,F 4,AU-LR,2130,1720,0,0
,,,,,,,SOLO,1782345425270,Wed Jun 24 2026 23:57:05 GMT+0000 (UTC),0,,sighter,5,201.3,-158.3,501.4,17.2,
,,,,,,,SOLO,1782345677292,Thu Jun 25 2026 00:01:17 GMT+0000 (UTC),0,,sighter,4,-221.6,135.2,496.4,17,
,,,,,,,SOLO,1782345712625,Thu Jun 25 2026 00:01:52 GMT+0000 (UTC),0,,,5,25.1,-231.6,497,17,
,,,,,,,SOLO,1782345747094,Thu Jun 25 2026 00:02:27 GMT+0000 (UTC),0,,,4,76.4,-262.4,499.2,16.9,
,,,,,,,SOLO,1782345778226,Thu Jun 25 2026 00:02:58 GMT+0000 (UTC),0,,,5,195.5,37.1,494.4,17,
,,,,,,,SOLO,1782345809127,Thu Jun 25 2026 00:03:29 GMT+0000 (UTC),0,,,5,181.6,14.6,491.6,17,
,,,,,,,SOLO,1782345837115,Thu Jun 25 2026 00:03:57 GMT+0000 (UTC),0,,,4,237.1,127.1,491.8,17,
,,,,,,,SOLO,1782345862427,Thu Jun 25 2026 00:04:22 GMT+0000 (UTC),0,,,5,78.2,245.3,497.3,17,
,,,,,,,SOLO,1782345899985,Thu Jun 25 2026 00:04:59 GMT+0000 (UTC),0,,,5,-99.8,86.3,493,17,
,,,,,,,SOLO,1782345929684,Thu Jun 25 2026 00:05:29 GMT+0000 (UTC),0,,,5,-166.7,136.7,495,17,
,,,,,,,SOLO,1782345964687,Thu Jun 25 2026 00:06:04 GMT+0000 (UTC),0,,,5,-206.3,-57.1,493.3,17.1,
,,,,,,,SOLO,1782345994693,Thu Jun 25 2026 00:06:34 GMT+0000 (UTC),0,,,5,151.7,-155.5,486.9,17.1,
### next string
z wiid,F 2,AU-LR,2128,1718,0,0
,,,,,,,SOLO,1782345551786,Wed Jun 24 2026 23:59:11 GMT+0000 (UTC),0,,,5,-136.5,115.7,488.3,16.7,
,,,,,,,SOLO,1782345586757,Wed Jun 24 2026 23:59:46 GMT+0000 (UTC),0,,,5,1.9,-132.7,487.6,16.8,
,,,,,,,SOLO,1782345628864,Thu Jun 25 2026 00:00:28 GMT+0000 (UTC),0,,,V,-17.1,-5.1,489.5,16.6,
,,,,,,,SOLO,1782345666701,Thu Jun 25 2026 00:01:06 GMT+0000 (UTC),0,,,5,-138.3,-49,487.9,16.6,
,,,,,,,SOLO,1782345702289,Thu Jun 25 2026 00:01:42 GMT+0000 (UTC),0,,,5,-101.2,-134,479.3,16.6,
,,,,,,,SOLO,1782345743472,Thu Jun 25 2026 00:02:23 GMT+0000 (UTC),0,,,V,81.1,78.4,485.8,16.6,
,,,,,,,SOLO,1782345789844,Thu Jun 25 2026 00:03:09 GMT+0000 (UTC),0,,,V,37.7,38.5,484.4,16.6,
,,,,,,,SOLO,1782345860167,Thu Jun 25 2026 00:04:20 GMT+0000 (UTC),0,,,5,95.8,116.9,487.4,16.6,
,,,,,,,SOLO,1782345909485,Thu Jun 25 2026 00:05:09 GMT+0000 (UTC),0,,,5,146.8,15.7,489.1,16.7,
,,,,,,,SOLO,1782345965534,Thu Jun 25 2026 00:06:05 GMT+0000 (UTC),0,,,5,-136,-74.6,486.7,16.7,
### next string
Picton B 136,F 6,AU-LR,2132,1720,0,0
,,,,,,,missed_shot,1782345477884,Wed Jun 24 2026 23:57:57 GMT+0000 (UTC),0,,,0,0,0,0,22,
,,,,,,,SOLO,1782345457673,Wed Jun 24 2026 23:57:37 GMT+0000 (UTC),0,,sighter,4,158.2,-293.3,472.6,16.8,
,,,,,,,SOLO,1782345525737,Wed Jun 24 2026 23:58:45 GMT+0000 (UTC),0,,,V,-82.8,-31.2,480,16.7,
,,,,,,,SOLO,1782345555603,Wed Jun 24 2026 23:59:15 GMT+0000 (UTC),0,,,V,70.3,-83.6,478.1,16.7,
,,,,,,,SOLO,1782345590413,Wed Jun 24 2026 23:59:50 GMT+0000 (UTC),0,,,V,-42.4,-62.3,477,16.7,
,,,,,,,SOLO,1782345638577,Thu Jun 25 2026 00:00:38 GMT+0000 (UTC),0,,,V,-67.1,-48.7,480.2,16.7,
,,,,,,,SOLO,1782345662210,Thu Jun 25 2026 00:01:02 GMT+0000 (UTC),0,,,V,35.6,-68.8,479.1,16.7,
,,,,,,,SOLO,1782345684101,Thu Jun 25 2026 00:01:24 GMT+0000 (UTC),0,,,V,-29.9,-50.4,475.4,16.7,
,,,,,,,SOLO,1782345738987,Thu Jun 25 2026 00:02:18 GMT+0000 (UTC),0,,,V,54.2,-21.2,476.2,16.6,
,,,,,,,SOLO,1782345766975,Thu Jun 25 2026 00:02:46 GMT+0000 (UTC),0,,,V,46.7,-65.2,481.3,16.6,
,,,,,,,SOLO,1782345831584,Thu Jun 25 2026 00:03:51 GMT+0000 (UTC),0,,,V,22.7,1.4,478.2,16.7,
,,,,,,,SOLO,1782345874167,Thu Jun 25 2026 00:04:34 GMT+0000 (UTC),0,,,V,23.1,56.5,483.4,16.7,
### next string
Pedersen 171,F 1,AU-LR,2129,1723,0,0
,,,,,,,SOLO,1782345123851,Wed Jun 24 2026 23:52:03 GMT+0000 (UTC),0,,sighter,5,-242.2,-61.5,501.3,17.1,
,,,,,,,SOLO,1782345204951,Wed Jun 24 2026 23:53:24 GMT+0000 (UTC),0,,sighter,5,-129.8,-129.8,497.2,17.1,
,,,,,,,SOLO,1782345244573,Wed Jun 24 2026 23:54:04 GMT+0000 (UTC),0,,,5,-113.5,-122.6,497,17,
,,,,,,,SOLO,1782345278585,Wed Jun 24 2026 23:54:38 GMT+0000 (UTC),0,,,5,110.4,85.8,502.3,17.1,
,,,,,,,SOLO,1782345320019,Wed Jun 24 2026 23:55:20 GMT+0000 (UTC),0,,,V,74.1,68.2,500.9,17,
,,,,,,,SOLO,1782345346726,Wed Jun 24 2026 23:55:46 GMT+0000 (UTC),0,,,5,-73.5,112.6,503,16.9,
,,,,,,,SOLO,1782345380237,Wed Jun 24 2026 23:56:20 GMT+0000 (UTC),0,,,5,-134.4,2.6,501.1,16.9,
,,,,,,,SOLO,1782345413344,Wed Jun 24 2026 23:56:53 GMT+0000 (UTC),0,,,V,-49.8,-73.1,497.3,16.9,
,,,,,,,SOLO,1782345458655,Wed Jun 24 2026 23:57:38 GMT+0000 (UTC),0,,,V,91.2,-54.4,501,16.8,
,,,,,,,SOLO,1782345482540,Wed Jun 24 2026 23:58:02 GMT+0000 (UTC),0,,,5,207.7,-81.7,498,16.9,
### next string
BrightG 150 M6,F 3,AU-LR,2130,1722,0,0
,,,,,,,SOLO,1782344963549,Wed Jun 24 2026 23:49:23 GMT+0000 (UTC),0,,sighter,2,-225.7,-791.9,451.2,16.9,
,,,,,,,SOLO,1782345030932,Wed Jun 24 2026 23:50:30 GMT+0000 (UTC),0,,,5,201.3,110.7,481.9,16.9,
,,,,,,,SOLO,1782345094642,Wed Jun 24 2026 23:51:34 GMT+0000 (UTC),0,,,4,-260.5,-56.4,474.9,16.9,
,,,,,,,SOLO,1782345220157,Wed Jun 24 2026 23:53:40 GMT+0000 (UTC),0,,,5,63.3,117.9,471.9,17,
,,,,,,,SOLO,1782345259289,Wed Jun 24 2026 23:54:19 GMT+0000 (UTC),0,,,5,-97.2,122,477.1,17,
,,,,,,,SOLO,1782345302609,Wed Jun 24 2026 23:55:02 GMT+0000 (UTC),0,,,4,185.5,-190.3,477.6,16.9,
,,,,,,,SOLO,1782345353552,Wed Jun 24 2026 23:55:53 GMT+0000 (UTC),0,,,5,-228.9,45.8,471.8,16.9,
,,,,,,,SOLO,1782345403225,Wed Jun 24 2026 23:56:43 GMT+0000 (UTC),0,,,V,47.6,-96.5,473.2,16.8,
,,,,,,,SOLO,1782345460673,Wed Jun 24 2026 23:57:40 GMT+0000 (UTC),0,,,V,-25.8,10.3,468.7,16.6,
,,,,,,,SOLO,1782345506717,Wed Jun 24 2026 23:58:26 GMT+0000 (UTC),0,,,5,160.8,6.8,470.7,16.7,
,,,,,,,SOLO,1782345579846,Wed Jun 24 2026 23:59:39 GMT+0000 (UTC),0,,,4,-336.3,-1.5,475.2,16.6,
### next string
Bailey J,F 5,AU-LR,2127,1720,0,0
,,,,,,,SOLO,1782345218952,Wed Jun 24 2026 23:53:38 GMT+0000 (UTC),0,,,5,-254.1,-44.9,492.9,16.8,
,,,,,,,SOLO,1782345253084,Wed Jun 24 2026 23:54:13 GMT+0000 (UTC),0,,,V,-90.9,44.6,493.8,16.8,
,,,,,,,SOLO,1782345299856,Wed Jun 24 2026 23:54:59 GMT+0000 (UTC),0,,,5,77.7,185.6,501.7,16.8,
,,,,,,,SOLO,1782345332487,Wed Jun 24 2026 23:55:32 GMT+0000 (UTC),0,,,V,-13.9,-20.5,500.4,16.6,
,,,,,,,SOLO,1782345362344,Wed Jun 24 2026 23:56:02 GMT+0000 (UTC),0,,,4,-284.8,-64.7,496.6,16.6,
,,,,,,,SOLO,1782345410093,Wed Jun 24 2026 23:56:50 GMT+0000 (UTC),0,,,V,-74.6,4.3,500.3,16.6,
,,,,,,,SOLO,1782345438571,Wed Jun 24 2026 23:57:18 GMT+0000 (UTC),0,,,V,-58.5,-1.8,494.2,16.6,
,,,,,,,SOLO,1782345459296,Wed Jun 24 2026 23:57:39 GMT+0000 (UTC),0,,,V,43.6,34.1,500.5,16.6,
,,,,,,,SOLO,1782345489481,Wed Jun 24 2026 23:58:09 GMT+0000 (UTC),0,,,V,110,-45,494.1,16.5,
,,,,,,,SOLO,1782345520613,Wed Jun 24 2026 23:58:40 GMT+0000 (UTC),0,,,V,-13.4,7.2,495.9,16.5,
### next string
pratt 125,F 2,AU-LR,2128,1718,0,0
,,,,,,,SOLO,1782344880949,Wed Jun 24 2026 23:48:00 GMT+0000 (UTC),0,,sighter,5,-111.4,-192.3,497.7,16.9,
,,,,,,,SOLO,1782344951378,Wed Jun 24 2026 23:49:11 GMT+0000 (UTC),0,,,V,68.7,76.7,501.1,16.9,
,,,,,,,SOLO,1782345028408,Wed Jun 24 2026 23:50:28 GMT+0000 (UTC),0,,,V,45.4,-13,499.5,16.9,
,,,,,,,SOLO,1782345096436,Wed Jun 24 2026 23:51:36 GMT+0000 (UTC),0,,,5,-236.5,-28.9,499.7,17.1,
,,,,,,,SOLO,1782345216867,Wed Jun 24 2026 23:53:36 GMT+0000 (UTC),0,,,V,-43.6,13.5,492.5,17,
,,,,,,,SOLO,1782345255288,Wed Jun 24 2026 23:54:15 GMT+0000 (UTC),0,,,5,-160.6,28.2,494.5,17,
,,,,,,,SOLO,1782345301574,Wed Jun 24 2026 23:55:01 GMT+0000 (UTC),0,,,V,-59.4,51,498.2,17,
,,,,,,,SOLO,1782345333663,Wed Jun 24 2026 23:55:33 GMT+0000 (UTC),0,,,5,-133.7,44.8,498,16.9,
,,,,,,,SOLO,1782345373149,Wed Jun 24 2026 23:56:13 GMT+0000 (UTC),0,,,V,-76.6,-22.9,495.3,16.9,
,,,,,,,SOLO,1782345409609,Wed Jun 24 2026 23:56:49 GMT+0000 (UTC),0,,,V,-52.7,37.4,497.3,16.9,
,,,,,,,SOLO,1782345443528,Wed Jun 24 2026 23:57:23 GMT+0000 (UTC),0,,,V,-32,-55,492.7,16.9,
### next string
winkel 35,F 4,AU-LR,2130,1720,0,0
,,,,,,,SOLO,1782344988544,Wed Jun 24 2026 23:49:48 GMT+0000 (UTC),0,,sighter,4,-21.6,-394.1,530.1,17.2,
,,,,,,,SOLO,1782345008040,Wed Jun 24 2026 23:50:08 GMT+0000 (UTC),0,,,V,49.4,-98.4,531.2,17.3,
,,,,,,,SOLO,1782345026059,Wed Jun 24 2026 23:50:26 GMT+0000 (UTC),0,,,5,104.1,-117.3,531.6,17.3,
,,,,,,,SOLO,1782345055470,Wed Jun 24 2026 23:50:55 GMT+0000 (UTC),0,,,V,-54.9,-102.6,532.4,17.4,
,,,,,,,SOLO,1782345080769,Wed Jun 24 2026 23:51:20 GMT+0000 (UTC),0,,,V,-103.4,-33.2,531.3,17.4,
,,,,,,,SOLO,1782345097910,Wed Jun 24 2026 23:51:37 GMT+0000 (UTC),0,,,5,-135.8,2.3,538,17.4,
,,,,,,,SOLO,1782345120621,Wed Jun 24 2026 23:52:00 GMT+0000 (UTC),0,,,V,113.7,27.3,534.5,17.4,
,,,,,,,SOLO,1782345164257,Wed Jun 24 2026 23:52:44 GMT+0000 (UTC),0,,,5,-129,-123.5,526.3,17.4,
,,,,,,,SOLO,1782345188059,Wed Jun 24 2026 23:53:08 GMT+0000 (UTC),0,,,5,136.3,53,534.8,17.4,
,,,,,,,SOLO,1782345212045,Wed Jun 24 2026 23:53:32 GMT+0000 (UTC),0,,,V,36.9,84.8,536.8,17.4,
,,,,,,,SOLO,1782345231528,Wed Jun 24 2026 23:53:51 GMT+0000 (UTC),0,,,V,88.8,-56.1,528.6,17.4,
### next string
Dyason A,F 6,AU-LR,2132,1720,0,0
,,,,,,,SOLO,1782344567106,Wed Jun 24 2026 23:42:47 GMT+0000 (UTC),0,,sighter,4,227,210.8,496,16.8,
,,,,,,,SOLO,1782344614988,Wed Jun 24 2026 23:43:34 GMT+0000 (UTC),0,,,V,60,-93.2,494.2,16.9,
,,,,,,,SOLO,1782344675254,Wed Jun 24 2026 23:44:35 GMT+0000 (UTC),0,,,5,-244.8,1.6,497.9,16.8,
,,,,,,,SOLO,1782344721392,Wed Jun 24 2026 23:45:21 GMT+0000 (UTC),0,,,5,125.8,-90.3,494.3,16.8,
,,,,,,,SOLO,1782344763151,Wed Jun 24 2026 23:46:03 GMT+0000 (UTC),0,,,5,-162,45.8,496.1,16.9,
,,,,,,,SOLO,1782344809656,Wed Jun 24 2026 23:46:49 GMT+0000 (UTC),0,,,V,-30.5,40.3,489.3,16.9,
,,,,,,,SOLO,1782344855672,Wed Jun 24 2026 23:47:35 GMT+0000 (UTC),0,,,V,36,-0.3,494.9,16.9,
,,,,,,,SOLO,1782344929064,Wed Jun 24 2026 23:48:49 GMT+0000 (UTC),0,,,V,-7,28.9,492.4,16.9,
,,,,,,,SOLO,1782344980582,Wed Jun 24 2026 23:49:40 GMT+0000 (UTC),0,,,V,27,39.4,498.1,17,
,,,,,,,SOLO,1782345030293,Wed Jun 24 2026 23:50:30 GMT+0000 (UTC),0,,,V,129.1,19.6,497.6,17,
,,,,,,,SOLO,1782345076297,Wed Jun 24 2026 23:51:16 GMT+0000 (UTC),0,,,5,-183.4,17.9,497.5,17,
### next string
Lancaster D,F 5,AU-LR,2127,1720,0,0
,,,,,,,SOLO,1782344559603,Wed Jun 24 2026 23:42:39 GMT+0000 (UTC),0,,sighter,5,174.5,67.2,549.3,16.6,
,,,,,,,SOLO,1782344592944,Wed Jun 24 2026 23:43:12 GMT+0000 (UTC),0,,,V,-55.8,77.1,552.5,16.6,
,,,,,,,SOLO,1782344619910,Wed Jun 24 2026 23:43:39 GMT+0000 (UTC),0,,,5,-123.6,76,550.2,16.6,
,,,,,,,SOLO,1782344670562,Wed Jun 24 2026 23:44:30 GMT+0000 (UTC),0,,,V,-112.9,48.7,551.5,16.6,
,,,,,,,SOLO,1782344692632,Wed Jun 24 2026 23:44:52 GMT+0000 (UTC),0,,,V,27.2,-123.7,544.4,16.6,
,,,,,,,SOLO,1782344762119,Wed Jun 24 2026 23:46:02 GMT+0000 (UTC),0,,,V,17.4,-39,543.5,16.6,
,,,,,,,SOLO,1782344815397,Wed Jun 24 2026 23:46:55 GMT+0000 (UTC),0,,,V,-28.7,-73.8,547.4,16.6,
,,,,,,,SOLO,1782344830037,Wed Jun 24 2026 23:47:10 GMT+0000 (UTC),0,,,V,-35,-40.7,547.1,16.6,
,,,,,,,SOLO,1782344850341,Wed Jun 24 2026 23:47:30 GMT+0000 (UTC),0,,,5,104.6,-106.1,545.8,16.6,
,,,,,,,SOLO,1782344869100,Wed Jun 24 2026 23:47:49 GMT+0000 (UTC),0,,,V,19.6,-13.8,547.1,16.7,
,,,,,,,SOLO,1782344985003,Wed Jun 24 2026 23:49:45 GMT+0000 (UTC),0,,,5,95.3,188.8,554.6,16.7,
### next string
Orman 11,F 1,AU-LR,2129,1723,0,0
,,,,,,,SOLO,1782344482150,Wed Jun 24 2026 23:41:22 GMT+0000 (UTC),0,,sighter,5,99,99,565.4,16.9,
,,,,,,,SOLO,1782344505238,Wed Jun 24 2026 23:41:45 GMT+0000 (UTC),0,,,X,49.5,-26.4,566.6,16.9,
,,,,,,,SOLO,1782344515341,Wed Jun 24 2026 23:41:55 GMT+0000 (UTC),0,,,X,49.6,-33.5,568.3,16.8,
,,,,,,,SOLO,1782344778558,Wed Jun 24 2026 23:46:18 GMT+0000 (UTC),0,,,6,43.1,-76.1,573.6,16.9,
,,,,,,,SOLO,1782344796464,Wed Jun 24 2026 23:46:36 GMT+0000 (UTC),0,,,6,-106.1,-1,566.2,16.9,
,,,,,,,SOLO,1782344809910,Wed Jun 24 2026 23:46:49 GMT+0000 (UTC),0,,,X,11.7,-11.1,566.9,16.9,
,,,,,,,SOLO,1782344820229,Wed Jun 24 2026 23:47:00 GMT+0000 (UTC),0,,,X,-27.5,23.3,565.6,16.9,
,,,,,,,SOLO,1782344832053,Wed Jun 24 2026 23:47:12 GMT+0000 (UTC),0,,,X,-8,-19.5,569.8,16.9,
,,,,,,,SOLO,1782344846019,Wed Jun 24 2026 23:47:26 GMT+0000 (UTC),0,,,X,0.9,-12.4,568.7,16.9,
,,,,,,,SOLO,1782344858701,Wed Jun 24 2026 23:47:38 GMT+0000 (UTC),0,,,X,-31.3,-27.4,565.7,16.9,
,,,,,,,SOLO,1782344872180,Wed Jun 24 2026 23:47:52 GMT+0000 (UTC),0,,,X,-2.8,-22.2,564,16.9,
,,,,,,,SOLO,1782344899389,Wed Jun 24 2026 23:48:19 GMT+0000 (UTC),0,,,X,15.3,-28,568.3,17,
### next string
Sperring 83,F 4,AU-LR,2130,1720,0,0
,,,,,,,SOLO,1782344596217,Wed Jun 24 2026 23:43:16 GMT+0000 (UTC),0,,sighter,3,-530,14.1,472.7,17.2,
,,,,,,,SOLO,1782344636238,Wed Jun 24 2026 23:43:56 GMT+0000 (UTC),0,,,6,-35.9,-61.2,471.6,17.2,
,,,,,,,SOLO,1782344659905,Wed Jun 24 2026 23:44:19 GMT+0000 (UTC),0,,,X,59.5,-3.6,478.6,17.2,
,,,,,,,SOLO,1782344681267,Wed Jun 24 2026 23:44:41 GMT+0000 (UTC),0,,,6,-47.1,84.6,478.3,17.2,
,,,,,,,SOLO,1782344701944,Wed Jun 24 2026 23:45:01 GMT+0000 (UTC),0,,,X,33.6,13.9,478.3,17.2,
,,,,,,,SOLO,1782344720482,Wed Jun 24 2026 23:45:20 GMT+0000 (UTC),0,,,6,36.5,-90.7,479,17.2,
,,,,,,,SOLO,1782344741566,Wed Jun 24 2026 23:45:41 GMT+0000 (UTC),0,,,X,-6.3,43.5,480.7,17.2,
,,,,,,,SOLO,1782344766940,Wed Jun 24 2026 23:46:06 GMT+0000 (UTC),0,,,X,21.3,-24.2,478.1,17.3,
,,,,,,,SOLO,1782344785505,Wed Jun 24 2026 23:46:25 GMT+0000 (UTC),0,,,X,-15.7,-13.4,476.3,17.3,
,,,,,,,SOLO,1782344807110,Wed Jun 24 2026 23:46:47 GMT+0000 (UTC),0,,,X,-25.7,-37,476.6,17.2,
,,,,,,,SOLO,1782344844916,Wed Jun 24 2026 23:47:24 GMT+0000 (UTC),0,,,X,-59.8,-16.7,476.1,17.2,
### next string
p Rodham 26679,F 3,AU-LR,2130,1722,0,0
,,,,,,,SOLO,1782344481757,Wed Jun 24 2026 23:41:21 GMT+0000 (UTC),0,,sighter,3,-410.1,141.7,519.3,16.7,
,,,,,,,SOLO,1782344522000,Wed Jun 24 2026 23:42:02 GMT+0000 (UTC),0,,sighter,4,-263.8,4.7,521.1,16.7,
,,,,,,,SOLO,1782344544886,Wed Jun 24 2026 23:42:24 GMT+0000 (UTC),0,,,5,-171.5,17,529.4,16.7,
,,,,,,,SOLO,1782344585852,Wed Jun 24 2026 23:43:05 GMT+0000 (UTC),0,,,5,-118.4,128.2,527.2,16.7,
,,,,,,,SOLO,1782344610572,Wed Jun 24 2026 23:43:30 GMT+0000 (UTC),0,,,5,-171.8,-57,517.5,16.7,
,,,,,,,SOLO,1782344633692,Wed Jun 24 2026 23:43:53 GMT+0000 (UTC),0,,,V,20.8,35.9,519.4,16.8,
,,,,,,,SOLO,1782344650878,Wed Jun 24 2026 23:44:10 GMT+0000 (UTC),0,,,V,6.7,-0.6,519.5,16.8,
,,,,,,,SOLO,1782344672640,Wed Jun 24 2026 23:44:32 GMT+0000 (UTC),0,,,5,225.3,27.2,513.6,16.7,
,,,,,,,SOLO,1782344695713,Wed Jun 24 2026 23:44:55 GMT+0000 (UTC),0,,,5,-138.3,-22.9,522.8,16.7,
,,,,,,,SOLO,1782344715381,Wed Jun 24 2026 23:45:15 GMT+0000 (UTC),0,,,5,-122.9,90.1,520.6,16.8,
,,,,,,,SOLO,1782344738573,Wed Jun 24 2026 23:45:38 GMT+0000 (UTC),0,,,V,8.9,-29.6,514.6,16.8,
,,,,,,,SOLO,1782344760168,Wed Jun 24 2026 23:46:00 GMT+0000 (UTC),0,,,V,104.9,66.5,520.2,16.8,
### next string
R Brown ,F 2,AU-LR,2128,1718,0,0
,,,,,,,SOLO,1782344344824,Wed Jun 24 2026 23:39:04 GMT+0000 (UTC),0,,sighter,5,-149.8,127,574.8,16.8,
,,,,,,,SOLO,1782344367913,Wed Jun 24 2026 23:39:27 GMT+0000 (UTC),0,,,V,-45,107.2,583.4,16.8,
,,,,,,,SOLO,1782344392640,Wed Jun 24 2026 23:39:52 GMT+0000 (UTC),0,,,5,-152.8,-0.7,576.6,16.8,
,,,,,,,SOLO,1782344411699,Wed Jun 24 2026 23:40:11 GMT+0000 (UTC),0,,,V,-58.5,102.1,579.6,16.8,
,,,,,,,SOLO,1782344426732,Wed Jun 24 2026 23:40:26 GMT+0000 (UTC),0,,,5,-187.3,-58.7,579.8,16.8,
,,,,,,,SOLO,1782344451845,Wed Jun 24 2026 23:40:51 GMT+0000 (UTC),0,,,V,28.8,-1.3,577.7,16.8,
,,,,,,,SOLO,1782344472553,Wed Jun 24 2026 23:41:12 GMT+0000 (UTC),0,,,5,140,7.3,577.9,16.8,
,,,,,,,SOLO,1782344493294,Wed Jun 24 2026 23:41:33 GMT+0000 (UTC),0,,,V,119.1,19.9,576.8,16.8,
,,,,,,,SOLO,1782344510521,Wed Jun 24 2026 23:41:50 GMT+0000 (UTC),0,,,V,29,-44.1,577.5,16.8,
,,,,,,,SOLO,1782344525946,Wed Jun 24 2026 23:42:05 GMT+0000 (UTC),0,,,V,79.5,-8.8,574.2,16.8,
,,,,,,,SOLO,1782344540079,Wed Jun 24 2026 23:42:20 GMT+0000 (UTC),0,,,V,32.5,6,584.8,16.8,
### next string
M Shelley,F 5,AU-LR,2127,1720,0,0
,,,,,,,SOLO,1782344085387,Wed Jun 24 2026 23:34:45 GMT+0000 (UTC),0,,sighter,5,203.3,-69.2,490.7,16.5,
,,,,,,,SOLO,1782344114477,Wed Jun 24 2026 23:35:14 GMT+0000 (UTC),0,,,V,-90.3,29.6,488,16.6,
,,,,,,,SOLO,1782344140727,Wed Jun 24 2026 23:35:40 GMT+0000 (UTC),0,,,V,-8.8,62.3,489.5,16.6,
,,,,,,,SOLO,1782344167356,Wed Jun 24 2026 23:36:07 GMT+0000 (UTC),0,,,V,-5.4,49.9,493.9,16.4,
,,,,,,,SOLO,1782344191072,Wed Jun 24 2026 23:36:31 GMT+0000 (UTC),0,,,V,-7.2,123.7,489.9,16.5,
,,,,,,,SOLO,1782344225952,Wed Jun 24 2026 23:37:05 GMT+0000 (UTC),0,,,V,-93.1,47.9,488.8,16.5,
,,,,,,,SOLO,1782344265859,Wed Jun 24 2026 23:37:45 GMT+0000 (UTC),0,,,4,-181.3,196.7,490.5,16.5,
,,,,,,,SOLO,1782344337841,Wed Jun 24 2026 23:38:57 GMT+0000 (UTC),0,,,5,-125.1,64.9,487.8,16.6,
,,,,,,,SOLO,1782344366083,Wed Jun 24 2026 23:39:26 GMT+0000 (UTC),0,,,5,-175.3,-61.8,484.3,16.6,
,,,,,,,SOLO,1782344401452,Wed Jun 24 2026 23:40:01 GMT+0000 (UTC),0,,,V,-73.4,20.3,487.1,16.6,
,,,,,,,SOLO,1782344428673,Wed Jun 24 2026 23:40:28 GMT+0000 (UTC),0,,,V,96.5,15.8,486.6,16.6,
### next string
Bartlett 141,F 4,AU-LR,2130,1720,0,0
,,,,,,,SOLO,1782344120996,Wed Jun 24 2026 23:35:20 GMT+0000 (UTC),0,,sighter,5,217.9,10.1,500.3,17,
,,,,,,,SOLO,1782344149196,Wed Jun 24 2026 23:35:49 GMT+0000 (UTC),0,,sighter,5,-14.7,175.8,518.7,17,
,,,,,,,SOLO,1782344194813,Wed Jun 24 2026 23:36:34 GMT+0000 (UTC),0,,,5,-4.2,206.5,516,17.1,
,,,,,,,SOLO,1782344242081,Wed Jun 24 2026 23:37:22 GMT+0000 (UTC),0,,,5,-88.7,103.7,513.7,17.1,
,,,,,,,SOLO,1782344280571,Wed Jun 24 2026 23:38:00 GMT+0000 (UTC),0,,,5,-139.9,78.5,516.8,17.1,
,,,,,,,SOLO,1782344311007,Wed Jun 24 2026 23:38:31 GMT+0000 (UTC),0,,,X,-14.4,63.1,514.7,17.1,
,,,,,,,SOLO,1782344339913,Wed Jun 24 2026 23:38:59 GMT+0000 (UTC),0,,,X,20.5,0,517.7,17.1,
,,,,,,,SOLO,1782344356823,Wed Jun 24 2026 23:39:16 GMT+0000 (UTC),0,,,X,-4.8,50.2,517.8,17.2,
,,,,,,,SOLO,1782344370336,Wed Jun 24 2026 23:39:30 GMT+0000 (UTC),0,,,X,-18.3,-13,512.1,17.2,
,,,,,,,SOLO,1782344383385,Wed Jun 24 2026 23:39:43 GMT+0000 (UTC),0,,,6,-4.7,-90.7,517.7,17.1,
,,,,,,,SOLO,1782344419763,Wed Jun 24 2026 23:40:19 GMT+0000 (UTC),0,,,6,39.1,-64.4,514.3,17.1,
,,,,,,,SOLO,1782344442661,Wed Jun 24 2026 23:40:42 GMT+0000 (UTC),0,,,6,25.4,-100.1,513.2,17.1,
### next string
warranty 77,F 1,AU-LR,2129,1723,0,0
,,,,,,,SOLO,1782343872248,Wed Jun 24 2026 23:31:12 GMT+0000 (UTC),0,,,6,-66.5,18.5,555.2,16.6,
,,,,,,,SOLO,1782343923179,Wed Jun 24 2026 23:32:03 GMT+0000 (UTC),0,,,6,58.1,117.5,576.6,16.6,
,,,,,,,SOLO,1782343960885,Wed Jun 24 2026 23:32:40 GMT+0000 (UTC),0,,,5,155,19.6,559.5,16.7,
,,,,,,,SOLO,1782344012608,Wed Jun 24 2026 23:33:32 GMT+0000 (UTC),0,,,X,-61.3,-12,561,16.7,
,,,,,,,SOLO,1782344148910,Wed Jun 24 2026 23:35:48 GMT+0000 (UTC),0,,,X,-1.5,57.1,567.3,16.8,
,,,,,,,SOLO,1782344184975,Wed Jun 24 2026 23:36:24 GMT+0000 (UTC),0,,,6,-124.5,-8.6,564.2,16.8,
,,,,,,,SOLO,1782344223779,Wed Jun 24 2026 23:37:03 GMT+0000 (UTC),0,,,6,-34.9,67.6,569.5,16.8,
,,,,,,,SOLO,1782344282397,Wed Jun 24 2026 23:38:02 GMT+0000 (UTC),0,,,6,-104.4,28.2,562.9,16.8,
,,,,,,,SOLO,1782344330524,Wed Jun 24 2026 23:38:50 GMT+0000 (UTC),0,,,6,-68.8,-48.4,562.7,16.8,
,,,,,,,SOLO,1782344379514,Wed Jun 24 2026 23:39:39 GMT+0000 (UTC),0,,,6,-36.3,111.1,567.7,16.8,
### next string
Fincham D,F 6,AU-LR,2132,1720,0,0
,,,,,,,SOLO,1782343886035,Wed Jun 24 2026 23:31:26 GMT+0000 (UTC),0,,sighter,5,96,-134.9,581.5,16.6,
,,,,,,,SOLO,1782343958754,Wed Jun 24 2026 23:32:38 GMT+0000 (UTC),0,,,6,100.5,-31.7,588.4,16.7,
,,,,,,,SOLO,1782343996305,Wed Jun 24 2026 23:33:16 GMT+0000 (UTC),0,,,6,113,22,588.1,16.7,
,,,,,,,SOLO,1782344102437,Wed Jun 24 2026 23:35:02 GMT+0000 (UTC),0,,,6,84,-29.4,589,16.7,
,,,,,,,SOLO,1782344122599,Wed Jun 24 2026 23:35:22 GMT+0000 (UTC),0,,,6,10.1,-103,599.6,16.7,
,,,,,,,SOLO,1782344150315,Wed Jun 24 2026 23:35:50 GMT+0000 (UTC),0,,,6,111.1,-69.2,594.8,16.8,
,,,,,,,SOLO,1782344176253,Wed Jun 24 2026 23:36:16 GMT+0000 (UTC),0,,,6,64.5,-41.3,584.7,16.8,
,,,,,,,SOLO,1782344238448,Wed Jun 24 2026 23:37:18 GMT+0000 (UTC),0,,,6,-43.2,56.7,587.8,16.7,
,,,,,,,SOLO,1782344267703,Wed Jun 24 2026 23:37:47 GMT+0000 (UTC),0,,,5,-89.4,109.9,594.2,16.8,
,,,,,,,SOLO,1782344325469,Wed Jun 24 2026 23:38:45 GMT+0000 (UTC),0,,,6,-107.6,-16.8,584.6,16.8,
,,,,,,,SOLO,1782344368242,Wed Jun 24 2026 23:39:28 GMT+0000 (UTC),0,,,6,-87,73.2,588.1,16.8,
### next string
Orman 46,F 3,AU-LR,2130,1722,0,0
,,,,,,,SOLO,1782344196788,Wed Jun 24 2026 23:36:36 GMT+0000 (UTC),0,,sighter,4,-164.2,-255.7,555,16.7,
,,,,,,,SOLO,1782344240301,Wed Jun 24 2026 23:37:20 GMT+0000 (UTC),0,,sighter,5,-185.4,56,565.3,16.6,
,,,,,,,SOLO,1782344265407,Wed Jun 24 2026 23:37:45 GMT+0000 (UTC),0,,,X,-35.5,53.2,565.2,16.6,
,,,,,,,SOLO,1782344281303,Wed Jun 24 2026 23:38:01 GMT+0000 (UTC),0,,,X,-46,21.4,563.1,16.6,
,,,,,,,SOLO,1782344295750,Wed Jun 24 2026 23:38:15 GMT+0000 (UTC),0,,,X,10.7,-60.9,563,16.6,
,,,,,,,SOLO,1782344306797,Wed Jun 24 2026 23:38:26 GMT+0000 (UTC),0,,,6,-45.9,-50,561.7,16.6,
,,,,,,,SOLO,1782344317363,Wed Jun 24 2026 23:38:37 GMT+0000 (UTC),0,,,X,-37.5,2.2,559.2,16.6,
,,,,,,,SOLO,1782344327673,Wed Jun 24 2026 23:38:47 GMT+0000 (UTC),0,,,X,-10.2,-37.4,567.1,16.6,
,,,,,,,SOLO,1782344338730,Wed Jun 24 2026 23:38:58 GMT+0000 (UTC),0,,,6,51.6,-67.3,564.8,16.6,
,,,,,,,SOLO,1782344351604,Wed Jun 24 2026 23:39:11 GMT+0000 (UTC),0,,,6,-38.5,66.8,567.7,16.6,
,,,,,,,SOLO,1782344362982,Wed Jun 24 2026 23:39:22 GMT+0000 (UTC),0,,,6,-59,-69,564,16.6,
,,,,,,,SOLO,1782344375254,Wed Jun 24 2026 23:39:35 GMT+0000 (UTC),0,,,X,-63.7,4.6,562.2,16.8,
### next string
Willis 139,F 2,AU-LR,2128,1718,0,0
,,,,,,,SOLO,1782344053568,Wed Jun 24 2026 23:34:13 GMT+0000 (UTC),0,,sighter,X,-63.3,3.3,549.4,16.8,
,,,,,,,SOLO,1782344065058,Wed Jun 24 2026 23:34:25 GMT+0000 (UTC),0,,sighter,5,80.6,142,565.5,16.8,
,,,,,,,SOLO,1782344089257,Wed Jun 24 2026 23:34:49 GMT+0000 (UTC),0,,,5,-93.7,-111.6,561.2,16.8,
,,,,,,,SOLO,1782344103774,Wed Jun 24 2026 23:35:03 GMT+0000 (UTC),0,,,X,-9.4,-34.2,562.4,16.8,
,,,,,,,SOLO,1782344111754,Wed Jun 24 2026 23:35:11 GMT+0000 (UTC),0,,,X,2.4,-49.2,567.5,16.8,
,,,,,,,SOLO,1782344119517,Wed Jun 24 2026 23:35:19 GMT+0000 (UTC),0,,,X,-21.6,-36.4,565.7,16.8,
,,,,,,,SOLO,1782344126913,Wed Jun 24 2026 23:35:26 GMT+0000 (UTC),0,,,X,29.2,-19.2,572.1,16.8,
,,,,,,,SOLO,1782344134180,Wed Jun 24 2026 23:35:34 GMT+0000 (UTC),0,,,X,13.7,-53.4,561.6,16.8,
,,,,,,,SOLO,1782344142869,Wed Jun 24 2026 23:35:42 GMT+0000 (UTC),0,,,5,68.7,-114,555.4,16.8,
,,,,,,,SOLO,1782344156340,Wed Jun 24 2026 23:35:56 GMT+0000 (UTC),0,,,6,65.5,-17.4,577.3,16.8,
,,,,,,,SOLO,1782344166435,Wed Jun 24 2026 23:36:06 GMT+0000 (UTC),0,,,X,-17,-46,570.5,16.8,
,,,,,,,SOLO,1782344176391,Wed Jun 24 2026 23:36:16 GMT+0000 (UTC),0,,,6,82.2,-35.6,563.9,16.8,
### next string
43 crisp,F 4,AU-LR,2130,1720,0,0
,,,,,,,SOLO,1782343448925,Wed Jun 24 2026 23:24:08 GMT+0000 (UTC),0,,sighter,2,555.9,-372.3,550.4,16.8,
,,,,,,,SOLO,1782343551686,Wed Jun 24 2026 23:25:51 GMT+0000 (UTC),0,,,6,-71.4,12.3,564.4,16.9,
,,,,,,,SOLO,1782343598916,Wed Jun 24 2026 23:26:38 GMT+0000 (UTC),0,,,6,-67.6,-108.7,552.9,16.9,
,,,,,,,SOLO,1782343633382,Wed Jun 24 2026 23:27:13 GMT+0000 (UTC),0,,,5,-142.4,-141.7,556.1,16.9,
,,,,,,,SOLO,1782343696026,Wed Jun 24 2026 23:28:16 GMT+0000 (UTC),0,,,6,-5.9,-76.4,563.1,16.9,
,,,,,,,SOLO,1782343727951,Wed Jun 24 2026 23:28:47 GMT+0000 (UTC),0,,,5,-135.5,8,560.1,16.9,
,,,,,,,SOLO,1782343774810,Wed Jun 24 2026 23:29:34 GMT+0000 (UTC),0,,,5,-166.6,-122.8,552.2,16.9,
,,,,,,,SOLO,1782343823829,Wed Jun 24 2026 23:30:23 GMT+0000 (UTC),0,,,X,-19.6,-33.7,556.1,17,
,,,,,,,SOLO,1782343847029,Wed Jun 24 2026 23:30:47 GMT+0000 (UTC),0,,,X,-24.8,-3,561.2,16.9,
,,,,,,,SOLO,1782343853296,Wed Jun 24 2026 23:30:53 GMT+0000 (UTC),0,,,6,58.7,87.3,486.5,16.9,
,,,,,,,SOLO,1782343867166,Wed Jun 24 2026 23:31:07 GMT+0000 (UTC),0,,,4,-393.4,59.7,534.9,16.9,
,,,,,,,SOLO,1782343975659,Wed Jun 24 2026 23:32:55 GMT+0000 (UTC),0,,,5,143.6,-47.5,563.2,17,
### next string
jamieson69,F 3,AU-LR,2130,1722,0,0
,,,,,,,SOLO,1782343755173,Wed Jun 24 2026 23:29:15 GMT+0000 (UTC),0,,sighter,5,-140.8,-187,498.7,16.5,
,,,,,,,SOLO,1782343786011,Wed Jun 24 2026 23:29:46 GMT+0000 (UTC),0,,sighter,6,-104.4,26.3,508.1,16.5,
,,,,,,,SOLO,1782343807692,Wed Jun 24 2026 23:30:07 GMT+0000 (UTC),0,,,X,-50.7,-23.1,503.2,16.6,
,,,,,,,SOLO,1782343823453,Wed Jun 24 2026 23:30:23 GMT+0000 (UTC),0,,,X,-0.1,49.7,505.4,16.6,
,,,,,,,SOLO,1782343838809,Wed Jun 24 2026 23:30:38 GMT+0000 (UTC),0,,,X,34.5,4.4,504.7,16.5,
,,,,,,,SOLO,1782343851239,Wed Jun 24 2026 23:30:51 GMT+0000 (UTC),0,,,5,141.3,25.2,505.6,16.5,
,,,,,,,SOLO,1782343866926,Wed Jun 24 2026 23:31:06 GMT+0000 (UTC),0,,,X,28.5,24.7,504.6,16.5,
,,,,,,,SOLO,1782343881817,Wed Jun 24 2026 23:31:21 GMT+0000 (UTC),0,,,X,36.4,23.8,501.1,16.5,
,,,,,,,SOLO,1782343895353,Wed Jun 24 2026 23:31:35 GMT+0000 (UTC),0,,,X,27.2,-27,503.5,16.5,
,,,,,,,SOLO,1782343913205,Wed Jun 24 2026 23:31:53 GMT+0000 (UTC),0,,,6,109.9,-67.2,500.7,16.5,
,,,,,,,SOLO,1782343928994,Wed Jun 24 2026 23:32:08 GMT+0000 (UTC),0,,,5,148.6,-79.5,502.4,16.6,
### next string
Maguire John 153,F 5,AU-LR,2127,1720,0,0
,,,,,,,SOLO,1782343434990,Wed Jun 24 2026 23:23:54 GMT+0000 (UTC),0,,sighter,4,266.9,121,490.4,16.2,
,,,,,,,SOLO,1782343498640,Wed Jun 24 2026 23:24:58 GMT+0000 (UTC),0,,sighter,5,-124.5,57.1,489.8,16.2,
,,,,,,,SOLO,1782343552011,Wed Jun 24 2026 23:25:52 GMT+0000 (UTC),0,,,6,-30.7,79.8,496.1,16.3,
,,,,,,,SOLO,1782343589374,Wed Jun 24 2026 23:26:29 GMT+0000 (UTC),0,,,5,-102.8,160.4,492.3,16.3,
,,,,,,,SOLO,1782343643138,Wed Jun 24 2026 23:27:23 GMT+0000 (UTC),0,,,6,-48.6,-102,482.1,16.3,
,,,,,,,SOLO,1782343676358,Wed Jun 24 2026 23:27:56 GMT+0000 (UTC),0,,,6,-13.8,79.8,489,16.4,
,,,,,,,SOLO,1782343714453,Wed Jun 24 2026 23:28:34 GMT+0000 (UTC),0,,,X,-63.4,-17.8,489.2,16.3,
,,,,,,,SOLO,1782343742659,Wed Jun 24 2026 23:29:02 GMT+0000 (UTC),0,,,6,-108.1,-58.8,483.1,16.3,
,,,,,,,SOLO,1782343772394,Wed Jun 24 2026 23:29:32 GMT+0000 (UTC),0,,,6,-115.8,-53,490.9,16.3,
,,,,,,,SOLO,1782343814446,Wed Jun 24 2026 23:30:14 GMT+0000 (UTC),0,,,X,-0.7,-60.7,486.7,16.4,
,,,,,,,missed_shot,1782343906461,Wed Jun 24 2026 23:31:46 GMT+0000 (UTC),0,,,0,0,0,0,22,
,,,,,,,SOLO,1782343917173,Wed Jun 24 2026 23:31:57 GMT+0000 (UTC),0,,,6,82.6,-68.8,487.8,16.4,
### next string
Garlick 121,F 2,AU-LR,2128,1718,0,0
,,,,,,,SOLO,1782343711292,Wed Jun 24 2026 23:28:31 GMT+0000 (UTC),0,,sighter,5,-235.5,-15.3,468.3,16.6,
,,,,,,,SOLO,1782343752487,Wed Jun 24 2026 23:29:12 GMT+0000 (UTC),0,,sighter,5,-187.5,46.5,477.4,16.6,
,,,,,,,SOLO,1782343783783,Wed Jun 24 2026 23:29:43 GMT+0000 (UTC),0,,,6,-122.8,39.6,474.8,16.6,
,,,,,,,SOLO,1782343794196,Wed Jun 24 2026 23:29:54 GMT+0000 (UTC),0,,,X,-55.7,14.9,471.9,16.6,
,,,,,,,SOLO,1782343803697,Wed Jun 24 2026 23:30:03 GMT+0000 (UTC),0,,,X,-49,-26.9,474.6,16.6,
,,,,,,,SOLO,1782343814766,Wed Jun 24 2026 23:30:14 GMT+0000 (UTC),0,,,X,63.2,12.9,475.3,16.6,
,,,,,,,SOLO,1782343824856,Wed Jun 24 2026 23:30:24 GMT+0000 (UTC),0,,,X,61.6,11.1,473.8,16.6,
,,,,,,,SOLO,1782343833194,Wed Jun 24 2026 23:30:33 GMT+0000 (UTC),0,,,6,86.7,-21.7,474.2,16.6,
,,,,,,,SOLO,1782343843819,Wed Jun 24 2026 23:30:43 GMT+0000 (UTC),0,,,6,59.7,-58.4,476.8,16.6,
,,,,,,,SOLO,1782343854893,Wed Jun 24 2026 23:30:54 GMT+0000 (UTC),0,,,X,-21.8,-14.2,477.6,16.6,
,,,,,,,SOLO,1782343864866,Wed Jun 24 2026 23:31:04 GMT+0000 (UTC),0,,,X,14.9,-24.9,479.3,16.6,
,,,,,,,SOLO,1782343874580,Wed Jun 24 2026 23:31:14 GMT+0000 (UTC),0,,,X,28.8,-52.2,473.7,16.6,
### next string
Phipps d 7,F 1,AU-LR,2129,1723,0,0
,,,,,,,SOLO,1782343452620,Wed Jun 24 2026 23:24:12 GMT+0000 (UTC),0,,sighter,5,138.5,95.3,511.2,16.4,
,,,,,,,SOLO,1782343483311,Wed Jun 24 2026 23:24:43 GMT+0000 (UTC),0,,,X,47.2,16.1,507.9,16.4,
,,,,,,,SOLO,1782343500756,Wed Jun 24 2026 23:25:00 GMT+0000 (UTC),0,,,X,-20.8,-40,506.9,16.4,
,,,,,,,SOLO,1782343521349,Wed Jun 24 2026 23:25:21 GMT+0000 (UTC),0,,,X,-29.1,-24.6,513.8,16.4,
,,,,,,,SOLO,1782343537813,Wed Jun 24 2026 23:25:37 GMT+0000 (UTC),0,,,X,-12.1,-19.5,507.6,16.4,
,,,,,,,SOLO,1782343556990,Wed Jun 24 2026 23:25:56 GMT+0000 (UTC),0,,,X,21.8,-3,506.3,16.4,
,,,,,,,SOLO,1782343583997,Wed Jun 24 2026 23:26:23 GMT+0000 (UTC),0,,,X,-43.6,21.2,508.6,16.4,
,,,,,,,SOLO,1782343600286,Wed Jun 24 2026 23:26:40 GMT+0000 (UTC),0,,,X,-10,-36.8,506.2,16.4,
,,,,,,,SOLO,1782343612982,Wed Jun 24 2026 23:26:52 GMT+0000 (UTC),0,,,X,-42,9.7,508.4,16.4,
,,,,,,,SOLO,1782343637496,Wed Jun 24 2026 23:27:17 GMT+0000 (UTC),0,,,X,14.8,-29.6,505.8,16.6,
,,,,,,,SOLO,1782343651855,Wed Jun 24 2026 23:27:31 GMT+0000 (UTC),0,,,6,60.8,-89.6,501.7,16.6,
### next string
Winkle A,F 6,AU-LR,2132,1720,0,0
,,,,,,,SOLO,1782343493973,Wed Jun 24 2026 23:24:53 GMT+0000 (UTC),0,,sighter,5,166.4,-69.9,529.7,16.4,
,,,,,,,SOLO,1782343530898,Wed Jun 24 2026 23:25:30 GMT+0000 (UTC),0,,,V,63,42,533.4,16.6,
,,,,,,,SOLO,1782343557599,Wed Jun 24 2026 23:25:57 GMT+0000 (UTC),0,,,V,-5.9,52.6,532.9,16.6,
,,,,,,,SOLO,1782343571917,Wed Jun 24 2026 23:26:11 GMT+0000 (UTC),0,,,V,-2.2,4.9,534.5,16.5,
,,,,,,,SOLO,1782343586318,Wed Jun 24 2026 23:26:26 GMT+0000 (UTC),0,,,V,-17.8,25.4,535.7,16.5,
,,,,,,,SOLO,1782343600838,Wed Jun 24 2026 23:26:40 GMT+0000 (UTC),0,,,V,-70.7,-8.2,539.6,16.5,
,,,,,,,SOLO,1782343616400,Wed Jun 24 2026 23:26:56 GMT+0000 (UTC),0,,,V,-31.5,-9.4,536.2,16.5,
,,,,,,,SOLO,1782343632202,Wed Jun 24 2026 23:27:12 GMT+0000 (UTC),0,,,V,-94.4,30.5,536.2,16.5,
,,,,,,,SOLO,1782343648496,Wed Jun 24 2026 23:27:28 GMT+0000 (UTC),0,,,V,26.2,-28.2,531.9,16.6,
,,,,,,,SOLO,1782343661693,Wed Jun 24 2026 23:27:41 GMT+0000 (UTC),0,,,V,31.6,-49.8,528.3,16.6,
,,,,,,,SOLO,1782343675103,Wed Jun 24 2026 23:27:55 GMT+0000 (UTC),0,,,5,124.7,-44.5,526.1,16.6,
### next string
Hill44,F 3,AU-LR,2130,1722,0,0
,,,,,,,SOLO,1782343339449,Wed Jun 24 2026 23:22:19 GMT+0000 (UTC),0,,sighter,5,-106.5,-219.7,574.2,16.2,
,,,,,,,SOLO,1782343375546,Wed Jun 24 2026 23:22:55 GMT+0000 (UTC),0,,,X,6.5,47.9,590.8,16.3,
,,,,,,,SOLO,1782343399306,Wed Jun 24 2026 23:23:19 GMT+0000 (UTC),0,,,6,103,-54.1,585.3,16.3,
,,,,,,,SOLO,1782343422520,Wed Jun 24 2026 23:23:42 GMT+0000 (UTC),0,,,X,53.4,26.5,584.9,16.3,
,,,,,,,SOLO,1782343445796,Wed Jun 24 2026 23:24:05 GMT+0000 (UTC),0,,,6,41.7,64.1,598.7,16.3,
,,,,,,,SOLO,1782343462409,Wed Jun 24 2026 23:24:22 GMT+0000 (UTC),0,,,6,83.4,-1,586.3,16.3,
,,,,,,,SOLO,1782343483694,Wed Jun 24 2026 23:24:43 GMT+0000 (UTC),0,,,6,-38.3,79,588,16.3,
,,,,,,,SOLO,1782343501983,Wed Jun 24 2026 23:25:01 GMT+0000 (UTC),0,,,X,25.7,31.4,585.6,16.4,
,,,,,,,SOLO,1782343555085,Wed Jun 24 2026 23:25:55 GMT+0000 (UTC),0,,,X,-35.7,23,585.8,16.4,
,,,,,,,SOLO,1782343584675,Wed Jun 24 2026 23:26:24 GMT+0000 (UTC),0,,,6,-107.8,60,590.2,16.4,
,,,,,,,SOLO,1782343604702,Wed Jun 24 2026 23:26:44 GMT+0000 (UTC),0,,,X,-38.5,19.1,583.3,16.4,
### next string
creenhill 158,F 2,AU-LR,2128,1718,0,0
,,,,,,,SOLO,1782343337557,Wed Jun 24 2026 23:22:17 GMT+0000 (UTC),0,,sighter,4,-102.7,-293.1,476.3,16.4,
,,,,,,,SOLO,1782343398666,Wed Jun 24 2026 23:23:18 GMT+0000 (UTC),0,,sighter,5,158.1,145.2,481.3,16.4,
,,,,,,,SOLO,1782343444633,Wed Jun 24 2026 23:24:04 GMT+0000 (UTC),0,,,X,5.6,-26.1,483.4,16.4,
,,,,,,,SOLO,1782343454471,Wed Jun 24 2026 23:24:14 GMT+0000 (UTC),0,,,5,45.9,-137.3,479.8,16.5,
,,,,,,,SOLO,1782343472616,Wed Jun 24 2026 23:24:32 GMT+0000 (UTC),0,,,X,-13.4,50.8,482.9,16.5,
,,,,,,,SOLO,1782343487548,Wed Jun 24 2026 23:24:47 GMT+0000 (UTC),0,,,X,-22.6,24.8,478.8,16.5,
,,,,,,,SOLO,1782343499884,Wed Jun 24 2026 23:24:59 GMT+0000 (UTC),0,,,X,62.6,4,476.3,16.5,
,,,,,,,SOLO,1782343521022,Wed Jun 24 2026 23:25:21 GMT+0000 (UTC),0,,,X,5.1,31.1,484.6,16.5,
,,,,,,,SOLO,1782343533744,Wed Jun 24 2026 23:25:33 GMT+0000 (UTC),0,,,X,-29.9,-12.5,479.7,16.5,
,,,,,,,SOLO,1782343546079,Wed Jun 24 2026 23:25:46 GMT+0000 (UTC),0,,,X,-16.1,43.3,478.8,16.5,
,,,,,,,SOLO,1782343559798,Wed Jun 24 2026 23:25:59 GMT+0000 (UTC),0,,,X,-15.3,12.2,478.2,16.5,
,,,,,,,SOLO,1782343584908,Wed Jun 24 2026 23:26:24 GMT+0000 (UTC),0,,,X,-45.4,33,480.9,16.6,
### next string
mathison a 8,F 6,AU-LR,2132,1720,0,0
,,,,,,,SOLO,1782343169390,Wed Jun 24 2026 23:19:29 GMT+0000 (UTC),0,,sighter,5,197.1,38.6,511.6,16.2,
,,,,,,,SOLO,1782343189713,Wed Jun 24 2026 23:19:49 GMT+0000 (UTC),0,,sighter,5,160.7,-39,514.9,16.2,
,,,,,,,SOLO,1782343210860,Wed Jun 24 2026 23:20:10 GMT+0000 (UTC),0,,,6,-81.4,27.9,507.2,16.2,
,,,,,,,SOLO,1782343229443,Wed Jun 24 2026 23:20:29 GMT+0000 (UTC),0,,,X,-28.9,10.1,511.8,16.2,
,,,,,,,SOLO,1782343253478,Wed Jun 24 2026 23:20:53 GMT+0000 (UTC),0,,,X,25.3,16.1,513.3,16.2,
,,,,,,,SOLO,1782343265588,Wed Jun 24 2026 23:21:05 GMT+0000 (UTC),0,,,X,39.6,-44.6,511.8,16.2,
,,,,,,,SOLO,1782343278143,Wed Jun 24 2026 23:21:18 GMT+0000 (UTC),0,,,X,-38.5,40.1,514.1,16.4,
,,,,,,,SOLO,1782343290931,Wed Jun 24 2026 23:21:30 GMT+0000 (UTC),0,,,X,-10,-22.9,506.5,16.4,
,,,,,,,SOLO,1782343305921,Wed Jun 24 2026 23:21:45 GMT+0000 (UTC),0,,,6,84.7,-83.8,509,16.4,
,,,,,,,SOLO,1782343323571,Wed Jun 24 2026 23:22:03 GMT+0000 (UTC),0,,,X,-35.3,-28,507.5,16.4,
,,,,,,,SOLO,1782343340919,Wed Jun 24 2026 23:22:20 GMT+0000 (UTC),0,,,6,84.9,73.2,508.9,16.4,
,,,,,,,SOLO,1782343357725,Wed Jun 24 2026 23:22:37 GMT+0000 (UTC),0,,,6,45.2,-69.9,505.9,16.4,
### next string
pedrana 181,F 1,AU-LR,2129,1723,0,0
,,,,,,,SOLO,1782342867792,Wed Jun 24 2026 23:14:27 GMT+0000 (UTC),0,,,6,25,-88.9,508.6,16,
,,,,,,,SOLO,1782342911793,Wed Jun 24 2026 23:15:11 GMT+0000 (UTC),0,,,X,23.8,-27,510,16,
,,,,,,,SOLO,1782342976345,Wed Jun 24 2026 23:16:16 GMT+0000 (UTC),0,,,5,85.9,-134.3,509,16,
,,,,,,,SOLO,1782343005869,Wed Jun 24 2026 23:16:45 GMT+0000 (UTC),0,,,5,169.6,-73.5,509.1,16.1,
,,,,,,,SOLO,1782343052164,Wed Jun 24 2026 23:17:32 GMT+0000 (UTC),0,,,6,76.8,-17.1,511,16.1,
,,,,,,,SOLO,1782343077316,Wed Jun 24 2026 23:17:57 GMT+0000 (UTC),0,,,5,143.9,45,514.2,16.1,
,,,,,,,SOLO,1782343109945,Wed Jun 24 2026 23:18:29 GMT+0000 (UTC),0,,,5,220.1,-77.2,508.1,16.1,
,,,,,,,SOLO,1782343188998,Wed Jun 24 2026 23:19:48 GMT+0000 (UTC),0,,,5,-16.7,-155.2,509.2,16.2,
,,,,,,,SOLO,1782343233555,Wed Jun 24 2026 23:20:33 GMT+0000 (UTC),0,,,X,13.4,26.4,509.2,16.3,
,,,,,,,SOLO,1782343261419,Wed Jun 24 2026 23:21:01 GMT+0000 (UTC),0,,,X,-35.6,-1.1,508.8,16.3,
### next string
Galea #124,F 4,AU-LR,2130,1720,0,0
,,,,,,,SOLO,1782343076590,Wed Jun 24 2026 23:17:56 GMT+0000 (UTC),0,,sighter,5,172.9,-0.5,516.8,16.4,
,,,,,,,SOLO,1782343091717,Wed Jun 24 2026 23:18:11 GMT+0000 (UTC),0,,sighter,5,178.7,-111.4,516.9,16.5,
,,,,,,,SOLO,1782343112095,Wed Jun 24 2026 23:18:32 GMT+0000 (UTC),0,,,X,-0.8,43.7,519.5,16.5,
,,,,,,,SOLO,1782343122263,Wed Jun 24 2026 23:18:42 GMT+0000 (UTC),0,,,X,-23.8,-28.5,511.5,16.5,
,,,,,,,SOLO,1782343131551,Wed Jun 24 2026 23:18:51 GMT+0000 (UTC),0,,,X,-35.5,-6,516.2,16.5,
,,,,,,,SOLO,1782343142167,Wed Jun 24 2026 23:19:02 GMT+0000 (UTC),0,,,6,-39,65.6,518.5,16.5,
,,,,,,,SOLO,1782343153799,Wed Jun 24 2026 23:19:13 GMT+0000 (UTC),0,,,X,-29,31,516.3,16.5,
,,,,,,,SOLO,1782343164948,Wed Jun 24 2026 23:19:24 GMT+0000 (UTC),0,,,X,-15.6,-6.9,521.2,16.6,
,,,,,,,SOLO,1782343175502,Wed Jun 24 2026 23:19:35 GMT+0000 (UTC),0,,,6,-85.9,-48.7,517.6,16.6,
,,,,,,,SOLO,1782343186296,Wed Jun 24 2026 23:19:46 GMT+0000 (UTC),0,,,X,-28,-21.3,517.1,16.6,
,,,,,,,SOLO,1782343197027,Wed Jun 24 2026 23:19:57 GMT+0000 (UTC),0,,,6,30.4,-74.9,516.1,16.6,
,,,,,,,SOLO,1782343208178,Wed Jun 24 2026 23:20:08 GMT+0000 (UTC),0,,,X,-8.2,-2.4,513.1,16.6,
### next string
Pearsall 40,F 5,AU-LR,2127,1720,0,0
,,,,,,,SOLO,1782342884047,Wed Jun 24 2026 23:14:44 GMT+0000 (UTC),0,,sighter,4,-165.6,225.7,628.3,15.7,
,,,,,,,SOLO,1782342926765,Wed Jun 24 2026 23:15:26 GMT+0000 (UTC),0,,,6,10.1,86.8,627.4,15.8,
,,,,,,,SOLO,1782342958015,Wed Jun 24 2026 23:15:58 GMT+0000 (UTC),0,,,6,38.4,97.7,625.4,15.8,
,,,,,,,SOLO,1782342989751,Wed Jun 24 2026 23:16:29 GMT+0000 (UTC),0,,,6,9.1,76.4,635.1,15.9,
,,,,,,,SOLO,1782343006842,Wed Jun 24 2026 23:16:46 GMT+0000 (UTC),0,,,X,-3.5,-35.7,623.8,15.9,
,,,,,,,SOLO,1782343020213,Wed Jun 24 2026 23:17:00 GMT+0000 (UTC),0,,,6,69.1,-62.3,626.4,15.9,
,,,,,,,SOLO,1782343116610,Wed Jun 24 2026 23:18:36 GMT+0000 (UTC),0,,,5,152.6,0.4,626.4,15.9,
,,,,,,,SOLO,1782343134630,Wed Jun 24 2026 23:18:54 GMT+0000 (UTC),0,,,X,-41.6,-37.2,622.8,16,
,,,,,,,SOLO,1782343145975,Wed Jun 24 2026 23:19:05 GMT+0000 (UTC),0,,,X,-54.3,-5.7,624.1,16,
,,,,,,,SOLO,1782343157581,Wed Jun 24 2026 23:19:17 GMT+0000 (UTC),0,,,X,-62,-10.4,626.1,16,
,,,,,,,SOLO,1782343170693,Wed Jun 24 2026 23:19:30 GMT+0000 (UTC),0,,,6,-35.7,-82.4,627,15.9,
### next string
sudjono 129,F 3,AU-LR,2130,1722,0,0
,,,,,,,SOLO,1782342943681,Wed Jun 24 2026 23:15:43 GMT+0000 (UTC),0,,,6,-18,-128.2,507.3,15.8,
,,,,,,,SOLO,1782342966550,Wed Jun 24 2026 23:16:06 GMT+0000 (UTC),0,,,6,78.7,-3.9,514.7,15.9,
,,,,,,,SOLO,1782342995729,Wed Jun 24 2026 23:16:35 GMT+0000 (UTC),0,,,6,-12.9,104.7,514.8,15.9,
,,,,,,,SOLO,1782343020565,Wed Jun 24 2026 23:17:00 GMT+0000 (UTC),0,,,X,2,-6.3,518.7,15.9,
,,,,,,,SOLO,1782343044696,Wed Jun 24 2026 23:17:24 GMT+0000 (UTC),0,,,X,65,17.5,510.5,16,
,,,,,,,SOLO,1782343064159,Wed Jun 24 2026 23:17:44 GMT+0000 (UTC),0,,,6,86.6,60.8,519.9,16,
,,,,,,,SOLO,1782343081912,Wed Jun 24 2026 23:18:01 GMT+0000 (UTC),0,,,5,178.6,-0.1,515.2,15.9,
,,,,,,,SOLO,1782343128134,Wed Jun 24 2026 23:18:48 GMT+0000 (UTC),0,,,6,45,91,522.2,16,
,,,,,,,SOLO,1782343151267,Wed Jun 24 2026 23:19:11 GMT+0000 (UTC),0,,,X,7,31.7,516.6,16,
,,,,,,,SOLO,1782343170943,Wed Jun 24 2026 23:19:30 GMT+0000 (UTC),0,,,X,-3,33.4,531.7,16,
### next string
,F 7,AU-LR,2268,1730,0,0
### next string
,F 9,AU-LR,2132,1720,0,0
### next string
J.Peters,F 2,AU-LR,2128,1718,0,0
,,,,,,,SOLO,1782342871437,Wed Jun 24 2026 23:14:31 GMT+0000 (UTC),0,,,6,108,25.6,567.5,16,
,,,,,,,SOLO,1782342890673,Wed Jun 24 2026 23:14:50 GMT+0000 (UTC),0,,,X,0.7,66.3,576.2,16,
,,,,,,,SOLO,1782342908709,Wed Jun 24 2026 23:15:08 GMT+0000 (UTC),0,,,6,-14.7,85.5,583.4,16,
,,,,,,,SOLO,1782342927524,Wed Jun 24 2026 23:15:27 GMT+0000 (UTC),0,,,6,14.4,88.8,580.5,16.1,
,,,,,,,SOLO,1782342944012,Wed Jun 24 2026 23:15:44 GMT+0000 (UTC),0,,,X,-67.3,-0.6,583.1,16.1,
,,,,,,,SOLO,1782342958298,Wed Jun 24 2026 23:15:58 GMT+0000 (UTC),0,,,X,22.9,-42.5,580.6,15.9,
,,,,,,,SOLO,1782342968255,Wed Jun 24 2026 23:16:08 GMT+0000 (UTC),0,,,X,-31.5,-24.9,576.1,15.9,
,,,,,,,SOLO,1782342980538,Wed Jun 24 2026 23:16:20 GMT+0000 (UTC),0,,,X,34.8,21.1,582.2,15.9,
,,,,,,,SOLO,1782342993781,Wed Jun 24 2026 23:16:33 GMT+0000 (UTC),0,,,X,-33.1,-22,579.3,16.1,
,,,,,,,SOLO,1782343004654,Wed Jun 24 2026 23:16:44 GMT+0000 (UTC),0,,,X,6.8,-38.3,580.4,16.1,
### next string
fincham J 168,F 6,AU-LR,2132,1720,0,0
,,,,,,,SOLO,1782342760134,Wed Jun 24 2026 23:12:40 GMT+0000 (UTC),0,,sighter,5,200.4,-140.6,528.7,15.9,
,,,,,,,SOLO,1782342789528,Wed Jun 24 2026 23:13:09 GMT+0000 (UTC),0,,,6,-6.1,118.8,541.1,15.9,
,,,,,,,SOLO,1782342812192,Wed Jun 24 2026 23:13:32 GMT+0000 (UTC),0,,,6,-5.3,68.1,544.8,16,
,,,,,,,SOLO,1782342831288,Wed Jun 24 2026 23:13:51 GMT+0000 (UTC),0,,,X,0.5,-36.4,546.4,16,
,,,,,,,SOLO,1782342854718,Wed Jun 24 2026 23:14:14 GMT+0000 (UTC),0,,,6,-74.4,-8.2,538.4,16,
,,,,,,,SOLO,1782342876849,Wed Jun 24 2026 23:14:36 GMT+0000 (UTC),0,,,X,-59.3,-10.8,540.8,16,
,,,,,,,SOLO,1782342896943,Wed Jun 24 2026 23:14:56 GMT+0000 (UTC),0,,,X,-21.2,-19.8,546.8,16,
,,,,,,,SOLO,1782342914250,Wed Jun 24 2026 23:15:14 GMT+0000 (UTC),0,,,6,-113.3,-42.6,540.2,16,
,,,,,,,SOLO,1782342936901,Wed Jun 24 2026 23:15:36 GMT+0000 (UTC),0,,,X,-17.2,-7,545.1,16.1,
,,,,,,,SOLO,1782342954327,Wed Jun 24 2026 23:15:54 GMT+0000 (UTC),0,,,6,-45.4,-72,535.4,16.1,
,,,,,,,SOLO,1782342977279,Wed Jun 24 2026 23:16:17 GMT+0000 (UTC),0,,,X,22.3,-11.2,542.3,16.1,
### next string
McIntosh 10,F 4,AU-LR,2130,1720,0,0
,,,,,,,SOLO,1782342383801,Wed Jun 24 2026 23:06:23 GMT+0000 (UTC),0,,sighter,4,-261.5,-143.9,488.2,16,
,,,,,,,SOLO,1782342435449,Wed Jun 24 2026 23:07:15 GMT+0000 (UTC),0,,,5,-185.7,-68.1,493.8,16,
,,,,,,,SOLO,1782342488199,Wed Jun 24 2026 23:08:08 GMT+0000 (UTC),0,,,V,-8.8,-23.7,494.4,16.1,
,,,,,,,SOLO,1782342531595,Wed Jun 24 2026 23:08:51 GMT+0000 (UTC),0,,,5,118.7,90.8,495.3,16.1,
,,,,,,,SOLO,1782342576492,Wed Jun 24 2026 23:09:36 GMT+0000 (UTC),0,,,5,-106,83.1,491.9,16.1,
,,,,,,,SOLO,1782342628607,Wed Jun 24 2026 23:10:28 GMT+0000 (UTC),0,,,V,74.3,48.1,494.9,16.1,
,,,,,,,SOLO,1782342674138,Wed Jun 24 2026 23:11:14 GMT+0000 (UTC),0,,,V,85.9,26,492.4,16.1,
,,,,,,,SOLO,1782342719035,Wed Jun 24 2026 23:11:59 GMT+0000 (UTC),0,,,V,121.2,28.9,495.1,16.3,
,,,,,,,SOLO,1782342775890,Wed Jun 24 2026 23:12:55 GMT+0000 (UTC),0,,,5,204.6,-2.8,497.7,16.2,
,,,,,,,SOLO,1782342823676,Wed Jun 24 2026 23:13:43 GMT+0000 (UTC),0,,,V,40.9,13.6,486.1,16.3,
,,,,,,,SOLO,1782342870972,Wed Jun 24 2026 23:14:30 GMT+0000 (UTC),0,,,V,70.5,-35.8,492.8,16.3,
### next string
horder 15,F 3,AU-LR,2130,1722,0,0
,,,,,,,SOLO,1782342411155,Wed Jun 24 2026 23:06:51 GMT+0000 (UTC),0,,sighter,2,383,-463.9,441.9,15.6,
,,,,,,,SOLO,1782342466608,Wed Jun 24 2026 23:07:46 GMT+0000 (UTC),0,,,V,62.1,-78,440.3,15.6,
,,,,,,,SOLO,1782342504501,Wed Jun 24 2026 23:08:24 GMT+0000 (UTC),0,,,V,68.5,-59.9,439.6,15.7,
,,,,,,,SOLO,1782342539240,Wed Jun 24 2026 23:08:59 GMT+0000 (UTC),0,,,5,77.5,228.6,441.6,15.7,
,,,,,,,SOLO,1782342579859,Wed Jun 24 2026 23:09:39 GMT+0000 (UTC),0,,,4,280.5,5.8,440.4,15.7,
,,,,,,,SOLO,1782342624576,Wed Jun 24 2026 23:10:24 GMT+0000 (UTC),0,,,4,-92.1,269,441.3,15.7,
,,,,,,,SOLO,1782342670341,Wed Jun 24 2026 23:11:10 GMT+0000 (UTC),0,,,4,350.8,-21.8,437.9,15.8,
,,,,,,,SOLO,1782342723242,Wed Jun 24 2026 23:12:03 GMT+0000 (UTC),0,,,4,-180.5,-278.3,438,15.8,
,,,,,,,SOLO,1782342759008,Wed Jun 24 2026 23:12:39 GMT+0000 (UTC),0,,,4,-264.9,90.1,438.1,15.8,
,,,,,,,SOLO,1782342805742,Wed Jun 24 2026 23:13:25 GMT+0000 (UTC),0,,,5,222.4,58.9,438,15.8,
,,,,,,,SOLO,1782342847478,Wed Jun 24 2026 23:14:07 GMT+0000 (UTC),0,,,5,-38.6,-162.3,442.9,15.8,
### next string
M Johansen 138,F 1,AU-LR,2129,1723,0,0
,,,,,,,SOLO,1782342357471,Wed Jun 24 2026 23:05:57 GMT+0000 (UTC),0,,sighter,5,-119.5,101,489.4,15.7,
,,,,,,,SOLO,1782342424950,Wed Jun 24 2026 23:07:04 GMT+0000 (UTC),0,,sighter,5,140.9,-215.4,492.1,15.7,
,,,,,,,SOLO,1782342481769,Wed Jun 24 2026 23:08:01 GMT+0000 (UTC),0,,,4,96.5,-368.6,486.6,15.8,
,,,,,,,SOLO,1782342550747,Wed Jun 24 2026 23:09:10 GMT+0000 (UTC),0,,,V,57.7,-49.9,483.4,15.8,
,,,,,,,SOLO,1782342585253,Wed Jun 24 2026 23:09:45 GMT+0000 (UTC),0,,,V,16.8,-16.9,484.1,15.8,
,,,,,,,SOLO,1782342612377,Wed Jun 24 2026 23:10:12 GMT+0000 (UTC),0,,,4,-8.7,-279.9,485.1,15.9,
,,,,,,,SOLO,1782342646877,Wed Jun 24 2026 23:10:46 GMT+0000 (UTC),0,,,V,-2.8,18.2,487.6,15.9,
,,,,,,,SOLO,1782342681747,Wed Jun 24 2026 23:11:21 GMT+0000 (UTC),0,,,5,-105.6,-184.8,478.1,15.9,
,,,,,,,SOLO,1782342715200,Wed Jun 24 2026 23:11:55 GMT+0000 (UTC),0,,,4,219.9,-229.7,482.4,15.9,
,,,,,,,SOLO,1782342751008,Wed Jun 24 2026 23:12:31 GMT+0000 (UTC),0,,,5,140,-211.4,482.5,15.9,
### next string
sipinkoski M,F 5,AU-LR,2127,1720,0,0
,,,,,,,SOLO,1782342609416,Wed Jun 24 2026 23:10:09 GMT+0000 (UTC),0,,sighter,5,-160,68,531.3,15.6,
,,,,,,,SOLO,1782342632779,Wed Jun 24 2026 23:10:32 GMT+0000 (UTC),0,,,6,-86.5,67.3,530.2,15.7,
,,,,,,,SOLO,1782342647796,Wed Jun 24 2026 23:10:47 GMT+0000 (UTC),0,,,X,8.6,47.2,533.3,15.7,
,,,,,,,SOLO,1782342659321,Wed Jun 24 2026 23:10:59 GMT+0000 (UTC),0,,,6,106.7,54.6,527.5,15.6,
,,,,,,,SOLO,1782342675247,Wed Jun 24 2026 23:11:15 GMT+0000 (UTC),0,,,X,17.6,-7.5,526.8,15.6,
,,,,,,,SOLO,1782342686173,Wed Jun 24 2026 23:11:26 GMT+0000 (UTC),0,,,X,17.2,31.3,535.6,15.6,
,,,,,,,SOLO,1782342696209,Wed Jun 24 2026 23:11:36 GMT+0000 (UTC),0,,,X,40.7,-14.5,528.4,15.6,
,,,,,,,SOLO,1782342707468,Wed Jun 24 2026 23:11:47 GMT+0000 (UTC),0,,,6,123.4,-13.9,526.9,15.6,
,,,,,,,SOLO,1782342720621,Wed Jun 24 2026 23:12:00 GMT+0000 (UTC),0,,,X,-14.3,1.4,534.9,15.6,
,,,,,,,SOLO,1782342730706,Wed Jun 24 2026 23:12:10 GMT+0000 (UTC),0,,,X,26.7,-27.5,531.2,15.6,
,,,,,,,SOLO,1782342740896,Wed Jun 24 2026 23:12:20 GMT+0000 (UTC),0,,,6,114.3,-53.3,528.3,15.6,
### next string
m.magill,F 2,AU-LR,2128,1718,0,0
,,,,,,,SOLO,1782342358841,Wed Jun 24 2026 23:05:58 GMT+0000 (UTC),0,,sighter,5,60.9,-125,515.7,15.7,
,,,,,,,SOLO,1782342431828,Wed Jun 24 2026 23:07:11 GMT+0000 (UTC),0,,,6,-12.4,-102.6,521.1,15.8,
,,,,,,,SOLO,1782342473986,Wed Jun 24 2026 23:07:53 GMT+0000 (UTC),0,,,6,102.2,-60.1,517.4,15.8,
,,,,,,,SOLO,1782342501480,Wed Jun 24 2026 23:08:21 GMT+0000 (UTC),0,,,X,13.8,-32,516.2,15.8,
,,,,,,,SOLO,1782342539779,Wed Jun 24 2026 23:08:59 GMT+0000 (UTC),0,,,6,-58.8,-94.6,515,15.9,
,,,,,,,SOLO,1782342562909,Wed Jun 24 2026 23:09:22 GMT+0000 (UTC),0,,,X,36.6,19.8,522.8,15.8,
,,,,,,,SOLO,1782342587094,Wed Jun 24 2026 23:09:47 GMT+0000 (UTC),0,,,X,50,-21.8,516.8,15.9,
,,,,,,,SOLO,1782342606625,Wed Jun 24 2026 23:10:06 GMT+0000 (UTC),0,,,6,128.1,-26.7,515.1,15.9,
,,,,,,,SOLO,1782342673622,Wed Jun 24 2026 23:11:13 GMT+0000 (UTC),0,,,6,-4.5,-74.7,513.7,15.9,
,,,,,,,SOLO,1782342687507,Wed Jun 24 2026 23:11:27 GMT+0000 (UTC),0,,,6,8.2,91.9,519.9,15.9,
,,,,,,,SOLO,1782342760521,Wed Jun 24 2026 23:12:40 GMT+0000 (UTC),0,,,5,174.9,-39.1,509.8,15.9,
### next string
austen C 106,F 6,AU-LR,2132,1720,0,0
,,,,,,,SOLO,1782342368800,Wed Jun 24 2026 23:06:08 GMT+0000 (UTC),0,,sighter,4,-227.7,-333.6,530.2,15.7,
,,,,,,,SOLO,1782342422417,Wed Jun 24 2026 23:07:02 GMT+0000 (UTC),0,,sighter,5,186.5,-56.8,527,15.8,
,,,,,,,SOLO,1782342462427,Wed Jun 24 2026 23:07:42 GMT+0000 (UTC),0,,,6,125.5,17.9,527.9,15.8,
,,,,,,,SOLO,1782342490840,Wed Jun 24 2026 23:08:10 GMT+0000 (UTC),0,,,6,15.2,-81.3,527.2,15.8,
,,,,,,,SOLO,1782342513218,Wed Jun 24 2026 23:08:33 GMT+0000 (UTC),0,,,X,-44.3,30.7,526.9,15.8,
,,,,,,,SOLO,1782342531179,Wed Jun 24 2026 23:08:51 GMT+0000 (UTC),0,,,X,8.6,-42.9,525.2,15.8,
,,,,,,,SOLO,1782342554398,Wed Jun 24 2026 23:09:14 GMT+0000 (UTC),0,,,6,71.6,49.2,526,15.8,
,,,,,,,SOLO,1782342583570,Wed Jun 24 2026 23:09:43 GMT+0000 (UTC),0,,,6,108.1,8.4,534.1,15.8,
,,,,,,,SOLO,1782342608385,Wed Jun 24 2026 23:10:08 GMT+0000 (UTC),0,,,6,-62.1,-36.4,523.5,15.8,
,,,,,,,SOLO,1782342631348,Wed Jun 24 2026 23:10:31 GMT+0000 (UTC),0,,,X,-27.3,0.9,524.8,15.8,
,,,,,,,SOLO,1782342651497,Wed Jun 24 2026 23:10:51 GMT+0000 (UTC),0,,,X,3,25.4,527.7,15.9,
,,,,,,,SOLO,1782342671493,Wed Jun 24 2026 23:11:11 GMT+0000 (UTC),0,,,6,-80,-42.5,524.4,15.9,
### next string
Schwebel 6,F 5,AU-LR,2127,1720,0,0
,,,,,,,SOLO,1782342255420,Wed Jun 24 2026 23:04:15 GMT+0000 (UTC),0,,,V,-80.7,-55.3,497.9,15.4,
,,,,,,,SOLO,1782342288089,Wed Jun 24 2026 23:04:48 GMT+0000 (UTC),0,,,V,-52.3,-18.7,501.5,15.4,
,,,,,,,SOLO,1782342315732,Wed Jun 24 2026 23:05:15 GMT+0000 (UTC),0,,,V,66.9,-44.2,505.6,15.4,
,,,,,,,SOLO,1782342341761,Wed Jun 24 2026 23:05:41 GMT+0000 (UTC),0,,,V,-38.7,39.9,505.7,15.4,
,,,,,,,SOLO,1782342364382,Wed Jun 24 2026 23:06:04 GMT+0000 (UTC),0,,,5,113.5,-81.4,501,15.5,
,,,,,,,SOLO,1782342396532,Wed Jun 24 2026 23:06:36 GMT+0000 (UTC),0,,,5,138.2,-62.9,504.5,15.5,
,,,,,,,SOLO,1782342430026,Wed Jun 24 2026 23:07:10 GMT+0000 (UTC),0,,,V,-22.4,-51.4,498.4,15.5,
,,,,,,,SOLO,1782342454361,Wed Jun 24 2026 23:07:34 GMT+0000 (UTC),0,,,V,-25.9,12.9,504.2,15.5,
,,,,,,,SOLO,1782342477823,Wed Jun 24 2026 23:07:57 GMT+0000 (UTC),0,,,5,107.6,-111.5,501.8,15.5,
,,,,,,,SOLO,1782342510548,Wed Jun 24 2026 23:08:30 GMT+0000 (UTC),0,,,V,26.4,-41.3,494.6,15.6,
### next string
,F 4,AU-600m,2130,1720,0,0
### next string
,F 3,AU-600m,2130,1722,0,0
### next string
,F 5,AU-600m,2127,1720,0,0
### next string
,F 2,AU-600m,2128,1718,0,0
### next string
,F 1,AU-600m,2129,1723,0,0
### next string
,F 6,AU-600m,2132,1720,0,0
### next string
,F 8,AU-600m,2268,1732,0,0
### next string
,F 9,AU-600m,2132,1720,0,0
### next string
,F 7,AU-600m,2268,1730,0,0
### next string
,F 5,AU-600m,2127,1720,0,0
### next string
,F 2,AU-600m,2128,1718,0,0
### next string
,F 1,AU-600m,2129,1723,0,0
### next string
,F 6,AU-600m,2132,1720,0,0
### next string
Kothari O,F 4,AU-600m,2130,1720,0,0
,,,,,,,SOLO,1782281449631,Wed Jun 24 2026 06:10:49 GMT+0000 (UTC),0,,sighter,V,-57.2,16,509.2,20.6,
,,,,,,,SOLO,1782281484516,Wed Jun 24 2026 06:11:24 GMT+0000 (UTC),0,,sighter,4,-185.3,-139.7,509.6,20.4,
,,,,,,,SOLO,1782281513575,Wed Jun 24 2026 06:11:53 GMT+0000 (UTC),0,,,V,-70.8,-38.4,507.4,20.4,
,,,,,,,SOLO,1782281561926,Wed Jun 24 2026 06:12:41 GMT+0000 (UTC),0,,,5,-101.8,110.7,514.9,20.4,
,,,,,,,SOLO,1782281617280,Wed Jun 24 2026 06:13:37 GMT+0000 (UTC),0,,,4,-213.6,33.7,516.5,20.4,
,,,,,,,SOLO,1782281663252,Wed Jun 24 2026 06:14:23 GMT+0000 (UTC),0,,,4,-218.2,-98.9,504.5,20.4,
,,,,,,,SOLO,1782281777447,Wed Jun 24 2026 06:16:17 GMT+0000 (UTC),0,,,V,61.1,-2,503,20.1,
,,,,,,,SOLO,1782281812353,Wed Jun 24 2026 06:16:52 GMT+0000 (UTC),0,,,4,-180.6,45.3,512.4,20.1,
,,,,,,,SOLO,1782281854711,Wed Jun 24 2026 06:17:34 GMT+0000 (UTC),0,,,5,-128.6,78.9,509.2,20.1,
,,,,,,,SOLO,1782281906642,Wed Jun 24 2026 06:18:26 GMT+0000 (UTC),0,,,V,9.7,-79.5,512.1,20.1,
,,,,,,,SOLO,1782281941234,Wed Jun 24 2026 06:19:01 GMT+0000 (UTC),0,,,5,-111.3,66.5,513,20.1,
,,,,,,,SOLO,1782281968750,Wed Jun 24 2026 06:19:28 GMT+0000 (UTC),0,,,5,124.4,94.7,511.6,20,
### next string
Zeeshan M,F 3,AU-600m,2130,1722,0,0
,,,,,,,SOLO,1782281434415,Wed Jun 24 2026 06:10:34 GMT+0000 (UTC),0,,sighter,4,89.8,-138,506.5,20.1,
,,,,,,,SOLO,1782281532630,Wed Jun 24 2026 06:12:12 GMT+0000 (UTC),0,,,5,13.5,-156.7,511.3,20.1,
,,,,,,,SOLO,1782281586225,Wed Jun 24 2026 06:13:06 GMT+0000 (UTC),0,,,4,-219.3,31.7,507.6,20.1,
,,,,,,,SOLO,1782281673867,Wed Jun 24 2026 06:14:33 GMT+0000 (UTC),0,,,5,147.2,-13.1,509.1,19.9,
,,,,,,,SOLO,1782281741153,Wed Jun 24 2026 06:15:41 GMT+0000 (UTC),0,,,5,139.2,64.7,507.1,19.8,
,,,,,,,SOLO,1782281770470,Wed Jun 24 2026 06:16:10 GMT+0000 (UTC),0,,,V,-51.3,-45.9,511.2,19.8,
,,,,,,,SOLO,1782281796060,Wed Jun 24 2026 06:16:36 GMT+0000 (UTC),0,,,5,83.2,37.8,513.8,19.7,
,,,,,,,SOLO,1782281834814,Wed Jun 24 2026 06:17:14 GMT+0000 (UTC),0,,,V,41.8,13,511,19.7,
,,,,,,,SOLO,1782281881242,Wed Jun 24 2026 06:18:01 GMT+0000 (UTC),0,,,5,137.1,46.6,509.3,19.7,
,,,,,,,SOLO,1782281931966,Wed Jun 24 2026 06:18:51 GMT+0000 (UTC),0,,,4,130.1,144.2,510.1,19.6,
,,,,,,,SOLO,1782281988276,Wed Jun 24 2026 06:19:48 GMT+0000 (UTC),0,,,5,107.9,84.3,505,19.6,
### next string
Trinh O,F 5,AU-600m,2127,1720,0,0
,,,,,,,SOLO,1782281258202,Wed Jun 24 2026 06:07:38 GMT+0000 (UTC),0,,sighter,3,-149.9,-430.4,512,19.9,
,,,,,,,SOLO,1782281305403,Wed Jun 24 2026 06:08:25 GMT+0000 (UTC),0,,sighter,4,21.9,264,511.8,19.9,
,,,,,,,SOLO,1782281347472,Wed Jun 24 2026 06:09:07 GMT+0000 (UTC),0,,,4,202.2,31.4,512.4,19.8,
,,,,,,,SOLO,1782281369401,Wed Jun 24 2026 06:09:29 GMT+0000 (UTC),0,,,4,150.6,111.1,510.4,19.8,
,,,,,,,SOLO,1782281407921,Wed Jun 24 2026 06:10:07 GMT+0000 (UTC),0,,,4,140.3,111.5,515,19.8,
,,,,,,,SOLO,1782281441831,Wed Jun 24 2026 06:10:41 GMT+0000 (UTC),0,,,5,-122.7,106.6,505.8,19.7,
,,,,,,,SOLO,1782281475104,Wed Jun 24 2026 06:11:15 GMT+0000 (UTC),0,,,4,-49.4,-312.2,509.9,19.7,
,,,,,,,SOLO,1782281502178,Wed Jun 24 2026 06:11:42 GMT+0000 (UTC),0,,,5,8.3,-90.1,513.6,19.7,
,,,,,,,SOLO,1782281542012,Wed Jun 24 2026 06:12:22 GMT+0000 (UTC),0,,,V,-72.2,-8.6,510.7,19.7,
,,,,,,,SOLO,1782281568598,Wed Jun 24 2026 06:12:48 GMT+0000 (UTC),0,,,V,-35.5,-74.6,507.2,19.7,
,,,,,,,SOLO,1782281602040,Wed Jun 24 2026 06:13:22 GMT+0000 (UTC),0,,,5,-113.8,-113,512.1,19.7,
,,,,,,,SOLO,1782281632981,Wed Jun 24 2026 06:13:52 GMT+0000 (UTC),0,,,4,-136.8,-102.4,506,19.6,
### next string
winkel 35,F 2,AU-600m,2128,1718,0,0
,,,,,,,SOLO,1782281374873,Wed Jun 24 2026 06:09:34 GMT+0000 (UTC),0,,,V,9.1,37,554.3,20.3,
,,,,,,,SOLO,1782281391407,Wed Jun 24 2026 06:09:51 GMT+0000 (UTC),0,,,5,39.8,121.1,565,20.2,
,,,,,,,SOLO,1782281425691,Wed Jun 24 2026 06:10:25 GMT+0000 (UTC),0,,,V,-22.3,49.2,558.5,20.2,
,,,,,,,SOLO,1782281457799,Wed Jun 24 2026 06:10:57 GMT+0000 (UTC),0,,,5,42.1,95.2,556.3,20.2,
,,,,,,,SOLO,1782281476328,Wed Jun 24 2026 06:11:16 GMT+0000 (UTC),0,,,V,-38.6,6.9,558.5,20.2,
,,,,,,,SOLO,1782281491667,Wed Jun 24 2026 06:11:31 GMT+0000 (UTC),0,,,V,38,6.5,553.7,20.1,
,,,,,,,SOLO,1782281507043,Wed Jun 24 2026 06:11:47 GMT+0000 (UTC),0,,,5,-57,76.7,556.4,20.1,
,,,,,,,SOLO,1782281524455,Wed Jun 24 2026 06:12:04 GMT+0000 (UTC),0,,,V,-26.9,-70.2,555.8,20.1,
,,,,,,,SOLO,1782281540939,Wed Jun 24 2026 06:12:20 GMT+0000 (UTC),0,,,V,-49.5,13.7,558.4,20.1,
,,,,,,,SOLO,1782281557587,Wed Jun 24 2026 06:12:37 GMT+0000 (UTC),0,,,V,55.7,5.2,553.2,20.1,
### next string
Callan O 11 M4,F 1,AU-600m,2129,1723,0,0
,,,,,,,SOLO,1782281259123,Wed Jun 24 2026 06:07:39 GMT+0000 (UTC),0,,sighter,4,166.6,85.8,609.5,20.3,
,,,,,,,SOLO,1782281284477,Wed Jun 24 2026 06:08:04 GMT+0000 (UTC),0,,,6,-21.4,42.8,610.6,20.3,
,,,,,,,SOLO,1782281301197,Wed Jun 24 2026 06:08:21 GMT+0000 (UTC),0,,,5,7.7,-94,609.4,20.3,
,,,,,,,SOLO,1782281325578,Wed Jun 24 2026 06:08:45 GMT+0000 (UTC),0,,,X,-9.6,-18.4,607.6,20.3,
,,,,,,,SOLO,1782281339009,Wed Jun 24 2026 06:08:59 GMT+0000 (UTC),0,,,6,-73.3,-34.8,612.1,20.3,
,,,,,,,SOLO,1782281353672,Wed Jun 24 2026 06:09:13 GMT+0000 (UTC),0,,,X,-20.2,-16.4,613.6,20.3,
,,,,,,,SOLO,1782281365326,Wed Jun 24 2026 06:09:25 GMT+0000 (UTC),0,,,X,-11.1,-37.8,611.7,20.3,
,,,,,,,SOLO,1782281378563,Wed Jun 24 2026 06:09:38 GMT+0000 (UTC),0,,,X,2.2,15.8,618.2,20.3,
,,,,,,,SOLO,1782281390422,Wed Jun 24 2026 06:09:50 GMT+0000 (UTC),0,,,6,51,-41.1,620.9,20.3,
,,,,,,,SOLO,1782281403142,Wed Jun 24 2026 06:10:03 GMT+0000 (UTC),0,,,6,-26.1,-37.6,616.6,20.3,
,,,,,,,SOLO,1782281416042,Wed Jun 24 2026 06:10:16 GMT+0000 (UTC),0,,,6,-27.3,-65.1,611.5,20.3,
### next string
Sperring 83,F 2,AU-600m,2128,1718,0,0
,,,,,,,SOLO,1782280889631,Wed Jun 24 2026 06:01:29 GMT+0000 (UTC),0,,sighter,5,131.8,29.7,512.1,20.6,
,,,,,,,SOLO,1782280938367,Wed Jun 24 2026 06:02:18 GMT+0000 (UTC),0,,sighter,3,-346.7,5.1,519.5,20.6,
,,,,,,,SOLO,1782280978192,Wed Jun 24 2026 06:02:58 GMT+0000 (UTC),0,,,6,-19.5,50.3,516.7,20.6,
,,,,,,,SOLO,1782281009597,Wed Jun 24 2026 06:03:29 GMT+0000 (UTC),0,,,5,104.5,9.4,516.4,20.5,
,,,,,,,SOLO,1782281032370,Wed Jun 24 2026 06:03:52 GMT+0000 (UTC),0,,,6,64.7,-8.4,510.7,20.5,
,,,,,,,SOLO,1782281060228,Wed Jun 24 2026 06:04:20 GMT+0000 (UTC),0,,,6,28.4,34,521.3,20.5,
,,,,,,,SOLO,1782281080591,Wed Jun 24 2026 06:04:40 GMT+0000 (UTC),0,,,5,123,15.3,515.2,20.5,
,,,,,,,SOLO,1782281101505,Wed Jun 24 2026 06:05:01 GMT+0000 (UTC),0,,,5,80.5,109.8,520.2,20.4,
,,,,,,,SOLO,1782281131519,Wed Jun 24 2026 06:05:31 GMT+0000 (UTC),0,,,4,169.2,-13.3,518,20.4,
,,,,,,,SOLO,1782281158552,Wed Jun 24 2026 06:05:58 GMT+0000 (UTC),0,,,6,50.9,-0.2,513,20.4,
,,,,,,,SOLO,1782281190500,Wed Jun 24 2026 06:06:30 GMT+0000 (UTC),0,,,6,35.2,-55,523.5,20.3,
,,,,,,,SOLO,1782281215917,Wed Jun 24 2026 06:06:55 GMT+0000 (UTC),0,,,5,151.1,18.9,520.8,20.3,
### next string
Sonnenberg A,F 5,AU-600m,2127,1720,0,0
,,,,,,,SOLO,1782280384814,Wed Jun 24 2026 05:53:04 GMT+0000 (UTC),0,,sighter,5,152.9,42.8,556.4,20.3,
,,,,,,,SOLO,1782280479348,Wed Jun 24 2026 05:54:39 GMT+0000 (UTC),0,,,V,-41.3,-22.2,559.4,20.3,
,,,,,,,SOLO,1782280594927,Wed Jun 24 2026 05:56:34 GMT+0000 (UTC),0,,,5,-85.3,-59.2,555.5,20.3,
,,,,,,,SOLO,1782280622183,Wed Jun 24 2026 05:57:02 GMT+0000 (UTC),0,,,V,58,24.2,558.4,20.3,
,,,,,,,SOLO,1782280637068,Wed Jun 24 2026 05:57:17 GMT+0000 (UTC),0,,,5,42.8,78.5,566.1,20.3,
,,,,,,,SOLO,1782280689404,Wed Jun 24 2026 05:58:09 GMT+0000 (UTC),0,,,5,-65.3,58.2,563.8,20.3,
,,,,,,,SOLO,1782280723060,Wed Jun 24 2026 05:58:43 GMT+0000 (UTC),0,,,2,29.7,-545.5,517.2,20.3,
,,,,,,,SOLO,1782280790016,Wed Jun 24 2026 05:59:50 GMT+0000 (UTC),0,,,5,-104.5,23.4,560.6,20.3,
,,,,,,,SOLO,1782280817588,Wed Jun 24 2026 06:00:17 GMT+0000 (UTC),0,,,5,60,129.2,564.3,20.3,
,,,,,,,SOLO,1782280855979,Wed Jun 24 2026 06:00:55 GMT+0000 (UTC),0,,,V,-68.4,-1.1,562.8,20.2,
,,,,,,,SOLO,1782280983610,Wed Jun 24 2026 06:03:03 GMT+0000 (UTC),0,,,V,-16.6,3.9,555.9,20.1,
### next string
Bartlett 141,F 2,AU-600m,2128,1718,0,0
,,,,,,,SOLO,1782280455035,Wed Jun 24 2026 05:54:15 GMT+0000 (UTC),0,,sighter,5,52.6,-75.5,541.2,20.8,
,,,,,,,SOLO,1782280503075,Wed Jun 24 2026 05:55:03 GMT+0000 (UTC),0,,,6,65.8,44.2,548.1,20.8,
,,,,,,,SOLO,1782280538277,Wed Jun 24 2026 05:55:38 GMT+0000 (UTC),0,,,5,-79.1,80.6,546.6,20.7,
,,,,,,,SOLO,1782280590469,Wed Jun 24 2026 05:56:30 GMT+0000 (UTC),0,,,X,17.4,-7,546.3,20.7,
,,,,,,,SOLO,1782280613474,Wed Jun 24 2026 05:56:53 GMT+0000 (UTC),0,,,X,-14.5,-32.6,539.3,20.7,
,,,,,,,SOLO,1782280629101,Wed Jun 24 2026 05:57:09 GMT+0000 (UTC),0,,,6,41.1,-19.9,546.2,20.7,
,,,,,,,SOLO,1782280653469,Wed Jun 24 2026 05:57:33 GMT+0000 (UTC),0,,,X,34.1,-20.4,542.7,20.7,
,,,,,,,SOLO,1782280675102,Wed Jun 24 2026 05:57:55 GMT+0000 (UTC),0,,,6,39.4,-60.5,542.5,20.7,
,,,,,,,SOLO,1782280715794,Wed Jun 24 2026 05:58:35 GMT+0000 (UTC),0,,,6,20.4,-78,543.3,20.6,
,,,,,,,SOLO,1782280740849,Wed Jun 24 2026 05:59:00 GMT+0000 (UTC),0,,,6,73.6,-9.2,544.1,20.6,
,,,,,,,SOLO,1782280768559,Wed Jun 24 2026 05:59:28 GMT+0000 (UTC),0,,,5,-86.2,0.3,542.6,20.6,
### next string
D Lancaster,F 3,AU-600m,2130,1722,0,0
,,,,,,,SOLO,1782280404330,Wed Jun 24 2026 05:53:24 GMT+0000 (UTC),0,,sighter,4,163.9,34,600.8,20.7,
,,,,,,,SOLO,1782280445526,Wed Jun 24 2026 05:54:05 GMT+0000 (UTC),0,,sighter,4,146.9,111.3,597.1,20.6,
,,,,,,,SOLO,1782280496606,Wed Jun 24 2026 05:54:56 GMT+0000 (UTC),0,,,V,-10,-74.6,589.6,20.6,
,,,,,,,SOLO,1782280531900,Wed Jun 24 2026 05:55:31 GMT+0000 (UTC),0,,,V,17.9,-51.6,581.9,20.7,
,,,,,,,SOLO,1782280557052,Wed Jun 24 2026 05:55:57 GMT+0000 (UTC),0,,,V,2.7,64.9,588.5,20.7,
,,,,,,,SOLO,1782280570899,Wed Jun 24 2026 05:56:10 GMT+0000 (UTC),0,,,5,95.5,-28.8,588.5,20.7,
,,,,,,,SOLO,1782280593900,Wed Jun 24 2026 05:56:33 GMT+0000 (UTC),0,,,V,54.8,8.8,593.4,20.7,
,,,,,,,SOLO,1782280606781,Wed Jun 24 2026 05:56:46 GMT+0000 (UTC),0,,,V,24.2,-72.2,583.1,20.7,
,,,,,,,SOLO,1782280637918,Wed Jun 24 2026 05:57:17 GMT+0000 (UTC),0,,,5,-27.5,-85.6,586.9,20.6,
,,,,,,,SOLO,1782280654056,Wed Jun 24 2026 05:57:34 GMT+0000 (UTC),0,,,5,-13.8,-118.5,585.4,20.6,
,,,,,,,SOLO,1782280677950,Wed Jun 24 2026 05:57:57 GMT+0000 (UTC),0,,,V,-43.1,-21.2,588.8,20.6,
,,,,,,,SOLO,1782280693547,Wed Jun 24 2026 05:58:13 GMT+0000 (UTC),0,,,V,68.7,3,589.2,20.6,
### next string
M Shelley,F 3,AU-600m,2130,1722,0,0
,,,,,,,SOLO,1782279969044,Wed Jun 24 2026 05:46:09 GMT+0000 (UTC),0,,,V,2.6,-2.5,536.6,20.8,
,,,,,,,SOLO,1782280029376,Wed Jun 24 2026 05:47:09 GMT+0000 (UTC),0,,,5,-48.3,89.6,542.2,20.8,
,,,,,,,SOLO,1782280071666,Wed Jun 24 2026 05:47:51 GMT+0000 (UTC),0,,,5,-40.9,-82.5,536,20.9,
,,,,,,,SOLO,1782280095357,Wed Jun 24 2026 05:48:15 GMT+0000 (UTC),0,,,5,-143.5,35.7,538.3,20.9,
,,,,,,,SOLO,1782280143600,Wed Jun 24 2026 05:49:03 GMT+0000 (UTC),0,,,5,109.5,106.2,536.6,20.9,
,,,,,,,SOLO,1782280188661,Wed Jun 24 2026 05:49:48 GMT+0000 (UTC),0,,,V,56.2,-23,536.3,20.9,
,,,,,,,SOLO,1782280214579,Wed Jun 24 2026 05:50:14 GMT+0000 (UTC),0,,,V,-4.7,75.1,537.7,20.9,
,,,,,,,SOLO,1782280244489,Wed Jun 24 2026 05:50:44 GMT+0000 (UTC),0,,,5,-64,74.9,544.8,20.9,
,,,,,,,SOLO,1782280268593,Wed Jun 24 2026 05:51:08 GMT+0000 (UTC),0,,,V,53.9,18.6,535.4,20.9,
,,,,,,,SOLO,1782280307731,Wed Jun 24 2026 05:51:47 GMT+0000 (UTC),0,,,5,125.2,13.7,535.4,20.9,
### next string
43 crisp,F 2,AU-600m,2128,1718,0,0
,,,,,,,SOLO,1782279504344,Wed Jun 24 2026 05:38:24 GMT+0000 (UTC),0,,sighter,4,-184.3,72.5,581.6,20.4,
,,,,,,,SOLO,1782279553190,Wed Jun 24 2026 05:39:13 GMT+0000 (UTC),0,,sighter,2,-552.2,49.1,577.8,20.4,
,,,,,,,SOLO,1782279681464,Wed Jun 24 2026 05:41:21 GMT+0000 (UTC),0,,,5,-94.4,102.3,555.5,20.6,
,,,,,,,SOLO,1782279911261,Wed Jun 24 2026 05:45:11 GMT+0000 (UTC),0,,,6,47.5,-44.1,596.9,20.9,
,,,,,,,SOLO,1782279937489,Wed Jun 24 2026 05:45:37 GMT+0000 (UTC),0,,,5,155.8,25.6,590,20.9,
,,,,,,,SOLO,1782279982320,Wed Jun 24 2026 05:46:22 GMT+0000 (UTC),0,,,5,113.5,-5.9,585.5,20.9,
,,,,,,,SOLO,1782280045256,Wed Jun 24 2026 05:47:25 GMT+0000 (UTC),0,,,5,86.1,-116.4,575.4,20.9,
,,,,,,,SOLO,1782280089483,Wed Jun 24 2026 05:48:09 GMT+0000 (UTC),0,,,5,63.5,97.8,591.2,20.9,
,,,,,,,SOLO,1782280158797,Wed Jun 24 2026 05:49:18 GMT+0000 (UTC),0,,,6,50.2,-43.9,580.8,20.9,
,,,,,,,SOLO,1782280196441,Wed Jun 24 2026 05:49:56 GMT+0000 (UTC),0,,,5,51.9,69.7,590.7,20.9,
,,,,,,,SOLO,1782280249112,Wed Jun 24 2026 05:50:49 GMT+0000 (UTC),0,,,6,-39.5,-52.1,576.8,21,
,,,,,,,SOLO,1782280298328,Wed Jun 24 2026 05:51:38 GMT+0000 (UTC),0,,,5,117,0.7,575.3,21,
### next string
d hutton,F 5,AU-600m,2127,1720,0,0
,,,,,,,SOLO,1782279577046,Wed Jun 24 2026 05:39:37 GMT+0000 (UTC),0,,sighter,4,-260.3,35.8,517.5,20,
,,,,,,,SOLO,1782279693638,Wed Jun 24 2026 05:41:33 GMT+0000 (UTC),0,,sighter,3,411.1,-132.2,520.3,20.1,
,,,,,,,SOLO,1782279767574,Wed Jun 24 2026 05:42:47 GMT+0000 (UTC),0,,,V,0.8,28.3,520.5,20.3,
,,,,,,,SOLO,1782279811794,Wed Jun 24 2026 05:43:31 GMT+0000 (UTC),0,,,4,197.3,55,529.4,20.3,
,,,,,,,SOLO,1782279879301,Wed Jun 24 2026 05:44:39 GMT+0000 (UTC),0,,,5,84.2,-113.7,519.1,20.3,
,,,,,,,SOLO,1782279925874,Wed Jun 24 2026 05:45:25 GMT+0000 (UTC),0,,,V,-12.9,41,526.7,20.3,
,,,,,,,SOLO,1782279966904,Wed Jun 24 2026 05:46:06 GMT+0000 (UTC),0,,,V,-18.4,5.7,518.9,20.3,
,,,,,,,SOLO,1782280034997,Wed Jun 24 2026 05:47:14 GMT+0000 (UTC),0,,,4,107.2,185.8,517.8,20.3,
,,,,,,,SOLO,1782280083370,Wed Jun 24 2026 05:48:03 GMT+0000 (UTC),0,,,5,-83.5,-129.8,530.7,20.5,
,,,,,,,SOLO,1782280127535,Wed Jun 24 2026 05:48:47 GMT+0000 (UTC),0,,,4,-174.8,-81.1,526.5,20.5,
,,,,,,,SOLO,1782280217746,Wed Jun 24 2026 05:50:17 GMT+0000 (UTC),0,,,4,-174.8,-75.9,519.6,20.5,
,,,,,,,SOLO,1782280242083,Wed Jun 24 2026 05:50:42 GMT+0000 (UTC),0,,,5,-77.7,34.2,522.2,20.5,
### next string
p Rodham 26679,F 1,AU-600m,2129,1723,0,0
,,,,,,,SOLO,1782279514275,Wed Jun 24 2026 05:38:34 GMT+0000 (UTC),0,,sighter,2,-605,27.8,565.2,20.3,
,,,,,,,SOLO,1782279549436,Wed Jun 24 2026 05:39:09 GMT+0000 (UTC),0,,sighter,2,582.3,-64.9,558.6,20.4,
,,,,,,,SOLO,1782279587120,Wed Jun 24 2026 05:39:47 GMT+0000 (UTC),0,,,4,191.8,-16.6,556,20.4,
,,,,,,,SOLO,1782279620382,Wed Jun 24 2026 05:40:20 GMT+0000 (UTC),0,,,4,-250.5,-67.6,563.4,20.6,
,,,,,,,SOLO,1782279652722,Wed Jun 24 2026 05:40:52 GMT+0000 (UTC),0,,,V,-36.1,-14.9,556.8,20.6,
,,,,,,,SOLO,1782279928038,Wed Jun 24 2026 05:45:28 GMT+0000 (UTC),0,,,5,-149.2,25.4,559.2,20.7,
,,,,,,,SOLO,1782279947463,Wed Jun 24 2026 05:45:47 GMT+0000 (UTC),0,,,5,-111.8,0.5,562.4,20.7,
,,,,,,,SOLO,1782279969899,Wed Jun 24 2026 05:46:09 GMT+0000 (UTC),0,,,5,97.9,-72.9,567.6,20.7,
,,,,,,,SOLO,1782279993366,Wed Jun 24 2026 05:46:33 GMT+0000 (UTC),0,,,5,-128.5,29.7,566,20.7,
,,,,,,,SOLO,1782280021108,Wed Jun 24 2026 05:47:01 GMT+0000 (UTC),0,,,5,148.9,16.7,565.9,20.8,
,,,,,,,SOLO,1782280042622,Wed Jun 24 2026 05:47:22 GMT+0000 (UTC),0,,,4,296.1,-24.5,562.5,20.8,
,,,,,,,SOLO,1782280069533,Wed Jun 24 2026 05:47:49 GMT+0000 (UTC),0,,,5,71.5,-63.4,559.5,20.8,
### next string
Maguire john,F 3,AU-600m,2130,1722,0,0
,,,,,,,SOLO,1782279418202,Wed Jun 24 2026 05:36:58 GMT+0000 (UTC),0,,sighter,4,263.2,6.6,541.8,20.2,
,,,,,,,SOLO,1782279466243,Wed Jun 24 2026 05:37:46 GMT+0000 (UTC),0,,sighter,5,53.1,100.5,549.5,20.2,
,,,,,,,SOLO,1782279506631,Wed Jun 24 2026 05:38:26 GMT+0000 (UTC),0,,,5,-69.9,-67.7,544.3,20.4,
,,,,,,,SOLO,1782279539124,Wed Jun 24 2026 05:38:59 GMT+0000 (UTC),0,,,5,91.6,42.7,546.3,20.4,
,,,,,,,SOLO,1782279561685,Wed Jun 24 2026 05:39:21 GMT+0000 (UTC),0,,,5,28.5,-125.3,543.3,20.4,
,,,,,,,SOLO,1782279598443,Wed Jun 24 2026 05:39:58 GMT+0000 (UTC),0,,,X,21.7,-32.8,538.1,20.5,
,,,,,,,SOLO,1782279623501,Wed Jun 24 2026 05:40:23 GMT+0000 (UTC),0,,,5,-90.9,-30.2,537.9,20.5,
,,,,,,,SOLO,1782279663264,Wed Jun 24 2026 05:41:03 GMT+0000 (UTC),0,,,5,-84.7,18.1,533.6,20.5,
,,,,,,,SOLO,1782279687855,Wed Jun 24 2026 05:41:27 GMT+0000 (UTC),0,,,6,29.5,-44.6,538.2,20.6,
,,,,,,,SOLO,1782279719094,Wed Jun 24 2026 05:41:59 GMT+0000 (UTC),0,,,4,123.3,-112.6,540.4,20.6,
,,,,,,,SOLO,1782279766550,Wed Jun 24 2026 05:42:46 GMT+0000 (UTC),0,,,5,46.6,-92.2,539,20.6,
,,,,,,,SOLO,1782279797442,Wed Jun 24 2026 05:43:17 GMT+0000 (UTC),0,,,4,228.8,-16.7,539.2,20.7,
### next string
Fincham D,F 4,AU-600m,2130,1720,0,0
,,,,,,,SOLO,1782279492476,Wed Jun 24 2026 05:38:12 GMT+0000 (UTC),0,,sighter,5,95.1,18.1,633,20.7,
,,,,,,,SOLO,1782279527822,Wed Jun 24 2026 05:38:47 GMT+0000 (UTC),0,,,6,-8.9,63.2,635.7,20.7,
,,,,,,,SOLO,1782279557871,Wed Jun 24 2026 05:39:17 GMT+0000 (UTC),0,,,5,35,84.3,635.3,20.9,
,,,,,,,SOLO,1782279603917,Wed Jun 24 2026 05:40:03 GMT+0000 (UTC),0,,,X,5,4.2,635.6,20.9,
,,,,,,,SOLO,1782279621104,Wed Jun 24 2026 05:40:21 GMT+0000 (UTC),0,,,5,-79.8,-62.1,631.2,20.9,
,,,,,,,SOLO,1782279660990,Wed Jun 24 2026 05:41:00 GMT+0000 (UTC),0,,,6,57.6,1,626.2,20.9,
,,,,,,,SOLO,1782279680266,Wed Jun 24 2026 05:41:20 GMT+0000 (UTC),0,,,X,-11,-21.7,633.9,20.9,
,,,,,,,SOLO,1782279698907,Wed Jun 24 2026 05:41:38 GMT+0000 (UTC),0,,,X,33.3,5.3,638.5,20.9,
,,,,,,,SOLO,1782279733486,Wed Jun 24 2026 05:42:13 GMT+0000 (UTC),0,,,5,101.8,-0.9,633.4,20.9,
,,,,,,,SOLO,1782279769594,Wed Jun 24 2026 05:42:49 GMT+0000 (UTC),0,,,X,-8.7,-39.7,639.4,21.1,
,,,,,,,SOLO,1782279808841,Wed Jun 24 2026 05:43:28 GMT+0000 (UTC),0,,,5,100.5,-15,634.6,21.1,
### next string
Orman 46,F 1,AU-600m,2129,1723,0,0
,,,,,,,SOLO,1782279122551,Wed Jun 24 2026 05:32:02 GMT+0000 (UTC),0,,sighter,5,31.1,86.8,600.8,19.8,
,,,,,,,SOLO,1782279160213,Wed Jun 24 2026 05:32:40 GMT+0000 (UTC),0,,,X,-20.1,5.6,599.8,19.9,
,,,,,,,SOLO,1782279213276,Wed Jun 24 2026 05:33:33 GMT+0000 (UTC),0,,,X,-7.1,-22.9,604,19.9,
,,,,,,,SOLO,1782279236973,Wed Jun 24 2026 05:33:56 GMT+0000 (UTC),0,,,6,60.2,-8.4,599,19.9,
,,,,,,,SOLO,1782279269468,Wed Jun 24 2026 05:34:29 GMT+0000 (UTC),0,,,6,-43.3,-29.5,605.6,20.1,
,,,,,,,SOLO,1782279286648,Wed Jun 24 2026 05:34:46 GMT+0000 (UTC),0,,,X,-18.4,0,596,20.1,
,,,,,,,SOLO,1782279301406,Wed Jun 24 2026 05:35:01 GMT+0000 (UTC),0,,,X,-7.7,-22.7,594.8,20.1,
,,,,,,,SOLO,1782279322629,Wed Jun 24 2026 05:35:22 GMT+0000 (UTC),0,,,X,17.3,-17.8,595.2,20.1,
,,,,,,,SOLO,1782279372097,Wed Jun 24 2026 05:36:12 GMT+0000 (UTC),0,,,X,36.4,-13.2,601.8,20.1,
,,,,,,,SOLO,1782279386938,Wed Jun 24 2026 05:36:26 GMT+0000 (UTC),0,,,6,20.6,-40.5,595.9,20.1,
,,,,,,,SOLO,1782279404136,Wed Jun 24 2026 05:36:44 GMT+0000 (UTC),0,,,X,21.1,-16.5,598.5,20.1,
### next string
peaesall 40,F 3,AU-600m,2130,1722,0,0
,,,,,,,SOLO,1782278827059,Wed Jun 24 2026 05:27:07 GMT+0000 (UTC),0,,sighter,5,59.9,-118.5,655,20,
,,,,,,,SOLO,1782278911265,Wed Jun 24 2026 05:28:31 GMT+0000 (UTC),0,,sighter,5,-110,75.2,656,19.7,
,,,,,,,SOLO,1782278994632,Wed Jun 24 2026 05:29:54 GMT+0000 (UTC),0,,,5,97.6,58.6,653.5,19.7,
,,,,,,,SOLO,1782279013059,Wed Jun 24 2026 05:30:13 GMT+0000 (UTC),0,,,X,29.4,-11,653.2,19.7,
,,,,,,,SOLO,1782279088681,Wed Jun 24 2026 05:31:28 GMT+0000 (UTC),0,,,6,-60.5,-42.5,661,19.8,
,,,,,,,SOLO,1782279125527,Wed Jun 24 2026 05:32:05 GMT+0000 (UTC),0,,,X,2.8,-19.4,656.6,19.9,
,,,,,,,SOLO,1782279140631,Wed Jun 24 2026 05:32:20 GMT+0000 (UTC),0,,,X,26.5,-16.1,658.2,19.9,
,,,,,,,SOLO,1782279152879,Wed Jun 24 2026 05:32:32 GMT+0000 (UTC),0,,,6,8.6,-54.4,658.3,19.9,
,,,,,,,SOLO,1782279171139,Wed Jun 24 2026 05:32:51 GMT+0000 (UTC),0,,,5,6.5,109.5,656.3,19.9,
,,,,,,,SOLO,1782279256225,Wed Jun 24 2026 05:34:16 GMT+0000 (UTC),0,,,5,97,-35.7,650.6,19.9,
,,,,,,,SOLO,1782279279943,Wed Jun 24 2026 05:34:39 GMT+0000 (UTC),0,,,6,-66.2,3.3,657.1,19.9,
,,,,,,,SOLO,1782279311514,Wed Jun 24 2026 05:35:11 GMT+0000 (UTC),0,,,6,67,-14.8,659.5,20.1,
### next string
Winkel A,F 4,AU-600m,2130,1720,0,0
,,,,,,,SOLO,1782279093928,Wed Jun 24 2026 05:31:33 GMT+0000 (UTC),0,,,V,19.1,-25.6,584.1,20.2,
,,,,,,,SOLO,1782279116097,Wed Jun 24 2026 05:31:56 GMT+0000 (UTC),0,,,V,53.7,54,584.5,20.2,
,,,,,,,SOLO,1782279140882,Wed Jun 24 2026 05:32:20 GMT+0000 (UTC),0,,,V,26.8,45.1,583.3,20.2,
,,,,,,,SOLO,1782279158664,Wed Jun 24 2026 05:32:38 GMT+0000 (UTC),0,,,V,13.6,-66.6,589.7,20.2,
,,,,,,,SOLO,1782279178574,Wed Jun 24 2026 05:32:58 GMT+0000 (UTC),0,,,5,98.5,-36.2,588,20.3,
,,,,,,,SOLO,1782279226633,Wed Jun 24 2026 05:33:46 GMT+0000 (UTC),0,,,V,21.2,47,589.8,20.3,
,,,,,,,SOLO,1782279243013,Wed Jun 24 2026 05:34:03 GMT+0000 (UTC),0,,,5,117.7,40.2,594.2,20.3,
,,,,,,,SOLO,1782279273458,Wed Jun 24 2026 05:34:33 GMT+0000 (UTC),0,,,V,-1.8,-52.1,582.6,20.4,
,,,,,,,SOLO,1782279315076,Wed Jun 24 2026 05:35:15 GMT+0000 (UTC),0,,,V,31.3,-30.3,582.1,20.4,
,,,,,,,SOLO,1782279340074,Wed Jun 24 2026 05:35:40 GMT+0000 (UTC),0,,,V,11.9,-23.9,588.2,20.4,
### next string
Dukes a 2,F 5,AU-600m,2127,1720,0,0
,,,,,,,SOLO,1782279136614,Wed Jun 24 2026 05:32:16 GMT+0000 (UTC),0,,sighter,5,94.7,-19.7,567.6,19.5,
,,,,,,,SOLO,1782279155418,Wed Jun 24 2026 05:32:35 GMT+0000 (UTC),0,,,X,16.9,-14.5,575.6,19.5,
,,,,,,,SOLO,1782279176706,Wed Jun 24 2026 05:32:56 GMT+0000 (UTC),0,,,6,64.9,-6.5,575.2,19.5,
,,,,,,,SOLO,1782279189855,Wed Jun 24 2026 05:33:09 GMT+0000 (UTC),0,,,5,78.7,31.1,570.9,19.5,
,,,,,,,SOLO,1782279211347,Wed Jun 24 2026 05:33:31 GMT+0000 (UTC),0,,,X,-28,-17.8,572.6,19.5,
,,,,,,,SOLO,1782279223465,Wed Jun 24 2026 05:33:43 GMT+0000 (UTC),0,,,X,-43.1,-7,580.7,19.5,
,,,,,,,SOLO,1782279236057,Wed Jun 24 2026 05:33:56 GMT+0000 (UTC),0,,,X,11.5,24.4,576.2,19.6,
,,,,,,,SOLO,1782279248975,Wed Jun 24 2026 05:34:08 GMT+0000 (UTC),0,,,6,8.3,-45.6,578.9,19.6,
,,,,,,,SOLO,1782279262554,Wed Jun 24 2026 05:34:22 GMT+0000 (UTC),0,,,X,-34.8,-12.9,568.6,19.6,
,,,,,,,SOLO,1782279276117,Wed Jun 24 2026 05:34:36 GMT+0000 (UTC),0,,,X,18.6,-28.3,565.2,19.6,
,,,,,,,SOLO,1782279289819,Wed Jun 24 2026 05:34:49 GMT+0000 (UTC),0,,,X,-25.5,-8.3,569.8,19.6,
### next string
Galea#124,F 2,AU-600m,2128,1718,0,0
,,,,,,,SOLO,1782278952311,Wed Jun 24 2026 05:29:12 GMT+0000 (UTC),0,,,6,9.8,58.7,545.9,19.8,
,,,,,,,SOLO,1782278988047,Wed Jun 24 2026 05:29:48 GMT+0000 (UTC),0,,,6,50.4,8.6,544.6,19.8,
,,,,,,,SOLO,1782278998571,Wed Jun 24 2026 05:29:58 GMT+0000 (UTC),0,,,X,20.9,29.5,545.3,19.8,
,,,,,,,SOLO,1782279008047,Wed Jun 24 2026 05:30:08 GMT+0000 (UTC),0,,,5,120.1,-7,548.1,19.8,
,,,,,,,SOLO,1782279137512,Wed Jun 24 2026 05:32:17 GMT+0000 (UTC),0,,,X,-3,-39.5,541.4,20,
,,,,,,,SOLO,1782279146264,Wed Jun 24 2026 05:32:26 GMT+0000 (UTC),0,,,X,-12.7,16.7,543.7,20,
,,,,,,,SOLO,1782279156952,Wed Jun 24 2026 05:32:36 GMT+0000 (UTC),0,,,X,27,0.7,543.1,20,
,,,,,,,SOLO,1782279167204,Wed Jun 24 2026 05:32:47 GMT+0000 (UTC),0,,,6,4.7,-47.7,542.9,20,
,,,,,,,SOLO,1782279177910,Wed Jun 24 2026 05:32:57 GMT+0000 (UTC),0,,,X,-13.3,-21,542,20,
,,,,,,,SOLO,1782279188147,Wed Jun 24 2026 05:33:08 GMT+0000 (UTC),0,,,X,-8,4.3,545.3,20,
### next string
Jamieson 69,F 1,AU-600m,2129,1723,0,0
,,,,,,,SOLO,1782278763648,Wed Jun 24 2026 05:26:03 GMT+0000 (UTC),0,,sighter,5,89.6,11.6,584.4,20.1,
,,,,,,,SOLO,1782278782255,Wed Jun 24 2026 05:26:22 GMT+0000 (UTC),0,,,6,2.5,-65.8,556.7,19.8,
,,,,,,,SOLO,1782278799120,Wed Jun 24 2026 05:26:39 GMT+0000 (UTC),0,,,X,-8.6,0.9,555,19.8,
,,,,,,,SOLO,1782278811908,Wed Jun 24 2026 05:26:51 GMT+0000 (UTC),0,,,6,64.2,-30.9,555.2,19.8,
,,,,,,,SOLO,1782278824262,Wed Jun 24 2026 05:27:04 GMT+0000 (UTC),0,,,5,118.7,19.4,560,19.8,
,,,,,,,SOLO,1782278861336,Wed Jun 24 2026 05:27:41 GMT+0000 (UTC),0,,,5,31.6,-120,558.5,19.8,
,,,,,,,SOLO,1782278912580,Wed Jun 24 2026 05:28:32 GMT+0000 (UTC),0,,,X,-19.5,-3.9,558.2,19.7,
,,,,,,,SOLO,1782278926703,Wed Jun 24 2026 05:28:46 GMT+0000 (UTC),0,,,6,59.4,-4.8,557.4,19.7,
,,,,,,,SOLO,1782278950025,Wed Jun 24 2026 05:29:10 GMT+0000 (UTC),0,,,6,60.7,-16.3,561.2,19.7,
,,,,,,,SOLO,1782278964765,Wed Jun 24 2026 05:29:24 GMT+0000 (UTC),0,,,5,119.4,49.1,559.9,19.7,
,,,,,,,SOLO,1782278989415,Wed Jun 24 2026 05:29:49 GMT+0000 (UTC),0,,,6,4.2,-46.4,556.1,19.7,
### next string
kent j 142,F 5,AU-600m,2127,1720,0,0
,,,,,,,SOLO,1782278712410,Wed Jun 24 2026 05:25:12 GMT+0000 (UTC),0,,sighter,5,-143.8,30.7,606.6,19.8,
,,,,,,,SOLO,1782278755615,Wed Jun 24 2026 05:25:55 GMT+0000 (UTC),0,,,6,-13.9,69,605.4,19.8,
,,,,,,,SOLO,1782278790398,Wed Jun 24 2026 05:26:30 GMT+0000 (UTC),0,,,6,54.4,8.4,605.3,19.5,
,,,,,,,SOLO,1782278814100,Wed Jun 24 2026 05:26:54 GMT+0000 (UTC),0,,,5,152.6,20.6,610.6,19.5,
,,,,,,,SOLO,1782278837367,Wed Jun 24 2026 05:27:17 GMT+0000 (UTC),0,,,5,126.4,-50.6,608.1,19.5,
,,,,,,,SOLO,1782278874942,Wed Jun 24 2026 05:27:54 GMT+0000 (UTC),0,,,6,-50.3,-21.9,604.8,19.4,
,,,,,,,SOLO,1782278891990,Wed Jun 24 2026 05:28:11 GMT+0000 (UTC),0,,,X,33.5,-17.9,606.8,19.4,
,,,,,,,SOLO,1782278917651,Wed Jun 24 2026 05:28:37 GMT+0000 (UTC),0,,,6,-43.1,-18.2,604.4,19.4,
,,,,,,,SOLO,1782278937560,Wed Jun 24 2026 05:28:57 GMT+0000 (UTC),0,,,6,0.9,-57.1,601.9,19.4,
,,,,,,,SOLO,1782278964253,Wed Jun 24 2026 05:29:24 GMT+0000 (UTC),0,,,5,89.3,-8.3,604.4,19.4,
,,,,,,,SOLO,1782279004597,Wed Jun 24 2026 05:30:04 GMT+0000 (UTC),0,,,X,-40.7,3.6,605.2,19.4,
### next string
Mathison A,F 4,AU-600m,2130,1720,0,0
,,,,,,,SOLO,1782278562326,Wed Jun 24 2026 05:22:42 GMT+0000 (UTC),0,,,X,10.8,-11,567.6,20.6,
,,,,,,,SOLO,1782278574436,Wed Jun 24 2026 05:22:54 GMT+0000 (UTC),0,,,X,-34.9,-15.2,573.3,20.6,
,,,,,,,SOLO,1782278598859,Wed Jun 24 2026 05:23:18 GMT+0000 (UTC),0,,,6,63,-39,565.3,20.6,
,,,,,,,SOLO,1782278621991,Wed Jun 24 2026 05:23:41 GMT+0000 (UTC),0,,,6,73.4,11.6,569.9,20.6,
,,,,,,,SOLO,1782278637998,Wed Jun 24 2026 05:23:57 GMT+0000 (UTC),0,,,5,110.7,-104.7,568.5,20.6,
,,,,,,,SOLO,1782278668019,Wed Jun 24 2026 05:24:28 GMT+0000 (UTC),0,,,6,69.1,21.9,563.8,20.6,
,,,,,,,SOLO,1782278691500,Wed Jun 24 2026 05:24:51 GMT+0000 (UTC),0,,,5,80.8,44,561.6,20.6,
,,,,,,,SOLO,1782278787140,Wed Jun 24 2026 05:26:27 GMT+0000 (UTC),0,,,5,90.8,-0.7,561.8,20.4,
,,,,,,,SOLO,1782278806096,Wed Jun 24 2026 05:26:46 GMT+0000 (UTC),0,,,6,53,-47.3,566.8,20.1,
,,,,,,,SOLO,1782278823256,Wed Jun 24 2026 05:27:03 GMT+0000 (UTC),0,,,6,42.5,-12.3,561.5,20.1,
### next string
McIntosh 10,F 2,AU-600m,2128,1718,0,0
,,,,,,,SOLO,1782278322682,Wed Jun 24 2026 05:18:42 GMT+0000 (UTC),0,,,5,-123.1,-50.9,538.6,20.4,
,,,,,,,SOLO,1782278365491,Wed Jun 24 2026 05:19:25 GMT+0000 (UTC),0,,,V,31.4,-56.6,535.3,20.4,
,,,,,,,SOLO,1782278404639,Wed Jun 24 2026 05:20:04 GMT+0000 (UTC),0,,,4,153.4,82.2,536.9,20.4,
,,,,,,,SOLO,1782278451494,Wed Jun 24 2026 05:20:51 GMT+0000 (UTC),0,,,4,214.4,68.8,540.5,20.4,
,,,,,,,SOLO,1782278515048,Wed Jun 24 2026 05:21:55 GMT+0000 (UTC),0,,,V,-29.4,35.8,537.5,20.4,
,,,,,,,SOLO,1782278557767,Wed Jun 24 2026 05:22:37 GMT+0000 (UTC),0,,,V,39.4,-18.9,564.7,20.3,
,,,,,,,SOLO,1782278603776,Wed Jun 24 2026 05:23:23 GMT+0000 (UTC),0,,,5,-45.2,115.3,536.2,20.3,
,,,,,,,SOLO,1782278681448,Wed Jun 24 2026 05:24:41 GMT+0000 (UTC),0,,,5,-83.4,33.2,543.8,20.2,
,,,,,,,SOLO,1782278728316,Wed Jun 24 2026 05:25:28 GMT+0000 (UTC),0,,,5,-110.2,-104,539,20.2,
,,,,,,,SOLO,1782278793185,Wed Jun 24 2026 05:26:33 GMT+0000 (UTC),0,,,V,12,-31.9,536.7,20,
### next string
sipinkoski ,F 3,AU-600m,2130,1722,0,0
,,,,,,,SOLO,1782278448915,Wed Jun 24 2026 05:20:48 GMT+0000 (UTC),0,,sighter,4,207.7,-18,563,20.2,
,,,,,,,SOLO,1782278467557,Wed Jun 24 2026 05:21:07 GMT+0000 (UTC),0,,sighter,5,-130.7,42.6,564.2,20.1,
,,,,,,,SOLO,1782278490023,Wed Jun 24 2026 05:21:30 GMT+0000 (UTC),0,,,6,-49.9,38.7,565.1,20.1,
,,,,,,,SOLO,1782278524799,Wed Jun 24 2026 05:22:04 GMT+0000 (UTC),0,,,5,-77.9,-48.7,565.8,20.1,
,,,,,,,SOLO,1782278546561,Wed Jun 24 2026 05:22:26 GMT+0000 (UTC),0,,,X,33.4,-24.5,564.3,20.1,
,,,,,,,SOLO,1782278559378,Wed Jun 24 2026 05:22:39 GMT+0000 (UTC),0,,,6,-28.5,41.2,570.4,20.3,
,,,,,,,SOLO,1782278576021,Wed Jun 24 2026 05:22:56 GMT+0000 (UTC),0,,,X,20.2,-16.1,566.2,20.3,
,,,,,,,SOLO,1782278588783,Wed Jun 24 2026 05:23:08 GMT+0000 (UTC),0,,,6,43.5,-28.3,567.7,20.3,
,,,,,,,SOLO,1782278603010,Wed Jun 24 2026 05:23:23 GMT+0000 (UTC),0,,,X,-13.3,-18,564.1,20.3,
,,,,,,,SOLO,1782278614398,Wed Jun 24 2026 05:23:34 GMT+0000 (UTC),0,,,X,17.1,-0.3,565.1,20.3,
,,,,,,,SOLO,1782278626062,Wed Jun 24 2026 05:23:46 GMT+0000 (UTC),0,,,X,19.9,-21.8,566.4,20.3,
,,,,,,,SOLO,1782278636090,Wed Jun 24 2026 05:23:56 GMT+0000 (UTC),0,,,6,30,-36.4,557.9,20.3,
### next string
halnes 64,F 5,AU-600m,2127,1720,0,0
,,,,,,,SOLO,1782278453763,Wed Jun 24 2026 05:20:53 GMT+0000 (UTC),0,,sighter,5,90.5,-21.9,581.3,19.9,
,,,,,,,SOLO,1782278492607,Wed Jun 24 2026 05:21:32 GMT+0000 (UTC),0,,,X,10.1,-11.6,578.8,19.9,
,,,,,,,SOLO,1782278511897,Wed Jun 24 2026 05:21:51 GMT+0000 (UTC),0,,,X,-13,-3.5,580,19.9,
,,,,,,,SOLO,1782278526370,Wed Jun 24 2026 05:22:06 GMT+0000 (UTC),0,,,X,9,-17.2,575,19.9,
,,,,,,,SOLO,1782278538766,Wed Jun 24 2026 05:22:18 GMT+0000 (UTC),0,,,X,2.8,-9.7,580.6,19.9,
,,,,,,,SOLO,1782278548181,Wed Jun 24 2026 05:22:28 GMT+0000 (UTC),0,,,X,-9.2,19.3,580.5,19.9,
,,,,,,,SOLO,1782278561238,Wed Jun 24 2026 05:22:41 GMT+0000 (UTC),0,,,X,16.7,29.8,584.9,19.9,
,,,,,,,SOLO,1782278574827,Wed Jun 24 2026 05:22:54 GMT+0000 (UTC),0,,,5,-27.7,85.7,584.9,19.9,
,,,,,,,SOLO,1782278594100,Wed Jun 24 2026 05:23:14 GMT+0000 (UTC),0,,,6,32.1,53.2,585.2,19.9,
,,,,,,,SOLO,1782278607898,Wed Jun 24 2026 05:23:27 GMT+0000 (UTC),0,,,6,-42.9,35.5,577.6,19.9,
,,,,,,,SOLO,1782278624820,Wed Jun 24 2026 05:23:44 GMT+0000 (UTC),0,,,6,65.7,29.8,581.9,19.9,
### next string
Hill44,F 1,AU-600m,2129,1723,0,0
,,,,,,,SOLO,1782278379865,Wed Jun 24 2026 05:19:39 GMT+0000 (UTC),0,,,6,-62,-7.2,627,20.4,
,,,,,,,SOLO,1782278406864,Wed Jun 24 2026 05:20:06 GMT+0000 (UTC),0,,,6,-43.4,-7.4,629.5,20.3,
,,,,,,,SOLO,1782278434597,Wed Jun 24 2026 05:20:34 GMT+0000 (UTC),0,,,X,-7.6,5.5,638,20.3,
,,,,,,,SOLO,1782278448555,Wed Jun 24 2026 05:20:48 GMT+0000 (UTC),0,,,6,62.5,-42.8,633.2,20.3,
,,,,,,,SOLO,1782278461438,Wed Jun 24 2026 05:21:01 GMT+0000 (UTC),0,,,X,-1.7,8.4,632.3,20.3,
,,,,,,,SOLO,1782278470810,Wed Jun 24 2026 05:21:10 GMT+0000 (UTC),0,,,X,-3.5,-33.2,623.5,20.3,
,,,,,,,SOLO,1782278479756,Wed Jun 24 2026 05:21:19 GMT+0000 (UTC),0,,,5,92.8,-43.7,628.9,20.3,
,,,,,,,SOLO,1782278496682,Wed Jun 24 2026 05:21:36 GMT+0000 (UTC),0,,,6,26.4,64.8,630.7,20.2,
,,,,,,,SOLO,1782278530760,Wed Jun 24 2026 05:22:10 GMT+0000 (UTC),0,,,6,-39.8,51.1,626.7,20.2,
,,,,,,,SOLO,1782278540659,Wed Jun 24 2026 05:22:20 GMT+0000 (UTC),0,,,X,-30.1,0.4,626.3,20.2,
### next string
j finchim 168,F 4,AU-600m,2130,1720,0,0
,,,,,,,SOLO,1782278165301,Wed Jun 24 2026 05:16:05 GMT+0000 (UTC),0,,sighter,6,-44.8,11.7,593.8,20.7,
,,,,,,,SOLO,1782278189791,Wed Jun 24 2026 05:16:29 GMT+0000 (UTC),0,,sighter,5,84.5,-14.6,593.6,20.7,
,,,,,,,SOLO,1782278212870,Wed Jun 24 2026 05:16:52 GMT+0000 (UTC),0,,,6,73.3,5.6,594.8,20.7,
,,,,,,,SOLO,1782278238873,Wed Jun 24 2026 05:17:18 GMT+0000 (UTC),0,,,6,80.9,12.6,598,20.7,
,,,,,,,SOLO,1782278271865,Wed Jun 24 2026 05:17:51 GMT+0000 (UTC),0,,,6,-38,-24.3,591.5,20.6,
,,,,,,,SOLO,1782278295009,Wed Jun 24 2026 05:18:15 GMT+0000 (UTC),0,,,5,34.1,-85,589.2,20.6,
,,,,,,,SOLO,1782278321491,Wed Jun 24 2026 05:18:41 GMT+0000 (UTC),0,,,X,-37.1,-16.7,596.3,20.6,
,,,,,,,SOLO,1782278351226,Wed Jun 24 2026 05:19:11 GMT+0000 (UTC),0,,,6,-44.9,22.5,599.4,20.6,
,,,,,,,SOLO,1782278380573,Wed Jun 24 2026 05:19:40 GMT+0000 (UTC),0,,,6,64.3,29.2,590.7,20.6,
,,,,,,,SOLO,1782278399604,Wed Jun 24 2026 05:19:59 GMT+0000 (UTC),0,,,6,70.1,-33.8,603.7,20.6,
,,,,,,,SOLO,1782278420103,Wed Jun 24 2026 05:20:20 GMT+0000 (UTC),0,,,X,1.1,-23.3,591.7,20.6,
,,,,,,,SOLO,1782278439147,Wed Jun 24 2026 05:20:39 GMT+0000 (UTC),0,,,6,44.6,6.8,591.4,20.6,
### next string
Schwebel C ,F 3,AU-600m,2130,1722,0,0
,,,,,,,SOLO,1782278002216,Wed Jun 24 2026 05:13:22 GMT+0000 (UTC),0,,,V,-3.1,16.6,549.3,20.5,
,,,,,,,SOLO,1782278025627,Wed Jun 24 2026 05:13:45 GMT+0000 (UTC),0,,,V,30.5,-2,556.4,20.5,
,,,,,,,SOLO,1782278047357,Wed Jun 24 2026 05:14:07 GMT+0000 (UTC),0,,,5,108.6,15.9,556.2,20.5,
,,,,,,,SOLO,1782278087799,Wed Jun 24 2026 05:14:47 GMT+0000 (UTC),0,,,V,-38.8,-3.1,562.4,20.5,
,,,,,,,SOLO,1782278165830,Wed Jun 24 2026 05:16:05 GMT+0000 (UTC),0,,,V,-2.6,-65.1,561.9,20.6,
,,,,,,,SOLO,1782278185375,Wed Jun 24 2026 05:16:25 GMT+0000 (UTC),0,,,5,89.1,-25.8,558.6,20.6,
,,,,,,,SOLO,1782278259433,Wed Jun 24 2026 05:17:39 GMT+0000 (UTC),0,,,V,-42.8,19.7,554.1,20.4,
,,,,,,,SOLO,1782278295761,Wed Jun 24 2026 05:18:15 GMT+0000 (UTC),0,,,5,76.3,-81.8,550,20.3,
,,,,,,,SOLO,1782278322339,Wed Jun 24 2026 05:18:42 GMT+0000 (UTC),0,,,V,-43.6,-25.1,551.1,20.3,
,,,,,,,SOLO,1782278358380,Wed Jun 24 2026 05:19:18 GMT+0000 (UTC),0,,,5,-145.4,-29.4,550.8,20.3,
### next string
Spencer 29,F 5,AU-600m,2127,1720,0,0
,,,,,,,SOLO,1782278039743,Wed Jun 24 2026 05:13:59 GMT+0000 (UTC),0,,sighter,4,239.6,-41.8,546.4,20.1,
,,,,,,,SOLO,1782278092683,Wed Jun 24 2026 05:14:52 GMT+0000 (UTC),0,,,5,-153,-0.2,546.3,20.1,
,,,,,,,SOLO,1782278129122,Wed Jun 24 2026 05:15:29 GMT+0000 (UTC),0,,,5,73.6,61.8,552.5,20.1,
,,,,,,,SOLO,1782278157591,Wed Jun 24 2026 05:15:57 GMT+0000 (UTC),0,,,V,-5.3,28,544.9,20.1,
,,,,,,,SOLO,1782278183386,Wed Jun 24 2026 05:16:23 GMT+0000 (UTC),0,,,5,95,41.7,549.4,20.1,
,,,,,,,SOLO,1782278203492,Wed Jun 24 2026 05:16:43 GMT+0000 (UTC),0,,,4,194.4,57,549,20.1,
,,,,,,,SOLO,1782278240398,Wed Jun 24 2026 05:17:20 GMT+0000 (UTC),0,,,V,31.3,6.7,551.2,20,
,,,,,,,SOLO,1782278262138,Wed Jun 24 2026 05:17:42 GMT+0000 (UTC),0,,,V,-8.1,-50.4,550.4,20,
,,,,,,,SOLO,1782278282513,Wed Jun 24 2026 05:18:02 GMT+0000 (UTC),0,,,5,73.3,46.8,551.7,20,
,,,,,,,SOLO,1782278312867,Wed Jun 24 2026 05:18:32 GMT+0000 (UTC),0,,,V,-3,-33.1,555,19.9,
,,,,,,,SOLO,1782278333214,Wed Jun 24 2026 05:18:53 GMT+0000 (UTC),0,,,V,-52.3,-52.7,551.1,19.9,
### next string
Muljoatmodjo 129,F 1,AU-600m,2129,1723,0,0
,,,,,,,SOLO,1782277919950,Wed Jun 24 2026 05:11:59 GMT+0000 (UTC),0,,sighter,5,121.2,-1.3,554.5,20.9,
,,,,,,,SOLO,1782277958144,Wed Jun 24 2026 05:12:38 GMT+0000 (UTC),0,,sighter,5,-93.3,31.4,560.1,20.5,
,,,,,,,SOLO,1782277983408,Wed Jun 24 2026 05:13:03 GMT+0000 (UTC),0,,,X,12.4,-6.1,556.6,20.5,
,,,,,,,SOLO,1782278004479,Wed Jun 24 2026 05:13:24 GMT+0000 (UTC),0,,,6,21.9,39.1,557.7,20.5,
,,,,,,,SOLO,1782278023450,Wed Jun 24 2026 05:13:43 GMT+0000 (UTC),0,,,5,116.7,85.9,554.1,20.5,
,,,,,,,SOLO,1782278102418,Wed Jun 24 2026 05:15:02 GMT+0000 (UTC),0,,,5,-118.6,-24.1,557.8,20.6,
,,,,,,,SOLO,1782278152369,Wed Jun 24 2026 05:15:52 GMT+0000 (UTC),0,,,X,-16.4,-35.9,557.6,20.4,
,,,,,,,SOLO,1782278170692,Wed Jun 24 2026 05:16:10 GMT+0000 (UTC),0,,,X,-19,-7.5,559.2,20.4,
,,,,,,,SOLO,1782278187819,Wed Jun 24 2026 05:16:27 GMT+0000 (UTC),0,,,6,19.2,56.4,555.6,20.4,
,,,,,,,SOLO,1782278206261,Wed Jun 24 2026 05:16:46 GMT+0000 (UTC),0,,,X,8.8,25.7,554.3,20.4,
,,,,,,,SOLO,1782278234361,Wed Jun 24 2026 05:17:14 GMT+0000 (UTC),0,,,6,58.2,1.7,558.5,20.3,
,,,,,,,SOLO,1782278249342,Wed Jun 24 2026 05:17:29 GMT+0000 (UTC),0,,,X,43.5,-5.5,555.1,20.3,
### next string
Schwebel 80,F 2,AU-600m,2128,1718,0,0
,,,,,,,SOLO,1782277730157,Wed Jun 24 2026 05:08:50 GMT+0000 (UTC),0,,sighter,5,91,19,550.8,21.1,
,,,,,,,SOLO,1782277772046,Wed Jun 24 2026 05:09:32 GMT+0000 (UTC),0,,sighter,4,177.9,6.1,555.2,21.1,
,,,,,,,SOLO,1782277815056,Wed Jun 24 2026 05:10:15 GMT+0000 (UTC),0,,,V,32.9,-35.9,549.6,21.1,
,,,,,,,SOLO,1782277846307,Wed Jun 24 2026 05:10:46 GMT+0000 (UTC),0,,,5,129.7,43.4,550.6,20.9,
,,,,,,,SOLO,1782277894418,Wed Jun 24 2026 05:11:34 GMT+0000 (UTC),0,,,V,48.9,-21.7,553.1,20.9,
,,,,,,,SOLO,1782277932275,Wed Jun 24 2026 05:12:12 GMT+0000 (UTC),0,,,V,-39,-9.9,552.2,20.7,
,,,,,,,SOLO,1782277971103,Wed Jun 24 2026 05:12:51 GMT+0000 (UTC),0,,,V,29.4,-27.2,546.6,20.7,
,,,,,,,SOLO,1782278008878,Wed Jun 24 2026 05:13:28 GMT+0000 (UTC),0,,,5,68,137.5,552.3,20.5,
,,,,,,,SOLO,1782278058396,Wed Jun 24 2026 05:14:18 GMT+0000 (UTC),0,,,5,89.6,29.1,555.1,20.5,
,,,,,,,SOLO,1782278100037,Wed Jun 24 2026 05:15:00 GMT+0000 (UTC),0,,,V,33.7,15,545.8,20.6,
,,,,,,,SOLO,1782278143263,Wed Jun 24 2026 05:15:43 GMT+0000 (UTC),0,,,V,70.2,-25.6,548.5,20.6,
,,,,,,,SOLO,1782278190830,Wed Jun 24 2026 05:16:30 GMT+0000 (UTC),0,,,V,-44.3,39.1,551.3,20.4,
### next string
austen C 106,F 4,AU-600m,2130,1720,0,0
,,,,,,,SOLO,1782277736358,Wed Jun 24 2026 05:08:56 GMT+0000 (UTC),0,,sighter,5,58.4,-72.9,578.9,21.3,
,,,,,,,SOLO,1782277762865,Wed Jun 24 2026 05:09:22 GMT+0000 (UTC),0,,sighter,5,143.9,20.4,570.7,21.3,
,,,,,,,SOLO,1782277822628,Wed Jun 24 2026 05:10:22 GMT+0000 (UTC),0,,,5,-143.8,-9.9,570.2,21.2,
,,,,,,,SOLO,1782277847778,Wed Jun 24 2026 05:10:47 GMT+0000 (UTC),0,,,5,109.7,58.5,572.6,21.2,
,,,,,,,SOLO,1782277875269,Wed Jun 24 2026 05:11:15 GMT+0000 (UTC),0,,,X,-38.2,0.5,573.1,21.2,
,,,,,,,SOLO,1782277897292,Wed Jun 24 2026 05:11:37 GMT+0000 (UTC),0,,,6,-40.1,-42.5,576.8,21,
,,,,,,,SOLO,1782277917271,Wed Jun 24 2026 05:11:57 GMT+0000 (UTC),0,,,5,119.1,-18.3,575.2,21,
,,,,,,,SOLO,1782277941238,Wed Jun 24 2026 05:12:21 GMT+0000 (UTC),0,,,5,-73.6,-53.9,569.7,21,
,,,,,,,SOLO,1782277994174,Wed Jun 24 2026 05:13:14 GMT+0000 (UTC),0,,,X,15.3,-1.4,577.8,20.8,
,,,,,,,SOLO,1782278012567,Wed Jun 24 2026 05:13:32 GMT+0000 (UTC),0,,,5,39.4,-81.8,570.1,20.8,
,,,,,,,SOLO,1782278037420,Wed Jun 24 2026 05:13:57 GMT+0000 (UTC),0,,,X,13.7,7.9,571.5,20.8,
,,,,,,,SOLO,1782278060392,Wed Jun 24 2026 05:14:20 GMT+0000 (UTC),0,,,6,-64.8,20.9,578.5,20.8,
### next string
williams s 23295,F 5,AU-600m,2127,1720,0,0
,,,,,,,SOLO,1782277578604,Wed Jun 24 2026 05:06:18 GMT+0000 (UTC),0,,,5,-11.4,-108.7,547.2,20.7,
,,,,,,,SOLO,1782277620859,Wed Jun 24 2026 05:07:00 GMT+0000 (UTC),0,,,5,-152.7,31.2,547.9,20.7,
,,,,,,,SOLO,1782277664979,Wed Jun 24 2026 05:07:44 GMT+0000 (UTC),0,,,5,-118.1,-28.6,541.1,20.7,
,,,,,,,SOLO,1782277697984,Wed Jun 24 2026 05:08:17 GMT+0000 (UTC),0,,,V,-75.2,-19.7,546.1,20.6,
,,,,,,,SOLO,1782277725813,Wed Jun 24 2026 05:08:45 GMT+0000 (UTC),0,,,5,132,-7.2,544.9,20.6,
,,,,,,,SOLO,1782277755525,Wed Jun 24 2026 05:09:15 GMT+0000 (UTC),0,,,4,39.9,247.1,548.7,20.6,
,,,,,,,SOLO,1782277789559,Wed Jun 24 2026 05:09:49 GMT+0000 (UTC),0,,,5,86.8,59.5,538.5,20.5,
,,,,,,,SOLO,1782277818811,Wed Jun 24 2026 05:10:18 GMT+0000 (UTC),0,,,V,-23,29.9,549.6,20.5,
,,,,,,,SOLO,1782277848874,Wed Jun 24 2026 05:10:48 GMT+0000 (UTC),0,,,5,121.9,22.8,545.6,20.3,
,,,,,,,SOLO,1782277879932,Wed Jun 24 2026 05:11:19 GMT+0000 (UTC),0,,,V,22.2,79,542.7,20.3,
### next string
McCauley B ,F 3,AU-600m,2130,1722,0,0
,,,,,,,SOLO,1782277556742,Wed Jun 24 2026 05:05:56 GMT+0000 (UTC),0,,,5,89,-85.8,566,21.2,
,,,,,,,SOLO,1782277600308,Wed Jun 24 2026 05:06:40 GMT+0000 (UTC),0,,,5,-131.4,24.1,563.7,21.2,
,,,,,,,SOLO,1782277645581,Wed Jun 24 2026 05:07:25 GMT+0000 (UTC),0,,,V,-6.9,31.1,566.9,21,
,,,,,,,SOLO,1782277673922,Wed Jun 24 2026 05:07:53 GMT+0000 (UTC),0,,,V,-17.9,43.4,564.2,21,
,,,,,,,SOLO,1782277705824,Wed Jun 24 2026 05:08:25 GMT+0000 (UTC),0,,,V,-18,-14.4,567.5,21,
,,,,,,,SOLO,1782277748938,Wed Jun 24 2026 05:09:08 GMT+0000 (UTC),0,,,V,62.8,17.4,561.6,20.9,
,,,,,,,SOLO,1782277777742,Wed Jun 24 2026 05:09:37 GMT+0000 (UTC),0,,,5,-36.9,84.4,557.9,20.9,
,,,,,,,SOLO,1782277814151,Wed Jun 24 2026 05:10:14 GMT+0000 (UTC),0,,,V,2.9,6.6,564.7,20.9,
,,,,,,,SOLO,1782277835907,Wed Jun 24 2026 05:10:35 GMT+0000 (UTC),0,,,V,74.3,36,566.1,20.8,
,,,,,,,SOLO,1782277864831,Wed Jun 24 2026 05:11:04 GMT+0000 (UTC),0,,,5,104.3,89.1,564.9,20.8,
### next string
Horder G 15 M4,F 1,AU-600m,2129,1723,0,0
,,,,,,,SOLO,1782277360378,Wed Jun 24 2026 05:02:40 GMT+0000 (UTC),0,,,5,150.2,11.8,492.3,21,
,,,,,,,SOLO,1782277402299,Wed Jun 24 2026 05:03:22 GMT+0000 (UTC),0,,,5,-7.2,158.5,497.8,21.2,
,,,,,,,SOLO,1782277446740,Wed Jun 24 2026 05:04:06 GMT+0000 (UTC),0,,,V,9.2,75.3,499.2,21.2,
,,,,,,,SOLO,1782277488258,Wed Jun 24 2026 05:04:48 GMT+0000 (UTC),0,,,5,4.4,111.3,493.9,21.3,
,,,,,,,SOLO,1782277530244,Wed Jun 24 2026 05:05:30 GMT+0000 (UTC),0,,,V,-4,49,499.7,21.3,
,,,,,,,SOLO,1782277572308,Wed Jun 24 2026 05:06:12 GMT+0000 (UTC),0,,,5,127,-47,492.6,21.3,
,,,,,,,SOLO,1782277615472,Wed Jun 24 2026 05:06:55 GMT+0000 (UTC),0,,,5,-106.8,-76,499.9,21.3,
,,,,,,,SOLO,1782277664523,Wed Jun 24 2026 05:07:44 GMT+0000 (UTC),0,,,4,-80.6,203,498.4,21,
,,,,,,,SOLO,1782277721716,Wed Jun 24 2026 05:08:41 GMT+0000 (UTC),0,,,5,-128.6,71.5,497.6,21,
,,,,,,,SOLO,1782277769260,Wed Jun 24 2026 05:09:29 GMT+0000 (UTC),0,,,3,316.3,-119.5,486.4,21,
### next string
Picton B,F 4,AU-600m,2130,1720,0,0
,,,,,,,SOLO,1782277360680,Wed Jun 24 2026 05:02:40 GMT+0000 (UTC),0,,,V,-10.3,-48.4,543.2,21.4,
,,,,,,,SOLO,1782277389102,Wed Jun 24 2026 05:03:09 GMT+0000 (UTC),0,,,V,26.6,-10.7,539.9,21.4,
,,,,,,,SOLO,1782277437650,Wed Jun 24 2026 05:03:57 GMT+0000 (UTC),0,,,5,64.9,53.2,540.7,21.5,
,,,,,,,SOLO,1782277464245,Wed Jun 24 2026 05:04:24 GMT+0000 (UTC),0,,,5,82,101.5,540.2,21.5,
,,,,,,,SOLO,1782277503983,Wed Jun 24 2026 05:05:03 GMT+0000 (UTC),0,,,V,-70.3,-8.8,535.5,21.5,
,,,,,,,SOLO,1782277529027,Wed Jun 24 2026 05:05:29 GMT+0000 (UTC),0,,,5,138.1,-21.1,539.8,21.6,
,,,,,,,SOLO,1782277552716,Wed Jun 24 2026 05:05:52 GMT+0000 (UTC),0,,,V,28.6,-25.8,540.5,21.6,
,,,,,,,SOLO,1782277576431,Wed Jun 24 2026 05:06:16 GMT+0000 (UTC),0,,,V,-62,-17.4,541.6,21.6,
,,,,,,,SOLO,1782277599169,Wed Jun 24 2026 05:06:39 GMT+0000 (UTC),0,,,5,-49.4,-118,534.6,21.6,
,,,,,,,SOLO,1782277623864,Wed Jun 24 2026 05:07:03 GMT+0000 (UTC),0,,,V,-11.7,-82.8,546.8,21.5,
### next string
neilsen148,F 2,AU-600m,2128,1718,0,0
,,,,,,,SOLO,1782277183536,Wed Jun 24 2026 04:59:43 GMT+0000 (UTC),0,,,V,-58.7,-59.8,531.4,21.1,
,,,,,,,SOLO,1782277234070,Wed Jun 24 2026 05:00:34 GMT+0000 (UTC),0,,,5,-92.8,-85.1,537.3,21.1,
,,,,,,,SOLO,1782277276706,Wed Jun 24 2026 05:01:16 GMT+0000 (UTC),0,,,V,34.4,-10.9,542.3,21.1,
,,,,,,,SOLO,1782277332269,Wed Jun 24 2026 05:02:12 GMT+0000 (UTC),0,,,3,346.1,-5.4,534.7,21.1,
,,,,,,,SOLO,1782277400354,Wed Jun 24 2026 05:03:20 GMT+0000 (UTC),0,,,4,264.3,-0.3,541.9,21.2,
,,,,,,,SOLO,1782277435023,Wed Jun 24 2026 05:03:55 GMT+0000 (UTC),0,,,V,14.1,61.2,541,21.2,
,,,,,,,SOLO,1782277469470,Wed Jun 24 2026 05:04:29 GMT+0000 (UTC),0,,,4,158.8,81.3,541.1,21.3,
,,,,,,,SOLO,1782277508646,Wed Jun 24 2026 05:05:08 GMT+0000 (UTC),0,,,V,-40.9,-39.9,537.8,21.3,
,,,,,,,SOLO,1782277543374,Wed Jun 24 2026 05:05:43 GMT+0000 (UTC),0,,,5,134.7,12.4,533.1,21.3,
,,,,,,,SOLO,1782277580412,Wed Jun 24 2026 05:06:20 GMT+0000 (UTC),0,,,5,60.5,150,540.7,21.3,
### next string
bell a 21129,F 5,AU-600m,2127,1720,0,0
,,,,,,,SOLO,1782276959439,Wed Jun 24 2026 04:55:59 GMT+0000 (UTC),0,,sighter,5,-39.4,-78.1,545.3,20.7,
,,,,,,,SOLO,1782277003638,Wed Jun 24 2026 04:56:43 GMT+0000 (UTC),0,,sighter,4,173.1,18,559.3,20.7,
,,,,,,,SOLO,1782277054462,Wed Jun 24 2026 04:57:34 GMT+0000 (UTC),0,,,V,-74,-0.8,554.2,20.5,
,,,,,,,SOLO,1782277095811,Wed Jun 24 2026 04:58:15 GMT+0000 (UTC),0,,,V,-46.7,-27.3,550.5,20.5,
,,,,,,,SOLO,1782277129816,Wed Jun 24 2026 04:58:49 GMT+0000 (UTC),0,,,V,-45.9,40.6,557.1,20.6,
,,,,,,,SOLO,1782277176018,Wed Jun 24 2026 04:59:36 GMT+0000 (UTC),0,,,5,-87.6,88.1,555.8,20.6,
,,,,,,,SOLO,1782277208497,Wed Jun 24 2026 05:00:08 GMT+0000 (UTC),0,,,4,150.1,79.4,548.2,20.6,
,,,,,,,SOLO,1782277250277,Wed Jun 24 2026 05:00:50 GMT+0000 (UTC),0,,,5,148.7,-29.3,552.9,20.5,
,,,,,,,SOLO,1782277292665,Wed Jun 24 2026 05:01:32 GMT+0000 (UTC),0,,,5,16.6,87.9,553.2,20.5,
,,,,,,,SOLO,1782277321373,Wed Jun 24 2026 05:02:01 GMT+0000 (UTC),0,,,4,164.8,26.2,550.5,20.6,
,,,,,,,SOLO,1782277363178,Wed Jun 24 2026 05:02:43 GMT+0000 (UTC),0,,,V,20.9,-6.8,543.9,20.6,
,,,,,,,SOLO,1782277394551,Wed Jun 24 2026 05:03:14 GMT+0000 (UTC),0,,,V,-81.1,7.5,552.3,20.6,
### next string
Bailey J ,F 3,AU-600m,2130,1722,0,0
,,,,,,,SOLO,1782276576198,Wed Jun 24 2026 04:49:36 GMT+0000 (UTC),0,,,5,96.8,-71.5,550.8,21.1,
,,,,,,,SOLO,1782276615920,Wed Jun 24 2026 04:50:15 GMT+0000 (UTC),0,,,V,-40.4,-10.8,559.2,21.1,
,,,,,,,SOLO,1782276648998,Wed Jun 24 2026 04:50:48 GMT+0000 (UTC),0,,,5,-49.3,-71.4,552.2,21.1,
,,,,,,,SOLO,1782276692904,Wed Jun 24 2026 04:51:32 GMT+0000 (UTC),0,,,V,-64,-17.2,552.6,20.9,
,,,,,,,SOLO,1782277142980,Wed Jun 24 2026 04:59:02 GMT+0000 (UTC),0,,,5,79.7,-50.5,556.8,21,
,,,,,,,SOLO,1782277202878,Wed Jun 24 2026 05:00:02 GMT+0000 (UTC),0,,,V,35,-46.2,548.7,20.9,
,,,,,,,SOLO,1782277235310,Wed Jun 24 2026 05:00:35 GMT+0000 (UTC),0,,,V,49.5,-52.7,551.1,20.9,
,,,,,,,SOLO,1782277267076,Wed Jun 24 2026 05:01:07 GMT+0000 (UTC),0,,,4,200.1,-20.3,552.7,20.9,
,,,,,,,SOLO,1782277311508,Wed Jun 24 2026 05:01:51 GMT+0000 (UTC),0,,,V,30.6,-66.8,552.7,21,
,,,,,,,SOLO,1782277342550,Wed Jun 24 2026 05:02:22 GMT+0000 (UTC),0,,,5,155,42.9,549.1,21,
,,,,,,,SOLO,1782277378280,Wed Jun 24 2026 05:02:58 GMT+0000 (UTC),0,,,V,-0.4,-33.5,548,21.1,
### next string
Dyson a,F 4,AU-600m,2130,1720,0,0
,,,,,,,SOLO,1782276591967,Wed Jun 24 2026 04:49:51 GMT+0000 (UTC),0,,,5,-1.3,90.7,559.7,21.4,
,,,,,,,SOLO,1782276651500,Wed Jun 24 2026 04:50:51 GMT+0000 (UTC),0,,,V,-25,-55.7,561.8,21.4,
,,,,,,,SOLO,1782276735539,Wed Jun 24 2026 04:52:15 GMT+0000 (UTC),0,,,3,-363.3,-163.2,556.5,21.4,
,,,,,,,SOLO,1782276821530,Wed Jun 24 2026 04:53:41 GMT+0000 (UTC),0,,,5,106.6,-60.7,549.8,21.5,
,,,,,,,SOLO,1782276895602,Wed Jun 24 2026 04:54:55 GMT+0000 (UTC),0,,,5,95.3,39.9,555.9,21.5,
,,,,,,,SOLO,1782276951391,Wed Jun 24 2026 04:55:51 GMT+0000 (UTC),0,,,5,-128.1,80.7,560.4,21.5,
,,,,,,,SOLO,1782277007953,Wed Jun 24 2026 04:56:47 GMT+0000 (UTC),0,,,5,-139.9,-25.4,552.7,21.5,
,,,,,,,SOLO,1782277057610,Wed Jun 24 2026 04:57:37 GMT+0000 (UTC),0,,,5,-88.7,-35,550.8,21.5,
,,,,,,,SOLO,1782277106158,Wed Jun 24 2026 04:58:26 GMT+0000 (UTC),0,,,5,69.9,-47.9,559.3,21.4,
,,,,,,,SOLO,1782277161386,Wed Jun 24 2026 04:59:21 GMT+0000 (UTC),0,,,5,79.7,-49.7,555.4,21.3,
### next string
Sheppard M  82 M3,F 1,AU-600m,2129,1723,0,0
,,,,,,,SOLO,1782276698205,Wed Jun 24 2026 04:51:38 GMT+0000 (UTC),0,,,V,-53.2,3.5,551.1,21,
,,,,,,,SOLO,1782276767728,Wed Jun 24 2026 04:52:47 GMT+0000 (UTC),0,,,V,24,4.8,551,21,
,,,,,,,SOLO,1782276802791,Wed Jun 24 2026 04:53:22 GMT+0000 (UTC),0,,,V,47.4,61.8,548.8,21,
,,,,,,,SOLO,1782276830810,Wed Jun 24 2026 04:53:50 GMT+0000 (UTC),0,,,V,17.4,42.3,552.1,21,
,,,,,,,SOLO,1782276871367,Wed Jun 24 2026 04:54:31 GMT+0000 (UTC),0,,,5,152.3,5.8,553.9,21.3,
,,,,,,,SOLO,1782276997116,Wed Jun 24 2026 04:56:37 GMT+0000 (UTC),0,,,5,-134.4,-29.9,552.7,21.3,
,,,,,,,SOLO,1782277032169,Wed Jun 24 2026 04:57:12 GMT+0000 (UTC),0,,,V,-38,70.9,554.1,21.1,
,,,,,,,SOLO,1782277057152,Wed Jun 24 2026 04:57:37 GMT+0000 (UTC),0,,,5,-147.5,1.4,547.6,21.1,
,,,,,,,SOLO,1782277105508,Wed Jun 24 2026 04:58:25 GMT+0000 (UTC),0,,,V,4,-31.4,550.5,21.1,
,,,,,,,SOLO,1782277129210,Wed Jun 24 2026 04:58:49 GMT+0000 (UTC),0,,,5,-35.4,-112.9,545.1,21.1,
### next string
winkel  35,F 2,AU-600m,2128,1718,0,0
,,,,,,,SOLO,1782276624885,Wed Jun 24 2026 04:50:24 GMT+0000 (UTC),0,,,5,61.5,-85.4,553.2,21.1,
,,,,,,,SOLO,1782276658182,Wed Jun 24 2026 04:50:58 GMT+0000 (UTC),0,,,5,77.8,99.4,557.2,21.1,
,,,,,,,SOLO,1782276717331,Wed Jun 24 2026 04:51:57 GMT+0000 (UTC),0,,,5,91.2,53.8,558.9,21.1,
,,,,,,,SOLO,1782276811380,Wed Jun 24 2026 04:53:31 GMT+0000 (UTC),0,,,5,138.5,-16.8,557.7,21.1,
,,,,,,,SOLO,1782276841255,Wed Jun 24 2026 04:54:01 GMT+0000 (UTC),0,,,V,6.3,-5.3,561.3,21.2,
,,,,,,,SOLO,1782276861348,Wed Jun 24 2026 04:54:21 GMT+0000 (UTC),0,,,V,-17.4,41.7,561.7,21.2,
,,,,,,,SOLO,1782276876456,Wed Jun 24 2026 04:54:36 GMT+0000 (UTC),0,,,5,122.7,-63.1,555.8,21.2,
,,,,,,,SOLO,1782276896339,Wed Jun 24 2026 04:54:56 GMT+0000 (UTC),0,,,5,121.1,-2.6,560.7,21.2,
,,,,,,,SOLO,1782276914557,Wed Jun 24 2026 04:55:14 GMT+0000 (UTC),0,,,V,15.3,-59.3,561.7,21.3,
,,,,,,,SOLO,1782276939448,Wed Jun 24 2026 04:55:39 GMT+0000 (UTC),0,,,V,-1.1,-50.4,554.3,21.3,
,,,,,,,SOLO,1782276961511,Wed Jun 24 2026 04:56:01 GMT+0000 (UTC),0,,,V,-39.8,-55.2,563.3,21.3,
,,,,,,,SOLO,1782276977987,Wed Jun 24 2026 04:56:17 GMT+0000 (UTC),0,,,5,89.8,-60.7,557.5,21.3,
### next string
Sonnenberg A,F 5,AU-600m,2127,1720,0,0
,,,,,,,SOLO,1782276502473,Wed Jun 24 2026 04:48:22 GMT+0000 (UTC),0,,,5,4.1,-125.3,556.9,20.6,
,,,,,,,SOLO,1782276540386,Wed Jun 24 2026 04:49:00 GMT+0000 (UTC),0,,,V,51.1,44.5,564.5,20.6,
,,,,,,,SOLO,1782276576765,Wed Jun 24 2026 04:49:36 GMT+0000 (UTC),0,,,V,24.8,-21.3,560.6,20.6,
,,,,,,,SOLO,1782276602766,Wed Jun 24 2026 04:50:02 GMT+0000 (UTC),0,,,V,-10.8,-7,559.8,20.6,
,,,,,,,SOLO,1782276624586,Wed Jun 24 2026 04:50:24 GMT+0000 (UTC),0,,,V,4.6,-5.4,562.3,20.6,
,,,,,,,SOLO,1782276644866,Wed Jun 24 2026 04:50:44 GMT+0000 (UTC),0,,,5,61.5,58.8,565.5,20.6,
,,,,,,,SOLO,1782276675525,Wed Jun 24 2026 04:51:15 GMT+0000 (UTC),0,,,5,-109.7,-3.4,556.4,20.6,
,,,,,,,SOLO,1782276699059,Wed Jun 24 2026 04:51:39 GMT+0000 (UTC),0,,,5,-16.6,105.8,564.8,20.6,
,,,,,,,SOLO,1782276724251,Wed Jun 24 2026 04:52:04 GMT+0000 (UTC),0,,,5,40.6,-78.9,553.4,20.6,
,,,,,,,SOLO,1782276749656,Wed Jun 24 2026 04:52:29 GMT+0000 (UTC),0,,,V,-7.4,-50.5,560.5,20.6,
### next string
p Rodham 26679,F 1,AU-600m,2129,1723,0,0
,,,,,,,SOLO,1782276204329,Wed Jun 24 2026 04:43:24 GMT+0000 (UTC),0,,sighter,3,-440.2,185.2,564.6,21.1,
,,,,,,,SOLO,1782276242642,Wed Jun 24 2026 04:44:02 GMT+0000 (UTC),0,,sighter,3,-17.3,384.5,564.3,21.2,
,,,,,,,SOLO,1782276274707,Wed Jun 24 2026 04:44:34 GMT+0000 (UTC),0,,,V,-16.2,41.5,559.6,21.2,
,,,,,,,SOLO,1782276295451,Wed Jun 24 2026 04:44:55 GMT+0000 (UTC),0,,,V,4.5,54.4,565.8,21.2,
,,,,,,,SOLO,1782276314320,Wed Jun 24 2026 04:45:14 GMT+0000 (UTC),0,,,4,30.6,166.7,574.9,21.2,
,,,,,,,SOLO,1782276335338,Wed Jun 24 2026 04:45:35 GMT+0000 (UTC),0,,,V,-71.8,-3.3,569.6,21.2,
,,,,,,,SOLO,1782276355971,Wed Jun 24 2026 04:45:55 GMT+0000 (UTC),0,,,V,-36.9,-37.5,558,21.2,
,,,,,,,SOLO,1782276372177,Wed Jun 24 2026 04:46:12 GMT+0000 (UTC),0,,,4,-182.9,46.1,567,21.2,
,,,,,,,SOLO,1782276402370,Wed Jun 24 2026 04:46:42 GMT+0000 (UTC),0,,,V,-77.4,-1.8,556.8,21.2,
,,,,,,,SOLO,1782276420569,Wed Jun 24 2026 04:47:00 GMT+0000 (UTC),0,,,5,-78.5,64.6,561.1,21.2,
,,,,,,,SOLO,1782276447473,Wed Jun 24 2026 04:47:27 GMT+0000 (UTC),0,,,4,154.7,73.4,563.1,21.2,
,,,,,,,SOLO,1782276467337,Wed Jun 24 2026 04:47:47 GMT+0000 (UTC),0,,,V,-0.8,10.5,565.1,21.2,
### next string
Lancaster D,F 3,AU-600m,2130,1722,0,0
,,,,,,,SOLO,1782276220821,Wed Jun 24 2026 04:43:40 GMT+0000 (UTC),0,,,5,-114.4,89,585.5,21.1,
,,,,,,,SOLO,1782276257832,Wed Jun 24 2026 04:44:17 GMT+0000 (UTC),0,,,5,-85.3,-104.6,586.5,21.1,
,,,,,,,SOLO,1782276289817,Wed Jun 24 2026 04:44:49 GMT+0000 (UTC),0,,,5,-20.9,-89.4,590.7,21.1,
,,,,,,,SOLO,1782276308736,Wed Jun 24 2026 04:45:08 GMT+0000 (UTC),0,,,V,-40.5,-26.9,592.1,21.1,
,,,,,,,SOLO,1782276323273,Wed Jun 24 2026 04:45:23 GMT+0000 (UTC),0,,,V,-25.6,25.6,586.7,21.1,
,,,,,,,SOLO,1782276338221,Wed Jun 24 2026 04:45:38 GMT+0000 (UTC),0,,,V,21.9,-39.8,592.7,21.1,
,,,,,,,SOLO,1782276365288,Wed Jun 24 2026 04:46:05 GMT+0000 (UTC),0,,,V,-25.1,22,588.2,21.1,
,,,,,,,SOLO,1782276381180,Wed Jun 24 2026 04:46:21 GMT+0000 (UTC),0,,,V,-8.8,-27.1,591.5,21.1,
,,,,,,,SOLO,1782276394759,Wed Jun 24 2026 04:46:34 GMT+0000 (UTC),0,,,V,-53.3,7.1,599.4,21,
,,,,,,,SOLO,1782276407916,Wed Jun 24 2026 04:46:47 GMT+0000 (UTC),0,,,4,213.4,37.3,601.6,21,
### next string
Sperring 83,F 2,AU-600m,2128,1718,0,0
,,,,,,,SOLO,1782276124406,Wed Jun 24 2026 04:42:04 GMT+0000 (UTC),0,,sighter,2,-549.7,-17.5,516.7,21.2,
,,,,,,,SOLO,1782276164193,Wed Jun 24 2026 04:42:44 GMT+0000 (UTC),0,,,X,39.8,1,518.3,21.2,
,,,,,,,SOLO,1782276199843,Wed Jun 24 2026 04:43:19 GMT+0000 (UTC),0,,,X,27.2,-4.3,517.1,21.2,
,,,,,,,SOLO,1782276222114,Wed Jun 24 2026 04:43:42 GMT+0000 (UTC),0,,,6,34,62.6,522.6,21.1,
,,,,,,,SOLO,1782276252455,Wed Jun 24 2026 04:44:12 GMT+0000 (UTC),0,,,6,-81.8,1.2,514.6,21.1,
,,,,,,,SOLO,1782276271095,Wed Jun 24 2026 04:44:31 GMT+0000 (UTC),0,,,5,69.5,81.8,515.9,21.1,
,,,,,,,SOLO,1782276292661,Wed Jun 24 2026 04:44:52 GMT+0000 (UTC),0,,,5,77.3,-51.6,519.8,21.2,
,,,,,,,SOLO,1782276317037,Wed Jun 24 2026 04:45:17 GMT+0000 (UTC),0,,,5,15.3,90.2,523.4,21.2,
,,,,,,,SOLO,1782276341048,Wed Jun 24 2026 04:45:41 GMT+0000 (UTC),0,,,5,81.7,-22.3,516.8,21.2,
,,,,,,,SOLO,1782276361154,Wed Jun 24 2026 04:46:01 GMT+0000 (UTC),0,,,X,-28.2,-11,513.5,21.2,
,,,,,,,SOLO,1782276385425,Wed Jun 24 2026 04:46:25 GMT+0000 (UTC),0,,,5,-102.2,-45.5,515.2,21.2,
### next string
Fincham D,F 4,AU-600m,2130,1720,0,0
,,,,,,,SOLO,1782275979535,Wed Jun 24 2026 04:39:39 GMT+0000 (UTC),0,,sighter,4,164.8,200.2,630.2,21.6,
,,,,,,,SOLO,1782276039488,Wed Jun 24 2026 04:40:39 GMT+0000 (UTC),0,,,X,27.6,1.5,626.1,21.4,
,,,,,,,SOLO,1782276100888,Wed Jun 24 2026 04:41:40 GMT+0000 (UTC),0,,,6,-67.6,5.7,630.5,21.3,
,,,,,,,SOLO,1782276149104,Wed Jun 24 2026 04:42:29 GMT+0000 (UTC),0,,,X,-20.5,-13.8,631.5,21.3,
,,,,,,,SOLO,1782276170136,Wed Jun 24 2026 04:42:50 GMT+0000 (UTC),0,,,6,43.8,-13,629.8,21.4,
,,,,,,,SOLO,1782276205802,Wed Jun 24 2026 04:43:25 GMT+0000 (UTC),0,,,6,-34.3,-70.7,633.1,21.4,
,,,,,,,SOLO,1782276226748,Wed Jun 24 2026 04:43:46 GMT+0000 (UTC),0,,,X,-6,-0.5,630,21.4,
,,,,,,,SOLO,1782276248552,Wed Jun 24 2026 04:44:08 GMT+0000 (UTC),0,,,5,-60.2,-82.1,636,21.4,
,,,,,,,SOLO,1782276295671,Wed Jun 24 2026 04:44:55 GMT+0000 (UTC),0,,,6,65,0.7,633.6,21.5,
,,,,,,,SOLO,1782276341522,Wed Jun 24 2026 04:45:41 GMT+0000 (UTC),0,,,X,14.9,10.8,640,21.5,
,,,,,,,SOLO,1782276378213,Wed Jun 24 2026 04:46:18 GMT+0000 (UTC),0,,,X,-12.8,-36.9,631.1,21.5,
### next string
d hutton,F 5,AU-600m,2127,1720,0,0
,,,,,,,SOLO,1782275764400,Wed Jun 24 2026 04:36:04 GMT+0000 (UTC),0,,sighter,V,22.3,-78.3,522.5,20.9,
,,,,,,,SOLO,1782275799707,Wed Jun 24 2026 04:36:39 GMT+0000 (UTC),0,,sighter,4,162.5,43.6,532.2,20.8,
,,,,,,,SOLO,1782275915937,Wed Jun 24 2026 04:38:35 GMT+0000 (UTC),0,,,3,301.6,-192.1,520.7,20.8,
,,,,,,,SOLO,1782275967722,Wed Jun 24 2026 04:39:27 GMT+0000 (UTC),0,,,5,105,98,515.8,20.8,
,,,,,,,SOLO,1782276020898,Wed Jun 24 2026 04:40:20 GMT+0000 (UTC),0,,,5,-108.7,10.3,521.9,20.6,
,,,,,,,SOLO,1782276057985,Wed Jun 24 2026 04:40:57 GMT+0000 (UTC),0,,,V,34.4,47.1,533.9,20.5,
,,,,,,,SOLO,1782276089967,Wed Jun 24 2026 04:41:29 GMT+0000 (UTC),0,,,5,-87.6,8.1,521.8,20.5,
,,,,,,,SOLO,1782276135206,Wed Jun 24 2026 04:42:15 GMT+0000 (UTC),0,,,5,-144.1,-45.2,518.3,20.5,
,,,,,,,SOLO,1782276164726,Wed Jun 24 2026 04:42:44 GMT+0000 (UTC),0,,,4,178.3,-203.9,516.6,20.6,
,,,,,,,SOLO,1782276229862,Wed Jun 24 2026 04:43:49 GMT+0000 (UTC),0,,,5,41.7,-96.6,519.8,20.6,
,,,,,,,SOLO,1782276302880,Wed Jun 24 2026 04:45:02 GMT+0000 (UTC),0,,,5,-83.9,-8.4,511.3,20.6,
,,,,,,,SOLO,1782276330714,Wed Jun 24 2026 04:45:30 GMT+0000 (UTC),0,,,4,-144.3,-95.3,515.2,20.7,
### next string
M Shelley,F 3,AU-600m,2130,1722,0,0
,,,,,,,SOLO,1782275530256,Wed Jun 24 2026 04:32:10 GMT+0000 (UTC),0,,sighter,4,165.6,150.3,535.2,21.5,
,,,,,,,SOLO,1782275575012,Wed Jun 24 2026 04:32:55 GMT+0000 (UTC),0,,sighter,4,256.3,91.2,527.8,21.5,
,,,,,,,SOLO,1782275614078,Wed Jun 24 2026 04:33:34 GMT+0000 (UTC),0,,,V,-22.4,16,540.2,21.4,
,,,,,,,SOLO,1782275659392,Wed Jun 24 2026 04:34:19 GMT+0000 (UTC),0,,,5,78.7,63.1,533.6,21.4,
,,,,,,,missed_shot,1782276157580,Wed Jun 24 2026 04:42:37 GMT+0000 (UTC),0,,,0,0,0,0,22,
,,,,,,,SOLO,1782275771280,Wed Jun 24 2026 04:36:11 GMT+0000 (UTC),0,,,V,56.4,-28.8,536.4,21.2,
,,,,,,,SOLO,1782275792812,Wed Jun 24 2026 04:36:32 GMT+0000 (UTC),0,,,5,55.1,97.2,535.3,21.2,
,,,,,,,SOLO,1782275834202,Wed Jun 24 2026 04:37:14 GMT+0000 (UTC),0,,,4,159,95.5,537.6,21.2,
,,,,,,,SOLO,1782275860191,Wed Jun 24 2026 04:37:40 GMT+0000 (UTC),0,,,5,-92,-10.6,542.9,21.2,
,,,,,,,SOLO,1782275906022,Wed Jun 24 2026 04:38:26 GMT+0000 (UTC),0,,,V,-15.3,53.9,533.8,21.2,
,,,,,,,SOLO,1782276045893,Wed Jun 24 2026 04:40:45 GMT+0000 (UTC),0,,,5,-56.3,92.8,536.1,20.9,
,,,,,,,SOLO,1782276100639,Wed Jun 24 2026 04:41:40 GMT+0000 (UTC),0,,,V,49,-26.5,539.9,20.9,
### next string
Orman 46,F 1,AU-600m,2129,1723,0,0
,,,,,,,SOLO,1782275735508,Wed Jun 24 2026 04:35:35 GMT+0000 (UTC),0,,sighter,5,84.2,-45.6,599.6,21.3,
,,,,,,,SOLO,1782275789145,Wed Jun 24 2026 04:36:29 GMT+0000 (UTC),0,,,6,68.2,-6.6,598.7,21.3,
,,,,,,,SOLO,1782275860430,Wed Jun 24 2026 04:37:40 GMT+0000 (UTC),0,,,X,20,10.7,598.9,21.3,
,,,,,,,SOLO,1782275879268,Wed Jun 24 2026 04:37:59 GMT+0000 (UTC),0,,,6,43.8,17.9,596.9,21.2,
,,,,,,,SOLO,1782275897526,Wed Jun 24 2026 04:38:17 GMT+0000 (UTC),0,,,X,21.3,-13,606.5,21.2,
,,,,,,,SOLO,1782275908208,Wed Jun 24 2026 04:38:28 GMT+0000 (UTC),0,,,X,30.9,-7,596.4,21.2,
,,,,,,,SOLO,1782275929720,Wed Jun 24 2026 04:38:49 GMT+0000 (UTC),0,,,X,-15.8,11.3,592.8,21.2,
,,,,,,,SOLO,1782275947871,Wed Jun 24 2026 04:39:07 GMT+0000 (UTC),0,,,5,85.8,44.5,595.7,21.2,
,,,,,,,SOLO,1782275997448,Wed Jun 24 2026 04:39:57 GMT+0000 (UTC),0,,,X,-24.7,25.7,612.1,21.1,
,,,,,,,SOLO,1782276008950,Wed Jun 24 2026 04:40:08 GMT+0000 (UTC),0,,,X,-9.3,11,593.6,21.1,
,,,,,,,SOLO,1782276020367,Wed Jun 24 2026 04:40:20 GMT+0000 (UTC),0,,,X,-9.2,38.9,601.7,21.1,
### next string
,F 2,AU-600m,2128,1718,0,0
,,,,,,,SOLO,1782275635686,Wed Jun 24 2026 04:33:55 GMT+0000 (UTC),0,,sighter,4,-208.5,-89.4,543.9,21.4,
,,,,,,,SOLO,1782275694441,Wed Jun 24 2026 04:34:54 GMT+0000 (UTC),0,,,6,44.2,18.2,542.6,21.4,
,,,,,,,SOLO,1782275700190,Wed Jun 24 2026 04:35:00 GMT+0000 (UTC),0,,,X,8.6,-16.9,522.4,21.4,
,,,,,,,SOLO,1782275746852,Wed Jun 24 2026 04:35:46 GMT+0000 (UTC),0,,,6,-78.3,17.1,541.8,21.4,
,,,,,,,SOLO,1782275788530,Wed Jun 24 2026 04:36:28 GMT+0000 (UTC),0,,,4,231.9,-30.8,546.8,21.3,
,,,,,,,SOLO,1782275857510,Wed Jun 24 2026 04:37:37 GMT+0000 (UTC),0,,,5,-128.3,-11.9,547.7,21.3,
,,,,,,,SOLO,1782275897891,Wed Jun 24 2026 04:38:17 GMT+0000 (UTC),0,,,6,-62.5,9.6,546.7,21.3,
,,,,,,,SOLO,1782275925558,Wed Jun 24 2026 04:38:45 GMT+0000 (UTC),0,,,5,86.6,33.3,552.2,21.3,
,,,,,,,SOLO,1782275959737,Wed Jun 24 2026 04:39:19 GMT+0000 (UTC),0,,,X,4.5,27.5,547,21.1,
,,,,,,,SOLO,1782275992956,Wed Jun 24 2026 04:39:52 GMT+0000 (UTC),0,,,X,-40,-13.6,542.5,21.1,
,,,,,,,SOLO,1782276014891,Wed Jun 24 2026 04:40:14 GMT+0000 (UTC),0,,,X,-0.1,38,548.2,21.1,
,,,,,,,SOLO,1782276030705,Wed Jun 24 2026 04:40:30 GMT+0000 (UTC),0,,,6,-28.8,-64.7,544.7,21.1,
### next string
Winkel A,F 4,AU-600m,2130,1720,0,0
,,,,,,,SOLO,1782275417152,Wed Jun 24 2026 04:30:17 GMT+0000 (UTC),0,,sighter,5,139.4,-72.8,578.5,21.9,
,,,,,,,SOLO,1782275451707,Wed Jun 24 2026 04:30:51 GMT+0000 (UTC),0,,,V,32.9,-63.8,577.9,21.9,
,,,,,,,SOLO,1782275534935,Wed Jun 24 2026 04:32:14 GMT+0000 (UTC),0,,,5,54.9,92.8,594,21.9,
,,,,,,,SOLO,1782275570175,Wed Jun 24 2026 04:32:50 GMT+0000 (UTC),0,,,V,52.8,52,592.1,21.9,
,,,,,,,SOLO,1782275626754,Wed Jun 24 2026 04:33:46 GMT+0000 (UTC),0,,,V,-68.2,23.1,590.2,21.9,
,,,,,,,SOLO,1782275645675,Wed Jun 24 2026 04:34:05 GMT+0000 (UTC),0,,,V,29.5,38.4,584.7,21.7,
,,,,,,,SOLO,1782275677181,Wed Jun 24 2026 04:34:37 GMT+0000 (UTC),0,,,V,29.6,5.2,593.3,21.7,
,,,,,,,SOLO,1782275728631,Wed Jun 24 2026 04:35:28 GMT+0000 (UTC),0,,,V,-56.6,-13.6,590.5,21.6,
,,,,,,,SOLO,1782275747689,Wed Jun 24 2026 04:35:47 GMT+0000 (UTC),0,,,5,-97.9,-33.7,581.5,21.6,
,,,,,,,SOLO,1782275793271,Wed Jun 24 2026 04:36:33 GMT+0000 (UTC),0,,,V,0.5,-21.7,590.7,21.6,
,,,,,,,SOLO,1782275864823,Wed Jun 24 2026 04:37:44 GMT+0000 (UTC),0,,,V,14.6,12.9,588.5,21.6,
### next string
Jamieson 69,F 1,AU-600m,2129,1723,0,0
,,,,,,,SOLO,1782275378940,Wed Jun 24 2026 04:29:38 GMT+0000 (UTC),0,,,5,2.1,-124,560.7,21.6,
,,,,,,,SOLO,1782275408176,Wed Jun 24 2026 04:30:08 GMT+0000 (UTC),0,,,6,16.1,-59,554.8,21.6,
,,,,,,,SOLO,1782275429997,Wed Jun 24 2026 04:30:29 GMT+0000 (UTC),0,,,6,19.2,-40,557.9,21.6,
,,,,,,,SOLO,1782275444644,Wed Jun 24 2026 04:30:44 GMT+0000 (UTC),0,,,6,-23,-37.6,553.8,21.6,
,,,,,,,SOLO,1782275457172,Wed Jun 24 2026 04:30:57 GMT+0000 (UTC),0,,,6,26.8,37.4,557.1,21.6,
,,,,,,,SOLO,1782275470458,Wed Jun 24 2026 04:31:10 GMT+0000 (UTC),0,,,X,27.6,-24.1,562.6,21.6,
,,,,,,,SOLO,1782275482816,Wed Jun 24 2026 04:31:22 GMT+0000 (UTC),0,,,X,-3.3,17.1,558.4,21.6,
,,,,,,,SOLO,1782275493447,Wed Jun 24 2026 04:31:33 GMT+0000 (UTC),0,,,6,-75,-15.4,556.7,21.6,
,,,,,,,SOLO,1782275506962,Wed Jun 24 2026 04:31:46 GMT+0000 (UTC),0,,,6,37.7,-38.5,556.7,21.6,
,,,,,,,SOLO,1782275518961,Wed Jun 24 2026 04:31:58 GMT+0000 (UTC),0,,,5,86.2,-43.6,558.4,21.6,
,,,,,,,SOLO,1782275533398,Wed Jun 24 2026 04:32:13 GMT+0000 (UTC),0,,,6,45.1,-62.9,558.5,21.6,
### next string
Dukes a 2,F 5,AU-600m,2127,1720,0,0
,,,,,,,SOLO,1782275235242,Wed Jun 24 2026 04:27:15 GMT+0000 (UTC),0,,sighter,6,-38.1,69.2,580.9,20.8,
,,,,,,,SOLO,1782275259607,Wed Jun 24 2026 04:27:39 GMT+0000 (UTC),0,,sighter,4,223.3,48.8,570.9,20.8,
,,,,,,,SOLO,1782275433807,Wed Jun 24 2026 04:30:33 GMT+0000 (UTC),0,,,6,10.7,71.8,574.3,21.1,
,,,,,,,SOLO,1782275454711,Wed Jun 24 2026 04:30:54 GMT+0000 (UTC),0,,,6,44.3,15.7,574.6,21.1,
,,,,,,,SOLO,1782275471491,Wed Jun 24 2026 04:31:11 GMT+0000 (UTC),0,,,5,94.3,-27.2,579.6,21.1,
,,,,,,,SOLO,1782275485619,Wed Jun 24 2026 04:31:25 GMT+0000 (UTC),0,,,X,-33.4,26.6,575.6,21.1,
,,,,,,,SOLO,1782275499343,Wed Jun 24 2026 04:31:39 GMT+0000 (UTC),0,,,X,19.8,-6.8,574.4,21.1,
,,,,,,,SOLO,1782275512236,Wed Jun 24 2026 04:31:52 GMT+0000 (UTC),0,,,X,-2.9,13.3,573.7,21.1,
,,,,,,,SOLO,1782275526597,Wed Jun 24 2026 04:32:06 GMT+0000 (UTC),0,,,X,-1.2,-15.6,561.9,21.1,
,,,,,,,SOLO,1782275540740,Wed Jun 24 2026 04:32:20 GMT+0000 (UTC),0,,,5,107,-36.5,567.4,21.1,
,,,,,,,SOLO,1782275561691,Wed Jun 24 2026 04:32:41 GMT+0000 (UTC),0,,,X,18.1,7.7,575.2,21.1,
,,,,,,,SOLO,1782275579179,Wed Jun 24 2026 04:32:59 GMT+0000 (UTC),0,,,6,29.4,-51,579,21.1,
### next string
43 derrt crisp,F 2,AU-600m,2128,1718,0,0
,,,,,,,SOLO,1782274829041,Wed Jun 24 2026 04:20:29 GMT+0000 (UTC),0,,sighter,6,-57.8,47.5,575.5,21.2,
,,,,,,,SOLO,1782274950200,Wed Jun 24 2026 04:22:30 GMT+0000 (UTC),0,,sighter,5,-39.4,86.9,586.5,21.1,
,,,,,,,SOLO,1782275066240,Wed Jun 24 2026 04:24:26 GMT+0000 (UTC),0,,,5,128.9,16.7,579.9,21.4,
,,,,,,,SOLO,1782275115579,Wed Jun 24 2026 04:25:15 GMT+0000 (UTC),0,,,X,-10.7,42.6,583.8,21.3,
,,,,,,,SOLO,1782275139014,Wed Jun 24 2026 04:25:39 GMT+0000 (UTC),0,,,5,124,11.2,579.6,21.3,
,,,,,,,SOLO,1782275245898,Wed Jun 24 2026 04:27:25 GMT+0000 (UTC),0,,,X,4.5,-21.8,583,21.3,
,,,,,,,SOLO,1782275275152,Wed Jun 24 2026 04:27:55 GMT+0000 (UTC),0,,,6,63.3,37.2,587.9,21.3,
,,,,,,,SOLO,1782275295765,Wed Jun 24 2026 04:28:15 GMT+0000 (UTC),0,,,6,57.2,29.2,586.5,21.3,
,,,,,,,SOLO,1782275319208,Wed Jun 24 2026 04:28:39 GMT+0000 (UTC),0,,,6,41.1,-23.8,579.3,21.3,
,,,,,,,SOLO,1782275342523,Wed Jun 24 2026 04:29:02 GMT+0000 (UTC),0,,,5,93.7,-62.7,576.3,21.5,
,,,,,,,SOLO,1782275382059,Wed Jun 24 2026 04:29:42 GMT+0000 (UTC),0,,,5,76.1,59.6,582.9,21.5,
,,,,,,,SOLO,1782275431178,Wed Jun 24 2026 04:30:31 GMT+0000 (UTC),0,,,6,-62.1,10.2,577.5,21.6,
### next string
Maguire John,F 3,AU-600m,2130,1722,0,0
,,,,,,,SOLO,1782275116451,Wed Jun 24 2026 04:25:16 GMT+0000 (UTC),0,,,6,6.9,51.5,547.9,21.2,
,,,,,,,SOLO,1782275140438,Wed Jun 24 2026 04:25:40 GMT+0000 (UTC),0,,,5,-17.9,115,542.3,21.2,
,,,,,,,SOLO,1782275166913,Wed Jun 24 2026 04:26:06 GMT+0000 (UTC),0,,,6,-72.8,-15.3,534.2,21.2,
,,,,,,,SOLO,1782275207349,Wed Jun 24 2026 04:26:47 GMT+0000 (UTC),0,,,4,-173,14,531.7,21.2,
,,,,,,,SOLO,1782275234329,Wed Jun 24 2026 04:27:14 GMT+0000 (UTC),0,,,6,-71.9,35.6,540.3,21.2,
,,,,,,,SOLO,1782275263203,Wed Jun 24 2026 04:27:43 GMT+0000 (UTC),0,,,6,63.6,10.4,543.7,21.2,
,,,,,,,SOLO,1782275290574,Wed Jun 24 2026 04:28:10 GMT+0000 (UTC),0,,,5,91.6,65.1,541.5,21.2,
,,,,,,,SOLO,1782275315518,Wed Jun 24 2026 04:28:35 GMT+0000 (UTC),0,,,X,-16.8,-0.5,538.8,21.2,
,,,,,,,SOLO,1782275339507,Wed Jun 24 2026 04:28:59 GMT+0000 (UTC),0,,,6,49.2,-15.9,541.9,21.4,
,,,,,,,SOLO,1782275364454,Wed Jun 24 2026 04:29:24 GMT+0000 (UTC),0,,,5,127.7,-9.8,539.5,21.4,
### next string
a mathison,F 4,AU-600m,2130,1720,0,0
,,,,,,,SOLO,1782274808770,Wed Jun 24 2026 04:20:08 GMT+0000 (UTC),0,,sighter,4,-176.2,0.3,568.8,21.6,
,,,,,,,SOLO,1782274843083,Wed Jun 24 2026 04:20:43 GMT+0000 (UTC),0,,,X,-41.1,-2.5,573,21.6,
,,,,,,,SOLO,1782274860464,Wed Jun 24 2026 04:21:00 GMT+0000 (UTC),0,,,6,-5,-44.9,567.7,21.6,
,,,,,,,SOLO,1782274889999,Wed Jun 24 2026 04:21:29 GMT+0000 (UTC),0,,,6,-24.2,48.7,569.7,21.6,
,,,,,,,SOLO,1782274907953,Wed Jun 24 2026 04:21:47 GMT+0000 (UTC),0,,,X,-32.8,3.9,565.5,21.6,
,,,,,,,SOLO,1782274922264,Wed Jun 24 2026 04:22:02 GMT+0000 (UTC),0,,,6,-70.4,-25.1,571,21.6,
,,,,,,,SOLO,1782274945269,Wed Jun 24 2026 04:22:25 GMT+0000 (UTC),0,,,X,33.4,20.5,567.3,21.7,
,,,,,,,SOLO,1782274961793,Wed Jun 24 2026 04:22:41 GMT+0000 (UTC),0,,,5,85.9,48.4,568.8,21.7,
,,,,,,,SOLO,1782274985938,Wed Jun 24 2026 04:23:05 GMT+0000 (UTC),0,,,5,104.5,-48.2,566.7,21.7,
,,,,,,,SOLO,1782275025920,Wed Jun 24 2026 04:23:45 GMT+0000 (UTC),0,,,4,213,47.4,566.2,21.6,
,,,,,,,SOLO,1782275215477,Wed Jun 24 2026 04:26:55 GMT+0000 (UTC),0,,,6,-47.5,-6.9,576,21.6,
### next string
hill44,F 1,AU-600m,2129,1723,0,0
,,,,,,,SOLO,1782274836359,Wed Jun 24 2026 04:20:36 GMT+0000 (UTC),0,,sighter,4,-168.9,-40.9,623.8,21.1,
,,,,,,,SOLO,1782274878855,Wed Jun 24 2026 04:21:18 GMT+0000 (UTC),0,,sighter,5,-124.7,15,624.9,21.1,
,,,,,,,SOLO,1782274908781,Wed Jun 24 2026 04:21:48 GMT+0000 (UTC),0,,,6,33.8,38.5,632,21.1,
,,,,,,,SOLO,1782274921252,Wed Jun 24 2026 04:22:01 GMT+0000 (UTC),0,,,X,-11.4,-1.2,622.7,21.1,
,,,,,,,SOLO,1782274932675,Wed Jun 24 2026 04:22:12 GMT+0000 (UTC),0,,,6,48,-44.8,631.6,21.1,
,,,,,,,SOLO,1782274954099,Wed Jun 24 2026 04:22:34 GMT+0000 (UTC),0,,,5,146.9,13.9,631.5,21.1,
,,,,,,,SOLO,1782275150325,Wed Jun 24 2026 04:25:50 GMT+0000 (UTC),0,,,6,-37.7,-34.5,627.2,21.3,
,,,,,,,SOLO,1782275163318,Wed Jun 24 2026 04:26:03 GMT+0000 (UTC),0,,,6,-63.1,25,633.7,21.3,
,,,,,,,SOLO,1782275176916,Wed Jun 24 2026 04:26:16 GMT+0000 (UTC),0,,,X,-20.9,2.8,625.6,21.3,
,,,,,,,SOLO,1782275198051,Wed Jun 24 2026 04:26:38 GMT+0000 (UTC),0,,,5,-78.5,-39.4,632.2,21.3,
,,,,,,,SOLO,1782275218410,Wed Jun 24 2026 04:26:58 GMT+0000 (UTC),0,,,6,-55.5,-25.7,633.3,21.3,
,,,,,,,SOLO,1782275232001,Wed Jun 24 2026 04:27:12 GMT+0000 (UTC),0,,,X,-31.5,-8.9,624.3,21.3,
### next string
kent j 142,F 5,AU-600m,2127,1720,0,0
,,,,,,,SOLO,1782274601318,Wed Jun 24 2026 04:16:41 GMT+0000 (UTC),0,,,6,-22.7,-53.3,604,21.1,
,,,,,,,SOLO,1782274664422,Wed Jun 24 2026 04:17:44 GMT+0000 (UTC),0,,,X,-24.8,31.9,603.6,21.1,
,,,,,,,SOLO,1782274809813,Wed Jun 24 2026 04:20:09 GMT+0000 (UTC),0,,,4,-218.9,22.5,607.7,20.9,
,,,,,,,SOLO,1782274861055,Wed Jun 24 2026 04:21:01 GMT+0000 (UTC),0,,,X,-38.5,-12.5,605.4,20.8,
,,,,,,,SOLO,1782274909031,Wed Jun 24 2026 04:21:49 GMT+0000 (UTC),0,,,6,9.9,43.7,603.7,20.8,
,,,,,,,SOLO,1782274936762,Wed Jun 24 2026 04:22:16 GMT+0000 (UTC),0,,,5,78.1,46.9,608.3,20.9,
,,,,,,,SOLO,1782274959880,Wed Jun 24 2026 04:22:39 GMT+0000 (UTC),0,,,6,-13.2,60.4,622.6,20.9,
,,,,,,,SOLO,1782275004033,Wed Jun 24 2026 04:23:24 GMT+0000 (UTC),0,,,5,98.3,4,606.5,20.9,
,,,,,,,SOLO,1782275049739,Wed Jun 24 2026 04:24:09 GMT+0000 (UTC),0,,,5,-131.5,34.1,598.1,20.9,
,,,,,,,SOLO,1782275075305,Wed Jun 24 2026 04:24:35 GMT+0000 (UTC),0,,,5,95.4,-0.1,607,20.9,
### next string
pearsall 40,F 3,AU-600m,2130,1722,0,0
,,,,,,,SOLO,1782274541960,Wed Jun 24 2026 04:15:41 GMT+0000 (UTC),0,,,6,-69.7,-14.2,621.9,21.4,
,,,,,,,SOLO,1782274585074,Wed Jun 24 2026 04:16:25 GMT+0000 (UTC),0,,,X,38,-0.3,616.1,21.4,
,,,,,,,SOLO,1782274614089,Wed Jun 24 2026 04:16:54 GMT+0000 (UTC),0,,,X,25.3,-2.5,617.7,21.4,
,,,,,,,SOLO,1782274635676,Wed Jun 24 2026 04:17:15 GMT+0000 (UTC),0,,,X,1.4,8.6,617.3,21.4,
,,,,,,,SOLO,1782274918496,Wed Jun 24 2026 04:21:58 GMT+0000 (UTC),0,,,6,-51.5,0.7,614.6,21.1,
,,,,,,,SOLO,1782274939198,Wed Jun 24 2026 04:22:19 GMT+0000 (UTC),0,,,6,-27.8,-47.4,617.8,21.1,
,,,,,,,SOLO,1782274956640,Wed Jun 24 2026 04:22:36 GMT+0000 (UTC),0,,,X,-10.1,-10,615.8,21.1,
,,,,,,,SOLO,1782274979320,Wed Jun 24 2026 04:22:59 GMT+0000 (UTC),0,,,X,38.9,-4.6,621.7,21.1,
,,,,,,,SOLO,1782274999918,Wed Jun 24 2026 04:23:19 GMT+0000 (UTC),0,,,5,103.6,31.1,614.6,21.4,
,,,,,,,SOLO,1782275049349,Wed Jun 24 2026 04:24:09 GMT+0000 (UTC),0,,,X,-17.8,21.9,621.6,21.4,
### next string
Muljoatmodjo 129,F 1,AU-600m,2129,1723,0,0
,,,,,,,SOLO,1782273887580,Wed Jun 24 2026 04:04:47 GMT+0000 (UTC),0,,sighter,5,-134.6,-16.5,561,21.5,
,,,,,,,SOLO,1782274114323,Wed Jun 24 2026 04:08:34 GMT+0000 (UTC),0,,,X,-11.3,35.3,562.9,21.4,
,,,,,,,SOLO,1782274137521,Wed Jun 24 2026 04:08:57 GMT+0000 (UTC),0,,,5,113.3,6,560.7,21.4,
,,,,,,,SOLO,1782274189867,Wed Jun 24 2026 04:09:49 GMT+0000 (UTC),0,,,6,73.1,-26.9,555.2,21.4,
,,,,,,,SOLO,1782274215428,Wed Jun 24 2026 04:10:15 GMT+0000 (UTC),0,,,5,70.5,90.3,556.2,21.4,
,,,,,,,SOLO,1782274331651,Wed Jun 24 2026 04:12:11 GMT+0000 (UTC),0,,,X,-3,-23.5,555.6,21.4,
,,,,,,,SOLO,1782274350974,Wed Jun 24 2026 04:12:30 GMT+0000 (UTC),0,,,6,56.5,-20.8,558.7,21.4,
,,,,,,,SOLO,1782274409436,Wed Jun 24 2026 04:13:29 GMT+0000 (UTC),0,,,5,-124,-33.9,562.6,21.5,
,,,,,,,SOLO,1782274547593,Wed Jun 24 2026 04:15:47 GMT+0000 (UTC),0,,,4,220.6,-24.1,551.5,21.5,
,,,,,,,SOLO,1782274667449,Wed Jun 24 2026 04:17:47 GMT+0000 (UTC),0,,,5,-117.5,19.7,551.8,21.4,
,,,,,,,SOLO,1782274692505,Wed Jun 24 2026 04:18:12 GMT+0000 (UTC),0,,,6,11.2,-67,557.4,21.4,
### next string
Galea #124,F 2,AU-600m,2128,1718,0,0
,,,,,,,SOLO,1782274409010,Wed Jun 24 2026 04:13:29 GMT+0000 (UTC),0,,sighter,4,-313.5,-99.7,542.8,21.6,
,,,,,,,SOLO,1782274534886,Wed Jun 24 2026 04:15:34 GMT+0000 (UTC),0,,sighter,5,65.3,56.3,548,21.5,
,,,,,,,SOLO,1782274549681,Wed Jun 24 2026 04:15:49 GMT+0000 (UTC),0,,,5,147.8,-47.8,544.7,21.5,
,,,,,,,SOLO,1782274570534,Wed Jun 24 2026 04:16:10 GMT+0000 (UTC),0,,,6,36.4,-48.6,545.6,21.5,
,,,,,,,SOLO,1782274582420,Wed Jun 24 2026 04:16:22 GMT+0000 (UTC),0,,,6,80.7,10.3,546.8,21.5,
,,,,,,,SOLO,1782274595342,Wed Jun 24 2026 04:16:35 GMT+0000 (UTC),0,,,6,63.1,-24.2,551.4,21.5,
,,,,,,,SOLO,1782274609468,Wed Jun 24 2026 04:16:49 GMT+0000 (UTC),0,,,6,48.7,10.6,554.6,21.5,
,,,,,,,SOLO,1782274621221,Wed Jun 24 2026 04:17:01 GMT+0000 (UTC),0,,,X,-33.5,21.8,544,21.5,
,,,,,,,SOLO,1782274631523,Wed Jun 24 2026 04:17:11 GMT+0000 (UTC),0,,,6,-32.4,39,554.4,21.5,
,,,,,,,SOLO,1782274641413,Wed Jun 24 2026 04:17:21 GMT+0000 (UTC),0,,,6,49.2,-10.5,543.9,21.4,
,,,,,,,SOLO,1782274651943,Wed Jun 24 2026 04:17:31 GMT+0000 (UTC),0,,,6,70.3,-5.4,547.7,21.4,
,,,,,,,SOLO,1782274661868,Wed Jun 24 2026 04:17:41 GMT+0000 (UTC),0,,,X,-3.9,-19.9,538.9,21.4,
### next string
fincham J 168,F 4,AU-600m,2130,1720,0,0
,,,,,,,SOLO,1782274364563,Wed Jun 24 2026 04:12:44 GMT+0000 (UTC),0,,sighter,4,-117.6,233.1,593.2,21.8,
,,,,,,,SOLO,1782274395680,Wed Jun 24 2026 04:13:15 GMT+0000 (UTC),0,,,6,63.4,44.1,594,21.8,
,,,,,,,SOLO,1782274435368,Wed Jun 24 2026 04:13:55 GMT+0000 (UTC),0,,,5,-85.4,32.2,589.3,21.8,
,,,,,,,SOLO,1782274462198,Wed Jun 24 2026 04:14:22 GMT+0000 (UTC),0,,,X,35,16.3,597.3,21.8,
,,,,,,,SOLO,1782274499829,Wed Jun 24 2026 04:14:59 GMT+0000 (UTC),0,,,5,-84.7,-23.1,593.1,21.8,
,,,,,,,SOLO,1782274527585,Wed Jun 24 2026 04:15:27 GMT+0000 (UTC),0,,,X,-0.7,43.2,597.9,21.8,
,,,,,,,SOLO,1782274548328,Wed Jun 24 2026 04:15:48 GMT+0000 (UTC),0,,,5,157.9,28.3,600.7,21.8,
,,,,,,,SOLO,1782274582642,Wed Jun 24 2026 04:16:22 GMT+0000 (UTC),0,,,6,-29.5,59.6,601.1,21.8,
,,,,,,,SOLO,1782274608838,Wed Jun 24 2026 04:16:48 GMT+0000 (UTC),0,,,X,-23,4.5,605.8,21.9,
,,,,,,,SOLO,1782274627104,Wed Jun 24 2026 04:17:07 GMT+0000 (UTC),0,,,X,-28.5,28.9,595.4,21.9,
,,,,,,,SOLO,1782274649171,Wed Jun 24 2026 04:17:29 GMT+0000 (UTC),0,,,X,33.4,-12.9,598.6,21.9,
### next string
haines t 64,F 5,AU-600m,2127,1720,0,0
,,,,,,,SOLO,1782274169725,Wed Jun 24 2026 04:09:29 GMT+0000 (UTC),0,,sighter,4,-244.9,81.3,571.8,21.1,
,,,,,,,SOLO,1782274194440,Wed Jun 24 2026 04:09:54 GMT+0000 (UTC),0,,,6,-68.6,46.4,573,21.1,
,,,,,,,SOLO,1782274222925,Wed Jun 24 2026 04:10:22 GMT+0000 (UTC),0,,,5,108.9,-15.4,579.5,21.1,
,,,,,,,SOLO,1782274255086,Wed Jun 24 2026 04:10:55 GMT+0000 (UTC),0,,,5,75.1,38.9,580,21.1,
,,,,,,,SOLO,1782274284431,Wed Jun 24 2026 04:11:24 GMT+0000 (UTC),0,,,6,68.7,-27.8,583,21.1,
,,,,,,,SOLO,1782274313973,Wed Jun 24 2026 04:11:53 GMT+0000 (UTC),0,,,5,-90.3,53.5,580,21.1,
,,,,,,,SOLO,1782274357028,Wed Jun 24 2026 04:12:37 GMT+0000 (UTC),0,,,X,8.3,9.6,593.9,20.9,
,,,,,,,SOLO,1782274393552,Wed Jun 24 2026 04:13:13 GMT+0000 (UTC),0,,,X,7.4,-0.9,585.8,20.9,
,,,,,,,SOLO,1782274411177,Wed Jun 24 2026 04:13:31 GMT+0000 (UTC),0,,,X,35,10.1,590,20.9,
,,,,,,,SOLO,1782274473304,Wed Jun 24 2026 04:14:33 GMT+0000 (UTC),0,,,X,9.1,28.2,584.4,21,
,,,,,,,SOLO,1782274499213,Wed Jun 24 2026 04:14:59 GMT+0000 (UTC),0,,,5,-95.6,14.1,580,21.1,
### next string
sipinkoski 112,F 3,AU-600m,2130,1722,0,0
,,,,,,,SOLO,1782274118179,Wed Jun 24 2026 04:08:38 GMT+0000 (UTC),0,,sighter,5,-88.3,18.1,564.3,21.4,
,,,,,,,SOLO,1782274151916,Wed Jun 24 2026 04:09:11 GMT+0000 (UTC),0,,sighter,5,-48.9,99,565.6,21.3,
,,,,,,,SOLO,1782274183843,Wed Jun 24 2026 04:09:43 GMT+0000 (UTC),0,,,X,11.4,12.8,565.3,21.3,
,,,,,,,SOLO,1782274203334,Wed Jun 24 2026 04:10:03 GMT+0000 (UTC),0,,,4,121.7,-113.9,559.8,21.3,
,,,,,,,SOLO,1782274228933,Wed Jun 24 2026 04:10:28 GMT+0000 (UTC),0,,,6,-4.8,55.8,562.1,21.4,
,,,,,,,SOLO,1782274246089,Wed Jun 24 2026 04:10:46 GMT+0000 (UTC),0,,,6,12.1,53.9,560.9,21.4,
,,,,,,,SOLO,1782274263448,Wed Jun 24 2026 04:11:03 GMT+0000 (UTC),0,,,6,6.3,60.1,566,21.4,
,,,,,,,SOLO,1782274280797,Wed Jun 24 2026 04:11:20 GMT+0000 (UTC),0,,,5,135.3,-50.5,564.6,21.4,
,,,,,,,SOLO,1782274298278,Wed Jun 24 2026 04:11:38 GMT+0000 (UTC),0,,,X,-33.9,8,561.3,21.3,
,,,,,,,SOLO,1782274312892,Wed Jun 24 2026 04:11:52 GMT+0000 (UTC),0,,,6,-74.1,-34.9,565.3,21.3,
,,,,,,,SOLO,1782274328269,Wed Jun 24 2026 04:12:08 GMT+0000 (UTC),0,,,X,9.2,18.3,565.6,21.3,
,,,,,,,SOLO,1782274342659,Wed Jun 24 2026 04:12:22 GMT+0000 (UTC),0,,,X,-25.3,-22.7,561.4,21.3,
### next string
Austin C,F 4,AU-600m,2130,1720,0,0
,,,,,,,SOLO,1782273883373,Wed Jun 24 2026 04:04:43 GMT+0000 (UTC),0,,sighter,1,31.5,-785.6,576.8,21.9,
,,,,,,,SOLO,1782273945337,Wed Jun 24 2026 04:05:45 GMT+0000 (UTC),0,,sighter,4,145.9,-211.8,574.8,21.9,
,,,,,,,SOLO,1782273998959,Wed Jun 24 2026 04:06:38 GMT+0000 (UTC),0,,,5,-130.1,3.4,569.6,21.8,
,,,,,,,SOLO,1782274038857,Wed Jun 24 2026 04:07:18 GMT+0000 (UTC),0,,,5,-99.7,24,567.2,21.8,
,,,,,,,SOLO,1782274079213,Wed Jun 24 2026 04:07:59 GMT+0000 (UTC),0,,,5,87.3,39.1,570.7,21.8,
,,,,,,,SOLO,1782274130238,Wed Jun 24 2026 04:08:50 GMT+0000 (UTC),0,,,X,13.9,-20.7,576.1,21.8,
,,,,,,,SOLO,1782274157329,Wed Jun 24 2026 04:09:17 GMT+0000 (UTC),0,,,X,9.3,-21.9,569.2,21.8,
,,,,,,,SOLO,1782274176735,Wed Jun 24 2026 04:09:36 GMT+0000 (UTC),0,,,X,28,3.3,570.2,21.8,
,,,,,,,SOLO,1782274198051,Wed Jun 24 2026 04:09:58 GMT+0000 (UTC),0,,,X,12.6,-32.3,570.4,21.8,
,,,,,,,SOLO,1782274217780,Wed Jun 24 2026 04:10:17 GMT+0000 (UTC),0,,,5,35.7,-80.8,571.3,21.8,
,,,,,,,SOLO,1782274238160,Wed Jun 24 2026 04:10:38 GMT+0000 (UTC),0,,,5,107.1,-67.9,577.2,21.8,
,,,,,,,SOLO,1782274255847,Wed Jun 24 2026 04:10:55 GMT+0000 (UTC),0,,,X,13.2,-9.7,567.5,21.8,
### next string
McIntosh 10,F 2,AU-600m,2128,1718,0,0
,,,,,,,SOLO,1782273601929,Wed Jun 24 2026 04:00:01 GMT+0000 (UTC),0,,sighter,4,-239.5,-66.8,537.4,21.4,
,,,,,,,SOLO,1782273667978,Wed Jun 24 2026 04:01:07 GMT+0000 (UTC),0,,sighter,3,345.1,-67,542.9,21.4,
,,,,,,,SOLO,1782273753056,Wed Jun 24 2026 04:02:33 GMT+0000 (UTC),0,,,4,-222.3,-19.9,537.4,21.5,
,,,,,,,SOLO,1782273811547,Wed Jun 24 2026 04:03:31 GMT+0000 (UTC),0,,,4,194.6,-47.7,540,21.6,
,,,,,,,SOLO,1782273865149,Wed Jun 24 2026 04:04:25 GMT+0000 (UTC),0,,,5,-87.6,-80.9,533,21.6,
,,,,,,,SOLO,1782273919476,Wed Jun 24 2026 04:05:19 GMT+0000 (UTC),0,,,V,-9.9,-75.4,538.3,21.5,
,,,,,,,SOLO,1782273996761,Wed Jun 24 2026 04:06:36 GMT+0000 (UTC),0,,,5,13,92.3,539.8,21.5,
,,,,,,,SOLO,1782274073049,Wed Jun 24 2026 04:07:53 GMT+0000 (UTC),0,,,5,-38.2,139,537.2,21.4,
,,,,,,,SOLO,1782274121230,Wed Jun 24 2026 04:08:41 GMT+0000 (UTC),0,,,5,107.3,-55.5,539.9,21.4,
,,,,,,,SOLO,1782274176349,Wed Jun 24 2026 04:09:36 GMT+0000 (UTC),0,,,V,-75.7,-15.7,538.9,21.4,
,,,,,,,SOLO,1782274230442,Wed Jun 24 2026 04:10:30 GMT+0000 (UTC),0,,,V,-9.6,34.1,539.9,21.6,
,,,,,,,SOLO,1782274270342,Wed Jun 24 2026 04:11:10 GMT+0000 (UTC),0,,,5,98.1,-44.6,536.3,21.6,
### next string
spenser 29,F 5,AU-600m,2127,1720,0,0
,,,,,,,SOLO,1782273716943,Wed Jun 24 2026 04:01:56 GMT+0000 (UTC),0,,sighter,5,93.8,-3.6,554.6,20.9,
,,,,,,,SOLO,1782273755262,Wed Jun 24 2026 04:02:35 GMT+0000 (UTC),0,,sighter,4,245.7,-131.9,549.8,21.1,
,,,,,,,SOLO,1782273810171,Wed Jun 24 2026 04:03:30 GMT+0000 (UTC),0,,,5,119.1,2.5,545.9,21.1,
,,,,,,,SOLO,1782273839129,Wed Jun 24 2026 04:03:59 GMT+0000 (UTC),0,,,V,-82.6,13.7,547.2,21.2,
,,,,,,,SOLO,1782273864037,Wed Jun 24 2026 04:04:24 GMT+0000 (UTC),0,,,5,-97.5,-5.7,548.9,21.2,
,,,,,,,SOLO,1782273888338,Wed Jun 24 2026 04:04:48 GMT+0000 (UTC),0,,,5,-111.3,-14.6,541.1,21.2,
,,,,,,,SOLO,1782273910980,Wed Jun 24 2026 04:05:10 GMT+0000 (UTC),0,,,V,17.8,14.8,545.8,21.1,
,,,,,,,SOLO,1782273932373,Wed Jun 24 2026 04:05:32 GMT+0000 (UTC),0,,,V,33.1,0.3,546.7,21.1,
,,,,,,,SOLO,1782273953356,Wed Jun 24 2026 04:05:53 GMT+0000 (UTC),0,,,V,17.3,35.4,550,21.1,
,,,,,,,SOLO,1782273972290,Wed Jun 24 2026 04:06:12 GMT+0000 (UTC),0,,,5,-126.9,-52.7,550.2,21.1,
,,,,,,,SOLO,1782274002892,Wed Jun 24 2026 04:06:42 GMT+0000 (UTC),0,,,4,240.8,-108.5,548.6,21,
,,,,,,,SOLO,1782274043966,Wed Jun 24 2026 04:07:23 GMT+0000 (UTC),0,,,5,-142,-2.6,547.8,21,
### next string
Schwebel C,F 3,AU-600m,2130,1722,0,0
,,,,,,,SOLO,1782273512138,Wed Jun 24 2026 03:58:32 GMT+0000 (UTC),0,,,5,-113.4,7,556.7,21.3,
,,,,,,,SOLO,1782273572910,Wed Jun 24 2026 03:59:32 GMT+0000 (UTC),0,,,V,70.2,-31.3,565.7,21.3,
,,,,,,,SOLO,1782273644202,Wed Jun 24 2026 04:00:44 GMT+0000 (UTC),0,,,V,7.3,2.6,557.1,21.3,
,,,,,,,SOLO,1782273695954,Wed Jun 24 2026 04:01:35 GMT+0000 (UTC),0,,,5,-108.5,-10.3,555.6,21.3,
,,,,,,,SOLO,1782273722008,Wed Jun 24 2026 04:02:02 GMT+0000 (UTC),0,,,V,30.7,-7.2,553.7,21.3,
,,,,,,,SOLO,1782273755922,Wed Jun 24 2026 04:02:35 GMT+0000 (UTC),0,,,V,-0.5,-12.4,552.6,21.3,
,,,,,,,SOLO,1782273797198,Wed Jun 24 2026 04:03:17 GMT+0000 (UTC),0,,,5,119,-1.8,559,21.4,
,,,,,,,SOLO,1782273854439,Wed Jun 24 2026 04:04:14 GMT+0000 (UTC),0,,,V,34.8,12,559.3,21.4,
,,,,,,,SOLO,1782273975021,Wed Jun 24 2026 04:06:15 GMT+0000 (UTC),0,,,5,-106.4,-18.6,560.4,21.4,
,,,,,,,SOLO,1782274019907,Wed Jun 24 2026 04:06:59 GMT+0000 (UTC),0,,,5,-72.2,59.5,551.9,21.4,
### next string
Horder G 15 M3,F 1,AU-600m,2129,1723,0,0
,,,,,,,SOLO,1782273348046,Wed Jun 24 2026 03:55:48 GMT+0000 (UTC),0,,sighter,4,45.9,-226.9,491.6,21.6,
,,,,,,,SOLO,1782273395428,Wed Jun 24 2026 03:56:35 GMT+0000 (UTC),0,,sighter,4,18.5,-266.3,493.9,21.5,
,,,,,,,SOLO,1782273445749,Wed Jun 24 2026 03:57:25 GMT+0000 (UTC),0,,,5,-60.9,73.6,494.5,21.5,
,,,,,,,SOLO,1782273484909,Wed Jun 24 2026 03:58:04 GMT+0000 (UTC),0,,,5,120.9,78.7,493.7,21.5,
,,,,,,,SOLO,1782273527509,Wed Jun 24 2026 03:58:47 GMT+0000 (UTC),0,,,4,239.8,81.2,497.8,21.5,
,,,,,,,SOLO,1782273569058,Wed Jun 24 2026 03:59:29 GMT+0000 (UTC),0,,,4,-298.9,34.5,500.6,21.4,
,,,,,,,SOLO,1782273607326,Wed Jun 24 2026 04:00:07 GMT+0000 (UTC),0,,,4,178.2,44.1,497.3,21.4,
,,,,,,,SOLO,1782273643277,Wed Jun 24 2026 04:00:43 GMT+0000 (UTC),0,,,4,-210.4,10.3,497.2,21.3,
,,,,,,,SOLO,1782273679076,Wed Jun 24 2026 04:01:19 GMT+0000 (UTC),0,,,5,50.5,72.3,491.7,21.3,
,,,,,,,SOLO,1782273709144,Wed Jun 24 2026 04:01:49 GMT+0000 (UTC),0,,,4,-256.1,183.5,506,21.4,
,,,,,,,SOLO,1782273749496,Wed Jun 24 2026 04:02:29 GMT+0000 (UTC),0,,,5,-43,-89.7,497.4,21.4,
,,,,,,,SOLO,1782273784428,Wed Jun 24 2026 04:03:04 GMT+0000 (UTC),0,,,V,-37.7,29.6,496.3,21.4,
### next string
Picton B,F 4,AU-600m,2130,1720,0,0
,,,,,,,SOLO,1782273344009,Wed Jun 24 2026 03:55:44 GMT+0000 (UTC),0,,sighter,4,-154.2,-97.8,546.2,21.9,
,,,,,,,SOLO,1782273383154,Wed Jun 24 2026 03:56:23 GMT+0000 (UTC),0,,sighter,5,-128,4,538.8,21.9,
,,,,,,,SOLO,1782273407010,Wed Jun 24 2026 03:56:47 GMT+0000 (UTC),0,,,5,-153.1,-21.7,539.5,21.9,
,,,,,,,SOLO,1782273442824,Wed Jun 24 2026 03:57:22 GMT+0000 (UTC),0,,,V,-7.8,-2.9,547.7,21.9,
,,,,,,,SOLO,1782273507156,Wed Jun 24 2026 03:58:27 GMT+0000 (UTC),0,,,5,74.2,-41.4,535.5,21.8,
,,,,,,,SOLO,1782273534380,Wed Jun 24 2026 03:58:54 GMT+0000 (UTC),0,,,4,179.5,17.2,539.8,21.8,
,,,,,,,SOLO,1782273561180,Wed Jun 24 2026 03:59:21 GMT+0000 (UTC),0,,,V,-60.5,-23.8,532.7,21.8,
,,,,,,,SOLO,1782273582049,Wed Jun 24 2026 03:59:42 GMT+0000 (UTC),0,,,V,-23.8,0.8,539.2,21.7,
,,,,,,,SOLO,1782273602733,Wed Jun 24 2026 04:00:02 GMT+0000 (UTC),0,,,V,54.5,-34.5,541.3,21.7,
,,,,,,,SOLO,1782273624956,Wed Jun 24 2026 04:00:24 GMT+0000 (UTC),0,,,5,75.5,91.3,545.1,21.7,
,,,,,,,SOLO,1782273652099,Wed Jun 24 2026 04:00:52 GMT+0000 (UTC),0,,,V,18.8,-25.7,540.9,21.7,
,,,,,,,SOLO,1782273672413,Wed Jun 24 2026 04:01:12 GMT+0000 (UTC),0,,,V,44.1,-42.3,538.2,21.6,
### next string
williams s 23295,F 5,AU-600m,2127,1720,0,0
,,,,,,,SOLO,1782273065579,Wed Jun 24 2026 03:51:05 GMT+0000 (UTC),0,,,5,-87.8,-68.3,532.1,21.5,
,,,,,,,SOLO,1782273130359,Wed Jun 24 2026 03:52:10 GMT+0000 (UTC),0,,,5,92,17.1,556.2,21.5,
,,,,,,,SOLO,1782273178647,Wed Jun 24 2026 03:52:58 GMT+0000 (UTC),0,,,V,45.2,40.9,537.9,21.4,
,,,,,,,SOLO,1782273215022,Wed Jun 24 2026 03:53:35 GMT+0000 (UTC),0,,,V,73,30.8,531.1,21.4,
,,,,,,,SOLO,1782273262309,Wed Jun 24 2026 03:54:22 GMT+0000 (UTC),0,,,V,-26.4,19.5,546.6,21.3,
,,,,,,,SOLO,1782273298632,Wed Jun 24 2026 03:54:58 GMT+0000 (UTC),0,,,5,-83.2,53.2,537.4,21.3,
,,,,,,,SOLO,1782273366275,Wed Jun 24 2026 03:56:06 GMT+0000 (UTC),0,,,3,301.9,174.1,543.6,21.2,
,,,,,,,SOLO,1782273424039,Wed Jun 24 2026 03:57:04 GMT+0000 (UTC),0,,,4,-181.5,64.2,538.5,21.1,
,,,,,,,SOLO,1782273475941,Wed Jun 24 2026 03:57:55 GMT+0000 (UTC),0,,,V,38.6,-27.9,533.7,21.1,
,,,,,,,SOLO,1782273517132,Wed Jun 24 2026 03:58:37 GMT+0000 (UTC),0,,,V,-9.3,40.6,545.8,21,
### next string
Schwebel 80,F 2,AU-600m,2128,1718,0,0
,,,,,,,SOLO,1782273046011,Wed Jun 24 2026 03:50:46 GMT+0000 (UTC),0,,,V,16.8,52.1,544,21.9,
,,,,,,,SOLO,1782273087588,Wed Jun 24 2026 03:51:27 GMT+0000 (UTC),0,,,V,54.3,41.4,545.7,21.9,
,,,,,,,SOLO,1782273136068,Wed Jun 24 2026 03:52:16 GMT+0000 (UTC),0,,,5,10.9,145.6,547.5,21.8,
,,,,,,,SOLO,1782273171836,Wed Jun 24 2026 03:52:51 GMT+0000 (UTC),0,,,5,157.8,17.1,552.7,21.8,
,,,,,,,SOLO,1782273234902,Wed Jun 24 2026 03:53:54 GMT+0000 (UTC),0,,,V,38.3,-63.5,543.7,21.7,
,,,,,,,SOLO,1782273275437,Wed Jun 24 2026 03:54:35 GMT+0000 (UTC),0,,,V,39,-22.9,546.6,21.7,
,,,,,,,SOLO,1782273317352,Wed Jun 24 2026 03:55:17 GMT+0000 (UTC),0,,,V,-39.8,15.8,546.2,21.6,
,,,,,,,SOLO,1782273352164,Wed Jun 24 2026 03:55:52 GMT+0000 (UTC),0,,,5,-151.9,-29,544.9,21.6,
,,,,,,,SOLO,1782273409579,Wed Jun 24 2026 03:56:49 GMT+0000 (UTC),0,,,5,75.4,39.5,553,21.6,
,,,,,,,SOLO,1782273456850,Wed Jun 24 2026 03:57:36 GMT+0000 (UTC),0,,,V,-2.2,-24.8,549.4,21.4,
### next string
McCauley B,F 3,AU-600m,2130,1722,0,0
,,,,,,,SOLO,1782273023415,Wed Jun 24 2026 03:50:23 GMT+0000 (UTC),0,,,5,103.8,29.4,563.8,21.8,
,,,,,,,SOLO,1782273065834,Wed Jun 24 2026 03:51:05 GMT+0000 (UTC),0,,,5,101.7,2.5,570,21.9,
,,,,,,,SOLO,1782273108001,Wed Jun 24 2026 03:51:48 GMT+0000 (UTC),0,,,5,-146.2,-16.1,558.2,21.9,
,,,,,,,SOLO,1782273161600,Wed Jun 24 2026 03:52:41 GMT+0000 (UTC),0,,,V,5.1,66.1,566.5,21.8,
,,,,,,,SOLO,1782273198775,Wed Jun 24 2026 03:53:18 GMT+0000 (UTC),0,,,V,39.6,-31.1,568.8,21.8,
,,,,,,,SOLO,1782273224875,Wed Jun 24 2026 03:53:44 GMT+0000 (UTC),0,,,5,-44,94,561.1,21.6,
,,,,,,,SOLO,1782273265652,Wed Jun 24 2026 03:54:25 GMT+0000 (UTC),0,,,V,-27.3,77.4,566.5,21.6,
,,,,,,,SOLO,1782273324491,Wed Jun 24 2026 03:55:24 GMT+0000 (UTC),0,,,V,-37.6,0.7,561.8,21.6,
,,,,,,,SOLO,1782273355511,Wed Jun 24 2026 03:55:55 GMT+0000 (UTC),0,,,V,-18.4,-47.3,559.5,21.6,
,,,,,,,SOLO,1782273386949,Wed Jun 24 2026 03:56:26 GMT+0000 (UTC),0,,,5,92.8,17,567.8,21.4,
### next string
Dyson A,F 4,AU-600m,2130,1720,0,0
,,,,,,,SOLO,1782272445337,Wed Jun 24 2026 03:40:45 GMT+0000 (UTC),0,,sighter,4,-206,44.3,556,21.6,
,,,,,,,SOLO,1782272505307,Wed Jun 24 2026 03:41:45 GMT+0000 (UTC),0,,sighter,4,222.1,177.6,556,21.6,
,,,,,,,SOLO,1782272568791,Wed Jun 24 2026 03:42:48 GMT+0000 (UTC),0,,,4,79.9,-149.2,555.3,21.6,
,,,,,,,SOLO,1782272645835,Wed Jun 24 2026 03:44:05 GMT+0000 (UTC),0,,,V,31.3,-13.6,553.4,21.4,
,,,,,,,SOLO,1782272711409,Wed Jun 24 2026 03:45:11 GMT+0000 (UTC),0,,,V,1.3,4,551.3,21.5,
,,,,,,,SOLO,1782272784043,Wed Jun 24 2026 03:46:24 GMT+0000 (UTC),0,,,4,280.7,-30.2,553.4,21.6,
,,,,,,,SOLO,1782272852815,Wed Jun 24 2026 03:47:32 GMT+0000 (UTC),0,,,V,65.8,-0.9,557.2,21.9,
,,,,,,,SOLO,1782272907169,Wed Jun 24 2026 03:48:27 GMT+0000 (UTC),0,,,V,12,15.6,562.6,22.1,
,,,,,,,SOLO,1782272960808,Wed Jun 24 2026 03:49:20 GMT+0000 (UTC),0,,,5,-21.8,-138.4,554.8,22.1,
,,,,,,,SOLO,1782273020471,Wed Jun 24 2026 03:50:20 GMT+0000 (UTC),0,,,4,-198.3,-63.2,551.6,22.2,
,,,,,,,SOLO,1782273131290,Wed Jun 24 2026 03:52:11 GMT+0000 (UTC),0,,,5,-11.3,-100.1,548.5,22.1,
,,,,,,,SOLO,1782273176121,Wed Jun 24 2026 03:52:56 GMT+0000 (UTC),0,,,V,-62.2,-43.3,557.7,22.1,
### next string
Sheppard M 82 M3,F 1,AU-600m,2129,1723,0,0
,,,,,,,SOLO,1782272498153,Wed Jun 24 2026 03:41:38 GMT+0000 (UTC),0,,,5,-81,-23.6,560.6,21.4,
,,,,,,,SOLO,1782272542050,Wed Jun 24 2026 03:42:22 GMT+0000 (UTC),0,,,4,-174.6,-3.5,550.9,21.3,
,,,,,,,SOLO,1782272654557,Wed Jun 24 2026 03:44:14 GMT+0000 (UTC),0,,,5,32.5,-83.4,549.1,21.3,
,,,,,,,SOLO,1782272708239,Wed Jun 24 2026 03:45:08 GMT+0000 (UTC),0,,,5,81.4,-75.4,555,21.4,
,,,,,,,SOLO,1782272757248,Wed Jun 24 2026 03:45:57 GMT+0000 (UTC),0,,,5,96.3,51.9,554.5,21.4,
,,,,,,,SOLO,1782272859838,Wed Jun 24 2026 03:47:39 GMT+0000 (UTC),0,,,5,92,-73.9,544.2,21.6,
,,,,,,,SOLO,1782272911764,Wed Jun 24 2026 03:48:31 GMT+0000 (UTC),0,,,5,-69.1,-49.1,556,21.6,
,,,,,,,SOLO,1782272951280,Wed Jun 24 2026 03:49:11 GMT+0000 (UTC),0,,,5,-121.3,8.6,544.5,21.9,
,,,,,,,SOLO,1782273027657,Wed Jun 24 2026 03:50:27 GMT+0000 (UTC),0,,,5,108.7,-32.1,545.5,21.9,
,,,,,,,SOLO,1782273054206,Wed Jun 24 2026 03:50:54 GMT+0000 (UTC),0,,,5,-105.6,27.8,546.5,21.9,
,,,,,,,SOLO,1782273113903,Wed Jun 24 2026 03:51:53 GMT+0000 (UTC),0,,,5,-97.4,56.5,541.4,21.9,
,,,,,,,SOLO,1782273151184,Wed Jun 24 2026 03:52:31 GMT+0000 (UTC),0,,,5,-123.9,52.8,553.3,21.9,
### next string
Bell A,F 5,AU-600m,2127,1720,0,0
,,,,,,,SOLO,1782272332168,Wed Jun 24 2026 03:38:52 GMT+0000 (UTC),0,,sighter,5,-95.8,26,547.8,21,
,,,,,,,SOLO,1782272376148,Wed Jun 24 2026 03:39:36 GMT+0000 (UTC),0,,sighter,4,-210.6,61.6,551.8,21,
,,,,,,,SOLO,1782272453089,Wed Jun 24 2026 03:40:53 GMT+0000 (UTC),0,,,5,-104.1,-90.2,544.9,21,
,,,,,,,SOLO,1782272506522,Wed Jun 24 2026 03:41:46 GMT+0000 (UTC),0,,,5,110.6,78,539.1,21,
,,,,,,,SOLO,1782272546715,Wed Jun 24 2026 03:42:26 GMT+0000 (UTC),0,,,5,-64.8,55.5,553.3,21,
,,,,,,,SOLO,1782272584164,Wed Jun 24 2026 03:43:04 GMT+0000 (UTC),0,,,5,-87,8.9,547.2,20.8,
,,,,,,,SOLO,1782272636175,Wed Jun 24 2026 03:43:56 GMT+0000 (UTC),0,,,5,-5,84.2,545,20.8,
,,,,,,,SOLO,1782272682163,Wed Jun 24 2026 03:44:42 GMT+0000 (UTC),0,,,V,-2.7,39,552.3,20.8,
,,,,,,,SOLO,1782272730198,Wed Jun 24 2026 03:45:30 GMT+0000 (UTC),0,,,5,-84.4,-115.9,541.8,20.8,
,,,,,,,SOLO,1782272771490,Wed Jun 24 2026 03:46:11 GMT+0000 (UTC),0,,,5,7.5,95,550.5,21,
,,,,,,,SOLO,1782272812808,Wed Jun 24 2026 03:46:52 GMT+0000 (UTC),0,,,3,339.4,0.6,542.8,21,
,,,,,,,SOLO,1782272911331,Wed Jun 24 2026 03:48:31 GMT+0000 (UTC),0,,,4,-191.6,50.7,548.4,21.4,
### next string
Neilsen 148,F 2,AU-600m,2128,1718,0,0
,,,,,,,SOLO,1782272246641,Wed Jun 24 2026 03:37:26 GMT+0000 (UTC),0,,sighter,5,-109.4,39.9,541.9,21.4,
,,,,,,,SOLO,1782272288964,Wed Jun 24 2026 03:38:08 GMT+0000 (UTC),0,,sighter,4,264.7,-91.8,541.1,21.4,
,,,,,,,SOLO,1782272338860,Wed Jun 24 2026 03:38:58 GMT+0000 (UTC),0,,,5,91.3,-8.7,539.8,21.4,
,,,,,,,SOLO,1782272378430,Wed Jun 24 2026 03:39:38 GMT+0000 (UTC),0,,,V,-35.5,-1.4,535.3,21.4,
,,,,,,,SOLO,1782272414103,Wed Jun 24 2026 03:40:14 GMT+0000 (UTC),0,,,4,-179.8,39.1,539.8,21.4,
,,,,,,,SOLO,1782272449680,Wed Jun 24 2026 03:40:49 GMT+0000 (UTC),0,,,5,114.7,-116.2,534.9,21.4,
,,,,,,,SOLO,1782272490903,Wed Jun 24 2026 03:41:30 GMT+0000 (UTC),0,,,4,-189.8,-203.5,538.7,21.4,
,,,,,,,SOLO,1782272598566,Wed Jun 24 2026 03:43:18 GMT+0000 (UTC),0,,,4,-156.4,-86,537.6,21.2,
,,,,,,,SOLO,1782272760460,Wed Jun 24 2026 03:46:00 GMT+0000 (UTC),0,,,4,-189.1,31.6,540.9,21.3,
,,,,,,,SOLO,1782272794149,Wed Jun 24 2026 03:46:34 GMT+0000 (UTC),0,,,3,369.2,4.6,538.3,21.6,
,,,,,,,SOLO,1782272847508,Wed Jun 24 2026 03:47:27 GMT+0000 (UTC),0,,,4,317.7,64.6,543.6,21.6,
,,,,,,,SOLO,1782272890993,Wed Jun 24 2026 03:48:10 GMT+0000 (UTC),0,,,5,-147.4,-0.3,534.8,21.6,
### next string
Bailey J,F 3,AU-600m,2130,1722,0,0
,,,,,,,SOLO,1782272299134,Wed Jun 24 2026 03:38:19 GMT+0000 (UTC),0,,sighter,4,90.3,-161.2,552.6,21.3,
,,,,,,,SOLO,1782272347949,Wed Jun 24 2026 03:39:07 GMT+0000 (UTC),0,,,V,2.5,8,565.9,21.3,
,,,,,,,SOLO,1782272380344,Wed Jun 24 2026 03:39:40 GMT+0000 (UTC),0,,,5,-132.6,-15.9,556.7,21.3,
,,,,,,,SOLO,1782272429139,Wed Jun 24 2026 03:40:29 GMT+0000 (UTC),0,,,V,-42.6,17.6,559,21.3,
,,,,,,,SOLO,1782272458264,Wed Jun 24 2026 03:40:58 GMT+0000 (UTC),0,,,V,-67.5,-41.8,557.6,21.3,
,,,,,,,SOLO,1782272517438,Wed Jun 24 2026 03:41:57 GMT+0000 (UTC),0,,,5,118.8,-26.9,552.6,21.3,
,,,,,,,SOLO,1782272572563,Wed Jun 24 2026 03:42:52 GMT+0000 (UTC),0,,,V,28.6,-29.8,550.5,21.1,
,,,,,,,SOLO,1782272615752,Wed Jun 24 2026 03:43:35 GMT+0000 (UTC),0,,,5,-153.2,-26.6,564.4,21.1,
,,,,,,,SOLO,1782272731581,Wed Jun 24 2026 03:45:31 GMT+0000 (UTC),0,,,V,-14.8,-74.4,548.4,21.2,
,,,,,,,SOLO,1782272786782,Wed Jun 24 2026 03:46:26 GMT+0000 (UTC),0,,,4,241.3,-93.3,548.2,21.2,
,,,,,,,SOLO,1782272865215,Wed Jun 24 2026 03:47:45 GMT+0000 (UTC),0,,,5,108.6,-45.1,550.5,21.4,
### next string
munasinghe,F 6,AU-500m,2132,1720,0,0
,,,,,,,SOLO,1782269332396,Wed Jun 24 2026 02:48:52 GMT+0000 (UTC),0,,sighter,2,-208.2,476.4,592.8,21.8,
,,,,,,,SOLO,1782269418738,Wed Jun 24 2026 02:50:18 GMT+0000 (UTC),0,,sighter,1,-355.9,613.4,586.5,21.9,
,,,,,,,SOLO,1782269537728,Wed Jun 24 2026 02:52:17 GMT+0000 (UTC),0,,,4,-36,270.9,592.9,22,
,,,,,,,SOLO,1782269632464,Wed Jun 24 2026 02:53:52 GMT+0000 (UTC),0,,,4,-72.1,131.6,591.6,21.9,
,,,,,,,SOLO,1782269717697,Wed Jun 24 2026 02:55:17 GMT+0000 (UTC),0,,,3,312.8,228.1,588.6,21.9,
,,,,,,,SOLO,1782269802642,Wed Jun 24 2026 02:56:42 GMT+0000 (UTC),0,,,3,-5.8,407.5,579.4,21.7,
,,,,,,,SOLO,1782269864165,Wed Jun 24 2026 02:57:44 GMT+0000 (UTC),0,,,4,0.2,295.8,591.3,21.7,
,,,,,,,SOLO,1782269926840,Wed Jun 24 2026 02:58:46 GMT+0000 (UTC),0,,,V,-28.5,15.1,592.2,21.7,
,,,,,,,SOLO,1782269964162,Wed Jun 24 2026 02:59:24 GMT+0000 (UTC),0,,,4,52.8,278.5,586,21.8,
,,,,,,,SOLO,1782270010929,Wed Jun 24 2026 03:00:10 GMT+0000 (UTC),0,,,3,116.9,332.7,592.5,21.8,
,,,,,,,SOLO,1782270054866,Wed Jun 24 2026 03:00:54 GMT+0000 (UTC),0,,,4,118.1,205.2,595.2,21.8,
,,,,,,,SOLO,1782270094423,Wed Jun 24 2026 03:01:34 GMT+0000 (UTC),0,,,5,65.7,126.2,588.1,21.8,
### next string
growe g,F 4,AU-500m,2130,1720,0,0
,,,,,,,SOLO,1782269174709,Wed Jun 24 2026 02:46:14 GMT+0000 (UTC),0,,sighter,4,-18,203.8,608.9,22.3,
,,,,,,,SOLO,1782269225155,Wed Jun 24 2026 02:47:05 GMT+0000 (UTC),0,,,6,-44.4,13.8,618.6,22.3,
,,,,,,,SOLO,1782269260374,Wed Jun 24 2026 02:47:40 GMT+0000 (UTC),0,,,6,7.8,-52.2,631.1,22.4,
,,,,,,,SOLO,1782269280479,Wed Jun 24 2026 02:48:00 GMT+0000 (UTC),0,,,5,76.1,27.8,620,22.4,
,,,,,,,SOLO,1782269326404,Wed Jun 24 2026 02:48:46 GMT+0000 (UTC),0,,,X,-12.9,-6.6,631.5,22.3,
,,,,,,,SOLO,1782269341805,Wed Jun 24 2026 02:49:01 GMT+0000 (UTC),0,,,X,-8.5,30.2,614.2,22.3,
,,,,,,,SOLO,1782269355175,Wed Jun 24 2026 02:49:15 GMT+0000 (UTC),0,,,5,-110.1,-8.3,609.8,22.3,
,,,,,,,SOLO,1782269445513,Wed Jun 24 2026 02:50:45 GMT+0000 (UTC),0,,,6,41.9,-8.4,613.6,22.4,
,,,,,,,SOLO,1782269519506,Wed Jun 24 2026 02:51:59 GMT+0000 (UTC),0,,,5,100.6,7.7,620.7,22.4,
,,,,,,,SOLO,1782269550353,Wed Jun 24 2026 02:52:30 GMT+0000 (UTC),0,,,6,-46.6,-20.5,618.9,22.5,
,,,,,,,SOLO,1782269568524,Wed Jun 24 2026 02:52:48 GMT+0000 (UTC),0,,,5,125.8,-35.4,610.4,22.5,
### next string
Breezep,F 6,AU-500m,2132,1720,0,0
,,,,,,,SOLO,1782268692302,Wed Jun 24 2026 02:38:12 GMT+0000 (UTC),0,,sighter,5,-76.6,-29.6,587.3,21.3,
,,,,,,,SOLO,1782268727836,Wed Jun 24 2026 02:38:47 GMT+0000 (UTC),0,,,X,3,-6,596.4,21.3,
,,,,,,,SOLO,1782268796968,Wed Jun 24 2026 02:39:56 GMT+0000 (UTC),0,,,6,43.4,2.1,589.4,21.5,
,,,,,,,SOLO,1782268837252,Wed Jun 24 2026 02:40:37 GMT+0000 (UTC),0,,,6,-67,22.1,594.1,21.6,
,,,,,,,SOLO,1782268868872,Wed Jun 24 2026 02:41:08 GMT+0000 (UTC),0,,,6,36.2,-55.8,587.4,21.6,
,,,,,,,SOLO,1782268887137,Wed Jun 24 2026 02:41:27 GMT+0000 (UTC),0,,,X,-6.2,-27.9,588.5,21.6,
,,,,,,,SOLO,1782268939583,Wed Jun 24 2026 02:42:19 GMT+0000 (UTC),0,,,5,124.7,-36.8,583.1,21.5,
,,,,,,,SOLO,1782269016096,Wed Jun 24 2026 02:43:36 GMT+0000 (UTC),0,,,5,124.6,-46.9,582.3,21.6,
,,,,,,,SOLO,1782269119326,Wed Jun 24 2026 02:45:19 GMT+0000 (UTC),0,,,X,3.1,-27.9,588.3,21.8,
,,,,,,,SOLO,1782269138636,Wed Jun 24 2026 02:45:38 GMT+0000 (UTC),0,,,6,-24.2,-40.2,592.4,21.8,
,,,,,,,SOLO,1782269156322,Wed Jun 24 2026 02:45:56 GMT+0000 (UTC),0,,,6,44.4,7.6,583.8,21.8,
### next string
t haines,F 3,AU-500m,2130,1722,0,0
,,,,,,,SOLO,1782268756419,Wed Jun 24 2026 02:39:16 GMT+0000 (UTC),0,,sighter,5,23.6,-132,626.4,21.3,
,,,,,,,SOLO,1782268784605,Wed Jun 24 2026 02:39:44 GMT+0000 (UTC),0,,,6,-36,-29.4,634.8,21.6,
,,,,,,,SOLO,1782268876176,Wed Jun 24 2026 02:41:16 GMT+0000 (UTC),0,,,5,-75.2,-41.2,626.3,21.6,
,,,,,,,SOLO,1782268909399,Wed Jun 24 2026 02:41:49 GMT+0000 (UTC),0,,,X,-25,-10.5,652.3,21.6,
,,,,,,,SOLO,1782268926319,Wed Jun 24 2026 02:42:06 GMT+0000 (UTC),0,,,X,-20.5,-6.9,627.3,21.6,
,,,,,,,SOLO,1782268944286,Wed Jun 24 2026 02:42:24 GMT+0000 (UTC),0,,,X,1.2,-7.2,621.9,21.6,
,,,,,,,SOLO,1782268960861,Wed Jun 24 2026 02:42:40 GMT+0000 (UTC),0,,,5,35.4,-72.6,627.3,21.6,
,,,,,,,SOLO,1782268988002,Wed Jun 24 2026 02:43:08 GMT+0000 (UTC),0,,,5,72.1,-53.9,620.3,21.6,
,,,,,,,SOLO,1782269009107,Wed Jun 24 2026 02:43:29 GMT+0000 (UTC),0,,,6,30.9,-35.9,625.8,21.7,
,,,,,,,SOLO,1782269035839,Wed Jun 24 2026 02:43:55 GMT+0000 (UTC),0,,,6,-20.9,-41.5,626.6,21.7,
,,,,,,,SOLO,1782269052050,Wed Jun 24 2026 02:44:12 GMT+0000 (UTC),0,,,6,-28.3,-37.4,633.2,21.7,
### next string
sharp m,F 4,AU-500m,2130,1720,0,0
,,,,,,,SOLO,1782268696073,Wed Jun 24 2026 02:38:16 GMT+0000 (UTC),0,,sighter,4,145.3,114.3,661.4,21.7,
,,,,,,,SOLO,1782268750880,Wed Jun 24 2026 02:39:10 GMT+0000 (UTC),0,,sighter,5,92.4,-6.3,655.7,21.8,
,,,,,,,SOLO,1782268800558,Wed Jun 24 2026 02:40:00 GMT+0000 (UTC),0,,,X,38.2,10.9,656.6,22,
,,,,,,,SOLO,1782268829584,Wed Jun 24 2026 02:40:29 GMT+0000 (UTC),0,,,X,-7.3,23.8,657.4,22,
,,,,,,,SOLO,1782268859725,Wed Jun 24 2026 02:40:59 GMT+0000 (UTC),0,,,X,9.4,12.8,658.7,22,
,,,,,,,SOLO,1782268881400,Wed Jun 24 2026 02:41:21 GMT+0000 (UTC),0,,,X,-10.1,-28.7,652.1,22.1,
,,,,,,,SOLO,1782268911009,Wed Jun 24 2026 02:41:51 GMT+0000 (UTC),0,,,X,3.7,-8.5,656.7,22.1,
,,,,,,,SOLO,1782268928849,Wed Jun 24 2026 02:42:08 GMT+0000 (UTC),0,,,6,40.7,-25,654,22.1,
,,,,,,,SOLO,1782268967406,Wed Jun 24 2026 02:42:47 GMT+0000 (UTC),0,,,5,82.5,31.5,657.6,22.1,
,,,,,,,SOLO,1782269012597,Wed Jun 24 2026 02:43:32 GMT+0000 (UTC),0,,,6,32.6,23.4,649.1,22.1,
,,,,,,,SOLO,1782269032636,Wed Jun 24 2026 02:43:52 GMT+0000 (UTC),0,,,6,47.2,0.5,648.7,22.1,
,,,,,,,SOLO,1782269055408,Wed Jun 24 2026 02:44:15 GMT+0000 (UTC),0,,,X,-4.1,13.1,664.1,22.1,
### next string
garlic121,F 5,AU-500m,2127,1720,0,0
,,,,,,,SOLO,1782268870854,Wed Jun 24 2026 02:41:10 GMT+0000 (UTC),0,,sighter,3,-334,-80.7,602.6,21.3,
,,,,,,,SOLO,1782268936190,Wed Jun 24 2026 02:42:16 GMT+0000 (UTC),0,,sighter,4,-199.1,18.6,603.7,21.4,
,,,,,,,SOLO,1782268973600,Wed Jun 24 2026 02:42:53 GMT+0000 (UTC),0,,,X,-8.4,-17.5,599.5,21.4,
,,,,,,,SOLO,1782268982886,Wed Jun 24 2026 02:43:02 GMT+0000 (UTC),0,,,6,61.7,-19.3,604.2,21.4,
,,,,,,,SOLO,1782268992624,Wed Jun 24 2026 02:43:12 GMT+0000 (UTC),0,,,6,20.8,44.7,610.9,21.4,
,,,,,,,SOLO,1782269002204,Wed Jun 24 2026 02:43:22 GMT+0000 (UTC),0,,,6,24.1,-34.3,605.4,21.4,
,,,,,,,SOLO,1782269011156,Wed Jun 24 2026 02:43:31 GMT+0000 (UTC),0,,,X,-3.8,16.1,605.3,21.4,
,,,,,,,SOLO,1782269020348,Wed Jun 24 2026 02:43:40 GMT+0000 (UTC),0,,,6,49.7,-5.5,601.3,21.4,
,,,,,,,SOLO,1782269030908,Wed Jun 24 2026 02:43:50 GMT+0000 (UTC),0,,,X,-29.6,-10.2,608.3,21.4,
,,,,,,,SOLO,1782269039231,Wed Jun 24 2026 02:43:59 GMT+0000 (UTC),0,,,6,56.5,-11.1,602,21.4,
,,,,,,,SOLO,1782269049210,Wed Jun 24 2026 02:44:09 GMT+0000 (UTC),0,,,X,8.8,4.3,603.5,21.4,
,,,,,,,SOLO,1782269057173,Wed Jun 24 2026 02:44:17 GMT+0000 (UTC),0,,,X,25.3,-7.4,601.1,21.4,
### next string
Maguire 153,F 1,AU-500m,2129,1723,0,0
,,,,,,,SOLO,1782268206108,Wed Jun 24 2026 02:30:06 GMT+0000 (UTC),0,,sighter,5,-104,-74,598.2,21.4,
,,,,,,,SOLO,1782268344126,Wed Jun 24 2026 02:32:24 GMT+0000 (UTC),0,,sighter,5,-84.5,112.5,597.6,21.4,
,,,,,,,SOLO,1782268403201,Wed Jun 24 2026 02:33:23 GMT+0000 (UTC),0,,,5,-100,-106.5,598.7,21.5,
,,,,,,,SOLO,1782268462048,Wed Jun 24 2026 02:34:22 GMT+0000 (UTC),0,,,5,106.1,23.9,588.2,21.4,
,,,,,,,SOLO,1782268523097,Wed Jun 24 2026 02:35:23 GMT+0000 (UTC),0,,,6,30.1,53.6,594.6,21.3,
,,,,,,,SOLO,1782268554641,Wed Jun 24 2026 02:35:54 GMT+0000 (UTC),0,,,5,99.8,35.3,593.5,21.3,
,,,,,,,SOLO,1782268589404,Wed Jun 24 2026 02:36:29 GMT+0000 (UTC),0,,,6,23.3,-70.3,596.7,21.1,
,,,,,,,SOLO,1782268625598,Wed Jun 24 2026 02:37:05 GMT+0000 (UTC),0,,,6,63.8,-38.8,592.7,21.1,
,,,,,,,SOLO,1782268664267,Wed Jun 24 2026 02:37:44 GMT+0000 (UTC),0,,,5,14.5,79.4,593.1,21.3,
,,,,,,,SOLO,1782268699748,Wed Jun 24 2026 02:38:19 GMT+0000 (UTC),0,,,6,31.3,57.1,601.9,21.3,
,,,,,,,SOLO,1782268738902,Wed Jun 24 2026 02:38:58 GMT+0000 (UTC),0,,,4,159.3,65.7,599.5,21.4,
,,,,,,,SOLO,1782268783063,Wed Jun 24 2026 02:39:43 GMT+0000 (UTC),0,,,5,76.1,16.5,594.3,21.4,
### next string
peters_j_500,F 5,AU-500m,2127,1720,0,0
,,,,,,,SOLO,1782268333769,Wed Jun 24 2026 02:32:13 GMT+0000 (UTC),0,,sighter,4,-161.6,-13.6,667.9,21.1,
,,,,,,,SOLO,1782268367957,Wed Jun 24 2026 02:32:47 GMT+0000 (UTC),0,,sighter,X,25.8,-26.1,673.3,21.1,
,,,,,,,SOLO,1782268404063,Wed Jun 24 2026 02:33:24 GMT+0000 (UTC),0,,,6,-38.1,-30.1,690.4,21.1,
,,,,,,,SOLO,1782268435585,Wed Jun 24 2026 02:33:55 GMT+0000 (UTC),0,,,X,-7.4,-7.4,666.6,21.1,
,,,,,,,SOLO,1782268478354,Wed Jun 24 2026 02:34:38 GMT+0000 (UTC),0,,,6,59.5,19,672.7,21.1,
,,,,,,,SOLO,1782268514826,Wed Jun 24 2026 02:35:14 GMT+0000 (UTC),0,,,X,12.8,13.8,666.7,21.1,
,,,,,,,SOLO,1782268563002,Wed Jun 24 2026 02:36:03 GMT+0000 (UTC),0,,,X,19.8,7.8,678.3,20.9,
,,,,,,,SOLO,1782268600971,Wed Jun 24 2026 02:36:40 GMT+0000 (UTC),0,,,6,18.7,38.4,672.9,20.9,
,,,,,,,SOLO,1782268671780,Wed Jun 24 2026 02:37:51 GMT+0000 (UTC),0,,,6,49,-4.6,670.8,21.1,
,,,,,,,SOLO,1782268693975,Wed Jun 24 2026 02:38:13 GMT+0000 (UTC),0,,,X,13.8,2.1,667,21.1,
,,,,,,,SOLO,1782268713388,Wed Jun 24 2026 02:38:33 GMT+0000 (UTC),0,,,X,6.5,-20.7,670.3,21.1,
### next string
Kent J 142,F 3,AU-500m,2130,1722,0,0
,,,,,,,SOLO,1782268252012,Wed Jun 24 2026 02:30:52 GMT+0000 (UTC),0,,sighter,5,104.2,104.3,630.9,21.2,
,,,,,,,SOLO,1782268309145,Wed Jun 24 2026 02:31:49 GMT+0000 (UTC),0,,,X,23.5,3.5,628.3,21.4,
,,,,,,,SOLO,1782268364555,Wed Jun 24 2026 02:32:44 GMT+0000 (UTC),0,,,6,43.8,-29.5,634.4,21.3,
,,,,,,,SOLO,1782268395336,Wed Jun 24 2026 02:33:15 GMT+0000 (UTC),0,,,5,94.9,-51.4,634.9,21.3,
,,,,,,,SOLO,1782268425420,Wed Jun 24 2026 02:33:45 GMT+0000 (UTC),0,,,X,30.7,20.8,638.1,21.3,
,,,,,,,SOLO,1782268448575,Wed Jun 24 2026 02:34:08 GMT+0000 (UTC),0,,,5,76.8,59.8,636.1,21.3,
,,,,,,,SOLO,1782268487473,Wed Jun 24 2026 02:34:47 GMT+0000 (UTC),0,,,5,99.9,31.4,636.6,21.3,
,,,,,,,SOLO,1782268520641,Wed Jun 24 2026 02:35:20 GMT+0000 (UTC),0,,,5,-50.6,57.7,634.7,21.3,
,,,,,,,SOLO,1782268557261,Wed Jun 24 2026 02:35:57 GMT+0000 (UTC),0,,,6,-49.7,12.1,646,21.1,
,,,,,,,SOLO,1782268582438,Wed Jun 24 2026 02:36:22 GMT+0000 (UTC),0,,,X,-19.8,12.3,639.7,21.1,
,,,,,,,SOLO,1782268618026,Wed Jun 24 2026 02:36:58 GMT+0000 (UTC),0,,,5,-72.3,36.5,639.5,21.1,
### next string
hoskinson j,F 4,AU-500m,2130,1720,0,0
,,,,,,,SOLO,1782268255442,Wed Jun 24 2026 02:30:55 GMT+0000 (UTC),0,,sighter,4,145.7,130,619.7,21.8,
,,,,,,,SOLO,1782268322480,Wed Jun 24 2026 02:32:02 GMT+0000 (UTC),0,,,6,39.5,-13.4,618.7,21.9,
,,,,,,,SOLO,1782268343193,Wed Jun 24 2026 02:32:23 GMT+0000 (UTC),0,,,6,49.1,-53.2,623.6,21.9,
,,,,,,,SOLO,1782268357206,Wed Jun 24 2026 02:32:37 GMT+0000 (UTC),0,,,6,47,-58.7,617.5,21.9,
,,,,,,,SOLO,1782268386040,Wed Jun 24 2026 02:33:06 GMT+0000 (UTC),0,,,6,55.4,-9.9,620.3,21.9,
,,,,,,,SOLO,1782268411757,Wed Jun 24 2026 02:33:31 GMT+0000 (UTC),0,,,5,18.8,77.6,619.4,21.9,
,,,,,,,SOLO,1782268429446,Wed Jun 24 2026 02:33:49 GMT+0000 (UTC),0,,,5,-42.4,-73,617.3,21.8,
,,,,,,,SOLO,1782268459092,Wed Jun 24 2026 02:34:19 GMT+0000 (UTC),0,,,6,2.7,65.1,613.3,21.8,
,,,,,,,SOLO,1782268533578,Wed Jun 24 2026 02:35:33 GMT+0000 (UTC),0,,,5,80.4,52.9,618.6,21.7,
,,,,,,,SOLO,1782268556090,Wed Jun 24 2026 02:35:56 GMT+0000 (UTC),0,,,5,31.1,-89,619.1,21.7,
,,,,,,,SOLO,1782268585062,Wed Jun 24 2026 02:36:25 GMT+0000 (UTC),0,,,5,77.2,-25.9,612,21.6,
### next string
Mathison A,F 2,AU-500m,2128,1718,0,0
,,,,,,,SOLO,1782268372111,Wed Jun 24 2026 02:32:52 GMT+0000 (UTC),0,,sighter,4,-234.5,66.5,605.7,21.6,
,,,,,,,SOLO,1782268406947,Wed Jun 24 2026 02:33:26 GMT+0000 (UTC),0,,sighter,5,-71.8,29.6,609.4,21.6,
,,,,,,,SOLO,1782268432628,Wed Jun 24 2026 02:33:52 GMT+0000 (UTC),0,,,X,4.2,7.7,596.1,21.5,
,,,,,,,SOLO,1782268446188,Wed Jun 24 2026 02:34:06 GMT+0000 (UTC),0,,,X,-13.4,-13.6,602.2,21.5,
,,,,,,,SOLO,1782268458783,Wed Jun 24 2026 02:34:18 GMT+0000 (UTC),0,,,X,-2.7,-20.5,599.3,21.5,
,,,,,,,SOLO,1782268476447,Wed Jun 24 2026 02:34:36 GMT+0000 (UTC),0,,,5,56.6,-75.2,597.9,21.5,
,,,,,,,SOLO,1782268509709,Wed Jun 24 2026 02:35:09 GMT+0000 (UTC),0,,,6,44.6,25.6,597.5,21.4,
,,,,,,,SOLO,1782268527255,Wed Jun 24 2026 02:35:27 GMT+0000 (UTC),0,,,X,7.2,10.7,594.6,21.4,
,,,,,,,SOLO,1782268542087,Wed Jun 24 2026 02:35:42 GMT+0000 (UTC),0,,,X,25.2,-17.1,600.2,21.4,
,,,,,,,SOLO,1782268555144,Wed Jun 24 2026 02:35:55 GMT+0000 (UTC),0,,,X,17.5,1.4,595.7,21.4,
,,,,,,,SOLO,1782268567163,Wed Jun 24 2026 02:36:07 GMT+0000 (UTC),0,,,X,-24.2,-2.9,601,21.3,
,,,,,,,SOLO,1782268579107,Wed Jun 24 2026 02:36:19 GMT+0000 (UTC),0,,,X,8.5,23,595.9,21.3,
### next string
zhu93,F 6,AU-500m,2132,1720,0,0
,,,,,,,SOLO,1782267893466,Wed Jun 24 2026 02:24:53 GMT+0000 (UTC),0,,sighter,4,-208.2,-174.3,569.4,21.4,
,,,,,,,SOLO,1782267973398,Wed Jun 24 2026 02:26:13 GMT+0000 (UTC),0,,sighter,3,-362.7,108.4,574.2,21.3,
,,,,,,,SOLO,1782268039819,Wed Jun 24 2026 02:27:19 GMT+0000 (UTC),0,,,4,-183.6,16.3,583.4,21.3,
,,,,,,,SOLO,1782268097041,Wed Jun 24 2026 02:28:17 GMT+0000 (UTC),0,,,5,45.1,101.3,574.8,21.3,
,,,,,,,SOLO,1782268159537,Wed Jun 24 2026 02:29:19 GMT+0000 (UTC),0,,,V,-9.9,-8.4,567.7,21.3,
,,,,,,,SOLO,1782268209167,Wed Jun 24 2026 02:30:09 GMT+0000 (UTC),0,,,4,164.5,-51.8,574.1,21.4,
,,,,,,,SOLO,1782268273741,Wed Jun 24 2026 02:31:13 GMT+0000 (UTC),0,,,V,-41.9,52.8,577,21.4,
,,,,,,,SOLO,1782268330092,Wed Jun 24 2026 02:32:10 GMT+0000 (UTC),0,,,4,89,145.5,579.1,21.3,
,,,,,,,SOLO,1782268370568,Wed Jun 24 2026 02:32:50 GMT+0000 (UTC),0,,,5,50.2,93.7,574.1,21.3,
,,,,,,,SOLO,1782268408516,Wed Jun 24 2026 02:33:28 GMT+0000 (UTC),0,,,5,-119.1,-65.6,579.9,21.3,
,,,,,,,SOLO,1782268462812,Wed Jun 24 2026 02:34:22 GMT+0000 (UTC),0,,,4,119.8,-132.5,564.9,21.3,
,,,,,,,SOLO,1782268529549,Wed Jun 24 2026 02:35:29 GMT+0000 (UTC),0,,,4,172.5,-52.9,573.2,21.4,
### next string
Fincham J 168,F 2,AU-500m,2128,1718,0,0
,,,,,,,SOLO,1782267966663,Wed Jun 24 2026 02:26:06 GMT+0000 (UTC),0,,sighter,3,-337.3,28.9,620.3,21.4,
,,,,,,,SOLO,1782268013458,Wed Jun 24 2026 02:26:53 GMT+0000 (UTC),0,,sighter,5,-77.5,9.2,622.4,21.3,
,,,,,,,SOLO,1782268048234,Wed Jun 24 2026 02:27:28 GMT+0000 (UTC),0,,,X,5.9,20.6,625.8,21.3,
,,,,,,,SOLO,1782268068371,Wed Jun 24 2026 02:27:48 GMT+0000 (UTC),0,,,X,7.2,33,625.3,21.4,
,,,,,,,SOLO,1782268092509,Wed Jun 24 2026 02:28:12 GMT+0000 (UTC),0,,,6,65.2,17.6,620.9,21.4,
,,,,,,,SOLO,1782268114071,Wed Jun 24 2026 02:28:34 GMT+0000 (UTC),0,,,6,65.5,18,616.6,21.4,
,,,,,,,SOLO,1782268137698,Wed Jun 24 2026 02:28:57 GMT+0000 (UTC),0,,,X,24.4,7.2,622.4,21.3,
,,,,,,,SOLO,1782268160692,Wed Jun 24 2026 02:29:20 GMT+0000 (UTC),0,,,6,24,47.8,622.7,21.3,
,,,,,,,SOLO,1782268183610,Wed Jun 24 2026 02:29:43 GMT+0000 (UTC),0,,,5,90.1,-22.8,620.5,21.3,
,,,,,,,SOLO,1782268207631,Wed Jun 24 2026 02:30:07 GMT+0000 (UTC),0,,,X,11,25.6,622.4,21.4,
,,,,,,,SOLO,1782268228472,Wed Jun 24 2026 02:30:28 GMT+0000 (UTC),0,,,X,-21.7,27.3,625.8,21.4,
,,,,,,,SOLO,1782268249356,Wed Jun 24 2026 02:30:49 GMT+0000 (UTC),0,,,X,16.4,12,627.3,21.4,
### next string
Magill 159,F 5,AU-500m,2127,1720,0,0
,,,,,,,SOLO,1782267647266,Wed Jun 24 2026 02:20:47 GMT+0000 (UTC),0,,sighter,4,-168.8,-144.8,604.8,21.2,
,,,,,,,SOLO,1782267755196,Wed Jun 24 2026 02:22:35 GMT+0000 (UTC),0,,,X,-12,-26.8,623.2,21.2,
,,,,,,,SOLO,1782267795303,Wed Jun 24 2026 02:23:15 GMT+0000 (UTC),0,,,6,-44.9,-51.6,617.4,21.1,
,,,,,,,SOLO,1782267838576,Wed Jun 24 2026 02:23:58 GMT+0000 (UTC),0,,,5,-67.3,-42.1,622.2,21.1,
,,,,,,,SOLO,1782267874068,Wed Jun 24 2026 02:24:34 GMT+0000 (UTC),0,,,6,-4.2,-42,619.6,21.1,
,,,,,,,SOLO,1782267907731,Wed Jun 24 2026 02:25:07 GMT+0000 (UTC),0,,,6,35.2,-23.9,626.4,21.1,
,,,,,,,SOLO,1782267933983,Wed Jun 24 2026 02:25:33 GMT+0000 (UTC),0,,,6,38.9,-37.5,616,21,
,,,,,,,SOLO,1782267968063,Wed Jun 24 2026 02:26:08 GMT+0000 (UTC),0,,,5,-82.4,-35,611.7,21,
,,,,,,,SOLO,1782268012839,Wed Jun 24 2026 02:26:52 GMT+0000 (UTC),0,,,6,-44.9,47.7,625.4,21.1,
,,,,,,,SOLO,1782268091495,Wed Jun 24 2026 02:28:11 GMT+0000 (UTC),0,,,6,14.3,63.1,620.1,21.1,
,,,,,,,SOLO,1782268168124,Wed Jun 24 2026 02:29:28 GMT+0000 (UTC),0,,,6,39.9,-28.6,614.5,21.1,
### next string
halnes 64,F 3,AU-500m,2130,1722,0,0
,,,,,,,SOLO,1782267763348,Wed Jun 24 2026 02:22:43 GMT+0000 (UTC),0,,sighter,4,-155.3,21.9,616.7,21.4,
,,,,,,,SOLO,1782267795920,Wed Jun 24 2026 02:23:15 GMT+0000 (UTC),0,,sighter,5,72.7,65.3,619.5,21.4,
,,,,,,,SOLO,1782267829613,Wed Jun 24 2026 02:23:49 GMT+0000 (UTC),0,,,X,-18.6,-13.6,619.7,21.4,
,,,,,,,SOLO,1782267861290,Wed Jun 24 2026 02:24:21 GMT+0000 (UTC),0,,,6,2.3,47.6,616.3,21.4,
,,,,,,,SOLO,1782267896915,Wed Jun 24 2026 02:24:56 GMT+0000 (UTC),0,,,6,50,31.1,611.5,21.2,
,,,,,,,SOLO,1782267913402,Wed Jun 24 2026 02:25:13 GMT+0000 (UTC),0,,,5,81.6,33.3,619.6,21.2,
,,,,,,,SOLO,1782267958017,Wed Jun 24 2026 02:25:58 GMT+0000 (UTC),0,,,6,-50.6,-11.7,612.8,21.2,
,,,,,,,SOLO,1782267970650,Wed Jun 24 2026 02:26:10 GMT+0000 (UTC),0,,,5,-111.5,27.1,616.6,21.2,
,,,,,,,SOLO,1782268001812,Wed Jun 24 2026 02:26:41 GMT+0000 (UTC),0,,,5,-106.4,-1.1,610.7,21.2,
,,,,,,,SOLO,1782268047708,Wed Jun 24 2026 02:27:27 GMT+0000 (UTC),0,,,5,123.9,5.6,615.7,21.3,
,,,,,,,SOLO,1782268092217,Wed Jun 24 2026 02:28:12 GMT+0000 (UTC),0,,,6,60.4,-39.9,607.2,21.3,
,,,,,,,SOLO,1782268125265,Wed Jun 24 2026 02:28:45 GMT+0000 (UTC),0,,,5,87.7,41,618.8,21.2,
### next string
wilson r,F 4,AU-500m,2130,1720,0,0
,,,,,,,SOLO,1782267680709,Wed Jun 24 2026 02:21:20 GMT+0000 (UTC),0,,sighter,4,-188.2,162,616,21.9,
,,,,,,,SOLO,1782267734957,Wed Jun 24 2026 02:22:14 GMT+0000 (UTC),0,,,V,9.7,-25.4,614.5,21.9,
,,,,,,,SOLO,1782267786711,Wed Jun 24 2026 02:23:06 GMT+0000 (UTC),0,,,5,-46,102.3,612.7,21.9,
,,,,,,,SOLO,1782267827534,Wed Jun 24 2026 02:23:47 GMT+0000 (UTC),0,,,5,-105.8,-68.7,627.9,21.8,
,,,,,,,SOLO,1782267886666,Wed Jun 24 2026 02:24:46 GMT+0000 (UTC),0,,,5,-103.7,-106.5,610.5,21.8,
,,,,,,,SOLO,1782267932371,Wed Jun 24 2026 02:25:32 GMT+0000 (UTC),0,,,5,48.3,67.3,608.8,21.8,
,,,,,,,SOLO,1782267970144,Wed Jun 24 2026 02:26:10 GMT+0000 (UTC),0,,,4,-169.2,-74.8,613.2,21.6,
,,,,,,,SOLO,1782268018167,Wed Jun 24 2026 02:26:58 GMT+0000 (UTC),0,,,V,-24.6,31.6,609.1,21.6,
,,,,,,,SOLO,1782268049872,Wed Jun 24 2026 02:27:29 GMT+0000 (UTC),0,,,5,-28.9,80.1,617.6,21.7,
,,,,,,,SOLO,1782268083942,Wed Jun 24 2026 02:28:03 GMT+0000 (UTC),0,,,V,47.2,44.8,611.2,21.7,
,,,,,,,SOLO,1782268133236,Wed Jun 24 2026 02:28:53 GMT+0000 (UTC),0,,,V,-32.1,-55.8,607.4,21.7,
### next string
pearsall 40,F 1,AU-500m,2129,1723,0,0
,,,,,,,SOLO,1782267666852,Wed Jun 24 2026 02:21:06 GMT+0000 (UTC),0,,sighter,5,-125.4,-44.9,658.7,21.4,
,,,,,,,SOLO,1782267749933,Wed Jun 24 2026 02:22:29 GMT+0000 (UTC),0,,sighter,5,8,-85.7,661.1,21.4,
,,,,,,,SOLO,1782267791417,Wed Jun 24 2026 02:23:11 GMT+0000 (UTC),0,,,X,-25.8,2.5,668.8,21.4,
,,,,,,,SOLO,1782267815958,Wed Jun 24 2026 02:23:35 GMT+0000 (UTC),0,,,6,-48.9,4.2,657.1,21.4,
,,,,,,,SOLO,1782267837171,Wed Jun 24 2026 02:23:57 GMT+0000 (UTC),0,,,6,40.8,3.8,651.6,21.4,
,,,,,,,SOLO,1782267865610,Wed Jun 24 2026 02:24:25 GMT+0000 (UTC),0,,,X,33.3,13.8,659.1,21.4,
,,,,,,,SOLO,1782267880729,Wed Jun 24 2026 02:24:40 GMT+0000 (UTC),0,,,X,-18.9,21.7,656.3,21.4,
,,,,,,,SOLO,1782267920238,Wed Jun 24 2026 02:25:20 GMT+0000 (UTC),0,,,X,-7.6,-19.3,660.8,21.3,
,,,,,,,SOLO,1782267939309,Wed Jun 24 2026 02:25:39 GMT+0000 (UTC),0,,,6,-23.3,-40.2,655.2,21.3,
,,,,,,,SOLO,1782267976767,Wed Jun 24 2026 02:26:16 GMT+0000 (UTC),0,,,6,-38.4,18.5,662.4,21.3,
,,,,,,,SOLO,1782268001353,Wed Jun 24 2026 02:26:41 GMT+0000 (UTC),0,,,X,17.1,-12.7,655.9,21.3,
,,,,,,,SOLO,1782268021637,Wed Jun 24 2026 02:27:01 GMT+0000 (UTC),0,,,X,23.5,8.7,662.3,21.3,
### next string
Austen C 106,F 2,AU-500m,2128,1718,0,0
,,,,,,,SOLO,1782267473577,Wed Jun 24 2026 02:17:53 GMT+0000 (UTC),0,,sighter,6,43.2,-62.1,588.9,21.4,
,,,,,,,SOLO,1782267515429,Wed Jun 24 2026 02:18:35 GMT+0000 (UTC),0,,sighter,5,76.2,-16.7,588.2,21.4,
,,,,,,,SOLO,1782267550594,Wed Jun 24 2026 02:19:10 GMT+0000 (UTC),0,,,X,6.7,31.4,591.6,21.5,
,,,,,,,SOLO,1782267579298,Wed Jun 24 2026 02:19:39 GMT+0000 (UTC),0,,,X,11.3,-14.1,589.8,21.5,
,,,,,,,SOLO,1782267606393,Wed Jun 24 2026 02:20:06 GMT+0000 (UTC),0,,,6,26.3,35.5,598,21.5,
,,,,,,,SOLO,1782267640255,Wed Jun 24 2026 02:20:40 GMT+0000 (UTC),0,,,6,61.3,25.5,595.6,21.6,
,,,,,,,SOLO,1782267669559,Wed Jun 24 2026 02:21:09 GMT+0000 (UTC),0,,,X,13.8,32.2,593.4,21.6,
,,,,,,,SOLO,1782267703515,Wed Jun 24 2026 02:21:43 GMT+0000 (UTC),0,,,X,31.6,-22,596.1,21.6,
,,,,,,,SOLO,1782267737099,Wed Jun 24 2026 02:22:17 GMT+0000 (UTC),0,,,6,49.9,-30.9,593.7,21.6,
,,,,,,,SOLO,1782267762976,Wed Jun 24 2026 02:22:42 GMT+0000 (UTC),0,,,6,-57.9,-15.7,593.7,21.5,
,,,,,,,SOLO,1782267802158,Wed Jun 24 2026 02:23:22 GMT+0000 (UTC),0,,,X,10.8,-9.5,589.9,21.5,
,,,,,,,SOLO,1782267840687,Wed Jun 24 2026 02:24:00 GMT+0000 (UTC),0,,,6,-53,-10.8,588,21.5,
### next string
Wong J,F 6,AU-500m,2132,1720,0,0
,,,,,,,SOLO,1782267059100,Wed Jun 24 2026 02:10:59 GMT+0000 (UTC),0,,sighter,2,528,-81.3,570.9,21.8,
,,,,,,,SOLO,1782267148894,Wed Jun 24 2026 02:12:28 GMT+0000 (UTC),0,,sighter,4,213.6,-135.4,568.7,21.6,
,,,,,,,SOLO,1782267213092,Wed Jun 24 2026 02:13:33 GMT+0000 (UTC),0,,,V,27.4,-31.1,572.5,21.5,
,,,,,,,SOLO,1782267264626,Wed Jun 24 2026 02:14:24 GMT+0000 (UTC),0,,,5,62.2,-81.9,576.3,21.6,
,,,,,,,SOLO,1782267308809,Wed Jun 24 2026 02:15:08 GMT+0000 (UTC),0,,,V,-41.8,15.6,570.5,21.6,
,,,,,,,SOLO,1782267342330,Wed Jun 24 2026 02:15:42 GMT+0000 (UTC),0,,,V,23.6,70.1,577.1,21.4,
,,,,,,,SOLO,1782267379760,Wed Jun 24 2026 02:16:19 GMT+0000 (UTC),0,,,5,-55.8,-128.8,556.8,21.4,
,,,,,,,SOLO,1782267420820,Wed Jun 24 2026 02:17:00 GMT+0000 (UTC),0,,,5,-82.3,-38.9,566.2,21.4,
,,,,,,,SOLO,1782267509147,Wed Jun 24 2026 02:18:29 GMT+0000 (UTC),0,,,V,47.1,-51.1,566.5,21.3,
,,,,,,,SOLO,1782267581093,Wed Jun 24 2026 02:19:41 GMT+0000 (UTC),0,,,5,103.2,14.5,568.8,21.4,
,,,,,,,SOLO,1782267642590,Wed Jun 24 2026 02:20:42 GMT+0000 (UTC),0,,,4,275.9,-54.9,565.9,21.5,
,,,,,,,SOLO,1782267687661,Wed Jun 24 2026 02:21:27 GMT+0000 (UTC),0,,,4,261.8,5.6,555.4,21.5,
### next string
Spencer p 29,F 3,AU-500m,2130,1722,0,0
,,,,,,,SOLO,1782267077110,Wed Jun 24 2026 02:11:17 GMT+0000 (UTC),0,,sighter,X,-27.9,-15,602.4,21.8,
,,,,,,,SOLO,1782267147721,Wed Jun 24 2026 02:12:27 GMT+0000 (UTC),0,,sighter,4,-21,160.4,607.6,21.6,
,,,,,,,SOLO,1782267243023,Wed Jun 24 2026 02:14:03 GMT+0000 (UTC),0,,,6,-39.9,13.2,608.8,21.5,
,,,,,,,SOLO,1782267294777,Wed Jun 24 2026 02:14:54 GMT+0000 (UTC),0,,,X,-12.4,11.2,608.6,21.5,
,,,,,,,SOLO,1782267322081,Wed Jun 24 2026 02:15:22 GMT+0000 (UTC),0,,,4,-181.5,-3.2,599.3,21.4,
,,,,,,,SOLO,1782267377320,Wed Jun 24 2026 02:16:17 GMT+0000 (UTC),0,,,5,-84.9,34.7,606.4,21.4,
,,,,,,,SOLO,1782267402855,Wed Jun 24 2026 02:16:42 GMT+0000 (UTC),0,,,6,-70.7,8.7,603.6,21.3,
,,,,,,,SOLO,1782267425234,Wed Jun 24 2026 02:17:05 GMT+0000 (UTC),0,,,5,-104,-27.8,605.4,21.3,
,,,,,,,SOLO,1782267452279,Wed Jun 24 2026 02:17:32 GMT+0000 (UTC),0,,,4,-216,14.5,605.9,21.3,
,,,,,,,SOLO,1782267488479,Wed Jun 24 2026 02:18:08 GMT+0000 (UTC),0,,,6,-67.5,-0.4,599.4,21.1,
,,,,,,,SOLO,1782267510397,Wed Jun 24 2026 02:18:30 GMT+0000 (UTC),0,,,5,112.1,38,599.5,21.1,
,,,,,,,SOLO,1782267534305,Wed Jun 24 2026 02:18:54 GMT+0000 (UTC),0,,,5,101,20.6,600.2,21.4,
### next string
sipinkoski m,F 1,AU-500m,2129,1723,0,0
,,,,,,,SOLO,1782267291247,Wed Jun 24 2026 02:14:51 GMT+0000 (UTC),0,,sighter,5,-84.9,-10.2,586.3,21.5,
,,,,,,,SOLO,1782267353704,Wed Jun 24 2026 02:15:53 GMT+0000 (UTC),0,,sighter,5,-105.4,-0.4,598.3,21.4,
,,,,,,,SOLO,1782267373283,Wed Jun 24 2026 02:16:13 GMT+0000 (UTC),0,,,X,12.3,-25.6,599.5,21.4,
,,,,,,,SOLO,1782267385691,Wed Jun 24 2026 02:16:25 GMT+0000 (UTC),0,,,6,18,-44.3,595.3,21.4,
,,,,,,,SOLO,1782267400646,Wed Jun 24 2026 02:16:40 GMT+0000 (UTC),0,,,X,-29.7,-26.8,600.4,21.4,
,,,,,,,SOLO,1782267411356,Wed Jun 24 2026 02:16:51 GMT+0000 (UTC),0,,,6,-56.7,-19.1,597.4,21.2,
,,,,,,,SOLO,1782267487532,Wed Jun 24 2026 02:18:07 GMT+0000 (UTC),0,,,6,-44,7.9,596.9,21.3,
,,,,,,,SOLO,1782267504697,Wed Jun 24 2026 02:18:24 GMT+0000 (UTC),0,,,6,-56.1,-20.4,603.4,21.3,
,,,,,,,SOLO,1782267518748,Wed Jun 24 2026 02:18:38 GMT+0000 (UTC),0,,,6,49,-22.1,597,21.3,
,,,,,,,SOLO,1782267538372,Wed Jun 24 2026 02:18:58 GMT+0000 (UTC),0,,,6,-33.7,-41.8,596.1,21.3,
,,,,,,,SOLO,1782267552681,Wed Jun 24 2026 02:19:12 GMT+0000 (UTC),0,,,6,41.6,2.1,598,21.4,
,,,,,,,SOLO,1782267565909,Wed Jun 24 2026 02:19:25 GMT+0000 (UTC),0,,,X,-5.5,-31.1,596.2,21.4,
### next string
Hocking R,F 4,AU-500m,2130,1720,0,0
,,,,,,,SOLO,1782267047237,Wed Jun 24 2026 02:10:47 GMT+0000 (UTC),0,,sighter,4,-132.6,-241,583.5,22.1,
,,,,,,,SOLO,1782267092636,Wed Jun 24 2026 02:11:32 GMT+0000 (UTC),0,,,5,-83.2,-101.7,588.2,22.1,
,,,,,,,SOLO,1782267150071,Wed Jun 24 2026 02:12:30 GMT+0000 (UTC),0,,,4,-188.9,-1.4,582.9,22.1,
,,,,,,,SOLO,1782267200574,Wed Jun 24 2026 02:13:20 GMT+0000 (UTC),0,,,4,45.1,-146.7,579.7,21.9,
,,,,,,,SOLO,1782267235061,Wed Jun 24 2026 02:13:55 GMT+0000 (UTC),0,,,4,-135.1,-93.2,582,21.9,
,,,,,,,SOLO,1782267282619,Wed Jun 24 2026 02:14:42 GMT+0000 (UTC),0,,,5,5.9,102.9,587.1,21.9,
,,,,,,,SOLO,1782267325055,Wed Jun 24 2026 02:15:25 GMT+0000 (UTC),0,,,5,-87.5,-81.4,581,21.8,
,,,,,,,SOLO,1782267369714,Wed Jun 24 2026 02:16:09 GMT+0000 (UTC),0,,,5,15.5,-114.8,578.9,21.8,
,,,,,,,SOLO,1782267401115,Wed Jun 24 2026 02:16:41 GMT+0000 (UTC),0,,,4,-164.2,147.4,586.3,21.7,
,,,,,,,SOLO,1782267432553,Wed Jun 24 2026 02:17:12 GMT+0000 (UTC),0,,,4,-137.1,-63.4,582.9,21.7,
,,,,,,,SOLO,1782267500916,Wed Jun 24 2026 02:18:20 GMT+0000 (UTC),0,,,V,-49.1,-37,587,21.7,
### next string
S.Greenhill,F 5,AU-500m,2127,1720,0,0
,,,,,,,SOLO,1782267187236,Wed Jun 24 2026 02:13:07 GMT+0000 (UTC),0,,sighter,4,-111.8,127.2,631.4,21.3,
,,,,,,,SOLO,1782267215912,Wed Jun 24 2026 02:13:35 GMT+0000 (UTC),0,,,X,-29.3,8.9,631,21.3,
,,,,,,,SOLO,1782267243928,Wed Jun 24 2026 02:14:03 GMT+0000 (UTC),0,,,6,25.9,70.5,636.9,21.3,
,,,,,,,SOLO,1782267266052,Wed Jun 24 2026 02:14:26 GMT+0000 (UTC),0,,,5,108.1,8.9,634.6,21.3,
,,,,,,,SOLO,1782267306117,Wed Jun 24 2026 02:15:06 GMT+0000 (UTC),0,,,X,23.2,21.6,640.4,21.2,
,,,,,,,SOLO,1782267315490,Wed Jun 24 2026 02:15:15 GMT+0000 (UTC),0,,,6,-41.4,17.5,634.5,21.2,
,,,,,,,SOLO,1782267328751,Wed Jun 24 2026 02:15:28 GMT+0000 (UTC),0,,,6,51.8,37.9,625.9,21.2,
,,,,,,,SOLO,1782267338999,Wed Jun 24 2026 02:15:38 GMT+0000 (UTC),0,,,6,-72.7,-17.5,639.3,21.2,
,,,,,,,SOLO,1782267362281,Wed Jun 24 2026 02:16:02 GMT+0000 (UTC),0,,,6,28.6,68,637.1,21.1,
,,,,,,,SOLO,1782267385977,Wed Jun 24 2026 02:16:25 GMT+0000 (UTC),0,,,6,36.4,-42,632.6,21.1,
,,,,,,,SOLO,1782267401426,Wed Jun 24 2026 02:16:41 GMT+0000 (UTC),0,,,X,-13.9,32.8,630.2,21.1,
### next string
Picton B,F 2,AU-500m,2128,1718,0,0
,,,,,,,SOLO,1782266710766,Wed Jun 24 2026 02:05:10 GMT+0000 (UTC),0,,sighter,4,-104.4,-186.5,583.1,21.6,
,,,,,,,SOLO,1782266761424,Wed Jun 24 2026 02:06:01 GMT+0000 (UTC),0,,,5,18.7,-105.1,588.9,21.8,
,,,,,,,SOLO,1782266828048,Wed Jun 24 2026 02:07:08 GMT+0000 (UTC),0,,,5,-14.5,-88.1,579.4,21.8,
,,,,,,,SOLO,1782266887260,Wed Jun 24 2026 02:08:07 GMT+0000 (UTC),0,,,5,10.3,-84.8,579.6,21.9,
,,,,,,,SOLO,1782266943088,Wed Jun 24 2026 02:09:03 GMT+0000 (UTC),0,,,5,103.1,35.3,605.4,21.9,
,,,,,,,SOLO,1782267000123,Wed Jun 24 2026 02:10:00 GMT+0000 (UTC),0,,,5,-68.6,-89.6,585,21.9,
,,,,,,,SOLO,1782267045259,Wed Jun 24 2026 02:10:45 GMT+0000 (UTC),0,,,V,20,-2,599.2,21.9,
,,,,,,,SOLO,1782267075278,Wed Jun 24 2026 02:11:15 GMT+0000 (UTC),0,,,V,-10.8,7.6,590.5,21.9,
,,,,,,,SOLO,1782267215654,Wed Jun 24 2026 02:13:35 GMT+0000 (UTC),0,,,V,-46.5,-8.6,584.1,21.6,
,,,,,,,SOLO,1782267272476,Wed Jun 24 2026 02:14:32 GMT+0000 (UTC),0,,,V,46.1,17.7,577.1,21.6,
,,,,,,,SOLO,1782267324554,Wed Jun 24 2026 02:15:24 GMT+0000 (UTC),0,,,V,-16.6,-18.6,581.5,21.6,
### next string
Schwebel C,F 1,AU-500m,2129,1723,0,0
,,,,,,,SOLO,1782266586649,Wed Jun 24 2026 02:03:06 GMT+0000 (UTC),0,,,V,-3.4,-61.1,609.9,21.4,
,,,,,,,SOLO,1782266618184,Wed Jun 24 2026 02:03:38 GMT+0000 (UTC),0,,,V,-25.9,-4.9,607.8,21.4,
,,,,,,,SOLO,1782266666974,Wed Jun 24 2026 02:04:26 GMT+0000 (UTC),0,,,V,50,25.3,615.7,21.4,
,,,,,,,SOLO,1782266693588,Wed Jun 24 2026 02:04:53 GMT+0000 (UTC),0,,,5,79.2,11.7,610.9,21.4,
,,,,,,,SOLO,1782266997058,Wed Jun 24 2026 02:09:57 GMT+0000 (UTC),0,,,5,-6.4,-89.4,607.4,21.8,
,,,,,,,SOLO,1782267027249,Wed Jun 24 2026 02:10:27 GMT+0000 (UTC),0,,,V,41,25.9,608.8,21.8,
,,,,,,,SOLO,1782267060823,Wed Jun 24 2026 02:11:00 GMT+0000 (UTC),0,,,V,55.9,35.7,603.8,21.7,
,,,,,,,SOLO,1782267127603,Wed Jun 24 2026 02:12:07 GMT+0000 (UTC),0,,,V,-48.6,28.2,606.6,21.5,
,,,,,,,SOLO,1782267184735,Wed Jun 24 2026 02:13:04 GMT+0000 (UTC),0,,,V,-44.2,22.7,616.6,21.5,
,,,,,,,SOLO,1782267216923,Wed Jun 24 2026 02:13:36 GMT+0000 (UTC),0,,,V,38.4,44,623.5,21.4,
### next string
z. Wiid,F 5,AU-500m,2127,1720,0,0
,,,,,,,SOLO,1782266580145,Wed Jun 24 2026 02:03:00 GMT+0000 (UTC),0,,sighter,4,-127.5,208.8,622,21.2,
,,,,,,,SOLO,1782266612279,Wed Jun 24 2026 02:03:32 GMT+0000 (UTC),0,,,V,23.8,37.8,629.4,21.2,
,,,,,,,SOLO,1782266643092,Wed Jun 24 2026 02:04:03 GMT+0000 (UTC),0,,,V,12.4,-50.2,629.2,21.2,
,,,,,,,SOLO,1782266676067,Wed Jun 24 2026 02:04:36 GMT+0000 (UTC),0,,,5,106.1,-28.3,622.2,21.1,
,,,,,,,SOLO,1782266731001,Wed Jun 24 2026 02:05:31 GMT+0000 (UTC),0,,,V,1.7,55.5,623.6,21.4,
,,,,,,,SOLO,1782266762536,Wed Jun 24 2026 02:06:02 GMT+0000 (UTC),0,,,5,102.9,-2.2,629.1,21.4,
,,,,,,,SOLO,1782266798669,Wed Jun 24 2026 02:06:38 GMT+0000 (UTC),0,,,V,-5,-63,624.1,21.5,
,,,,,,,SOLO,1782266837019,Wed Jun 24 2026 02:07:17 GMT+0000 (UTC),0,,,5,110,-70.3,619.7,21.5,
,,,,,,,SOLO,1782266878658,Wed Jun 24 2026 02:07:58 GMT+0000 (UTC),0,,,5,63.5,62.4,626,21.6,
,,,,,,,SOLO,1782266917717,Wed Jun 24 2026 02:08:37 GMT+0000 (UTC),0,,,V,33.7,40,622.2,21.6,
,,,,,,,SOLO,1782266954275,Wed Jun 24 2026 02:09:14 GMT+0000 (UTC),0,,,5,-76.3,76.4,625.7,21.6,
### next string
williams s 23295,F 3,AU-500m,2130,1722,0,0
,,,,,,,SOLO,1782266508048,Wed Jun 24 2026 02:01:48 GMT+0000 (UTC),0,,sighter,V,53.1,35.2,596.3,21.5,
,,,,,,,SOLO,1782266545187,Wed Jun 24 2026 02:02:25 GMT+0000 (UTC),0,,sighter,4,155.9,62.2,585.3,21.4,
,,,,,,,SOLO,1782266584228,Wed Jun 24 2026 02:03:04 GMT+0000 (UTC),0,,,V,-22.2,47.4,590.9,21.4,
,,,,,,,SOLO,1782266613349,Wed Jun 24 2026 02:03:33 GMT+0000 (UTC),0,,,4,153.5,-10.3,593.8,21.3,
,,,,,,,SOLO,1782266652775,Wed Jun 24 2026 02:04:12 GMT+0000 (UTC),0,,,V,-46.1,41,591.7,21.3,
,,,,,,,SOLO,1782266684668,Wed Jun 24 2026 02:04:44 GMT+0000 (UTC),0,,,V,-27.7,29.6,600.3,21.4,
,,,,,,,SOLO,1782266726328,Wed Jun 24 2026 02:05:26 GMT+0000 (UTC),0,,,5,137.4,-18.1,590.5,21.4,
,,,,,,,SOLO,1782266754798,Wed Jun 24 2026 02:05:54 GMT+0000 (UTC),0,,,5,80.7,29.8,594,21.6,
,,,,,,,SOLO,1782266789848,Wed Jun 24 2026 02:06:29 GMT+0000 (UTC),0,,,5,115.6,42.2,595.6,21.6,
,,,,,,,SOLO,1782266825928,Wed Jun 24 2026 02:07:05 GMT+0000 (UTC),0,,,V,-15.7,41,594.8,21.8,
,,,,,,,SOLO,1782266860601,Wed Jun 24 2026 02:07:40 GMT+0000 (UTC),0,,,V,37.5,-61,593.2,21.8,
,,,,,,,SOLO,1782266892560,Wed Jun 24 2026 02:08:12 GMT+0000 (UTC),0,,,4,193.1,63.7,590,21.8,
### next string
chad m,F 4,AU-500m,2130,1720,0,0
,,,,,,,SOLO,1782266301049,Wed Jun 24 2026 01:58:21 GMT+0000 (UTC),0,,sighter,4,-142.8,-207.4,610.6,22.2,
,,,,,,,SOLO,1782266341244,Wed Jun 24 2026 01:59:01 GMT+0000 (UTC),0,,,V,-48.1,14.3,614.2,22.2,
,,,,,,,SOLO,1782266433387,Wed Jun 24 2026 02:00:33 GMT+0000 (UTC),0,,,5,106.2,-25.4,617.7,22.1,
,,,,,,,SOLO,1782266466015,Wed Jun 24 2026 02:01:06 GMT+0000 (UTC),0,,,V,45.7,-43.8,603.9,21.9,
,,,,,,,SOLO,1782266520605,Wed Jun 24 2026 02:02:00 GMT+0000 (UTC),0,,,V,47,-31.3,615,21.9,
,,,,,,,SOLO,1782266574442,Wed Jun 24 2026 02:02:54 GMT+0000 (UTC),0,,,V,19.3,-24.3,617.4,21.8,
,,,,,,,SOLO,1782266617196,Wed Jun 24 2026 02:03:37 GMT+0000 (UTC),0,,,V,-16.6,-4.7,622.4,21.9,
,,,,,,,SOLO,1782266662137,Wed Jun 24 2026 02:04:22 GMT+0000 (UTC),0,,,V,-46.2,-0.3,616.7,21.9,
,,,,,,,SOLO,1782266719836,Wed Jun 24 2026 02:05:19 GMT+0000 (UTC),0,,,5,83.5,-25.7,609,21.9,
,,,,,,,SOLO,1782266810528,Wed Jun 24 2026 02:06:50 GMT+0000 (UTC),0,,,5,96.9,10.8,617.6,22.3,
,,,,,,,SOLO,1782266846699,Wed Jun 24 2026 02:07:26 GMT+0000 (UTC),0,,,5,-51.3,-61.3,609.2,22.3,
### next string
Ryder M,F 6,AU-500m,2132,1720,0,0
,,,,,,,SOLO,1782266243991,Wed Jun 24 2026 01:57:23 GMT+0000 (UTC),0,,sighter,4,-241.4,157.8,574.2,21.9,
,,,,,,,SOLO,1782266302310,Wed Jun 24 2026 01:58:22 GMT+0000 (UTC),0,,sighter,4,-198.1,73.4,605.8,21.8,
,,,,,,,SOLO,1782266407826,Wed Jun 24 2026 02:00:07 GMT+0000 (UTC),0,,,5,-75.4,-33.6,569.5,21.9,
,,,,,,,SOLO,1782266452665,Wed Jun 24 2026 02:00:52 GMT+0000 (UTC),0,,,5,6.8,145.6,581.4,21.6,
,,,,,,,SOLO,1782266503179,Wed Jun 24 2026 02:01:43 GMT+0000 (UTC),0,,,V,23.4,38.9,572.2,21.6,
,,,,,,,SOLO,1782266550014,Wed Jun 24 2026 02:02:30 GMT+0000 (UTC),0,,,5,-106.4,46.1,573.7,21.6,
,,,,,,,SOLO,1782266594160,Wed Jun 24 2026 02:03:14 GMT+0000 (UTC),0,,,4,116.7,111.2,573.9,21.4,
,,,,,,,SOLO,1782266640066,Wed Jun 24 2026 02:04:00 GMT+0000 (UTC),0,,,V,15.8,58.3,565.8,21.4,
,,,,,,,SOLO,1782266672296,Wed Jun 24 2026 02:04:32 GMT+0000 (UTC),0,,,5,101.2,61.3,575.8,21.4,
,,,,,,,SOLO,1782266723740,Wed Jun 24 2026 02:05:23 GMT+0000 (UTC),0,,,5,121.4,15.4,572.1,21.6,
,,,,,,,SOLO,1782266762303,Wed Jun 24 2026 02:06:02 GMT+0000 (UTC),0,,,4,168.2,-32.5,580.2,21.6,
,,,,,,,SOLO,1782266818094,Wed Jun 24 2026 02:06:58 GMT+0000 (UTC),0,,,5,116.2,34.1,584.4,21.8,
### next string
Dyson a,F 2,AU-500m,2128,1718,0,0
,,,,,,,SOLO,1782265814320,Wed Jun 24 2026 01:50:14 GMT+0000 (UTC),0,,sighter,4,-184.4,-172,588.6,21.6,
,,,,,,,SOLO,1782265874435,Wed Jun 24 2026 01:51:14 GMT+0000 (UTC),0,,,5,24.7,-97.9,586.2,21.7,
,,,,,,,SOLO,1782265935724,Wed Jun 24 2026 01:52:15 GMT+0000 (UTC),0,,,V,19.1,26.7,589.4,21.9,
,,,,,,,SOLO,1782265998108,Wed Jun 24 2026 01:53:18 GMT+0000 (UTC),0,,,V,-44,-8.8,596.1,21.9,
,,,,,,,SOLO,1782266050470,Wed Jun 24 2026 01:54:10 GMT+0000 (UTC),0,,,V,44.6,24.5,592.8,21.9,
,,,,,,,SOLO,1782266091282,Wed Jun 24 2026 01:54:51 GMT+0000 (UTC),0,,,5,-72.1,-88.9,591.9,22,
,,,,,,,SOLO,1782266141415,Wed Jun 24 2026 01:55:41 GMT+0000 (UTC),0,,,5,19.2,-86.9,588.9,22,
,,,,,,,SOLO,1782266201060,Wed Jun 24 2026 01:56:41 GMT+0000 (UTC),0,,,5,113.8,25.1,593,22.1,
,,,,,,,SOLO,1782266247409,Wed Jun 24 2026 01:57:27 GMT+0000 (UTC),0,,,V,31.7,11.3,590.2,22.1,
,,,,,,,SOLO,1782266295640,Wed Jun 24 2026 01:58:15 GMT+0000 (UTC),0,,,V,10.3,-46,618.1,22,
,,,,,,,SOLO,1782266341632,Wed Jun 24 2026 01:59:01 GMT+0000 (UTC),0,,,5,-109.9,55.3,588.1,22,
### next string
J Pratt 125,F 5,AU-500m,2127,1720,0,0
,,,,,,,SOLO,1782265831149,Wed Jun 24 2026 01:50:31 GMT+0000 (UTC),0,,sighter,4,-163.1,98.9,624.8,21.2,
,,,,,,,SOLO,1782265900580,Wed Jun 24 2026 01:51:40 GMT+0000 (UTC),0,,,5,-111.4,-7.8,625.7,21.4,
,,,,,,,SOLO,1782265959373,Wed Jun 24 2026 01:52:39 GMT+0000 (UTC),0,,,5,-76,-16.4,626.1,21.5,
,,,,,,,SOLO,1782266032987,Wed Jun 24 2026 01:53:52 GMT+0000 (UTC),0,,,5,120.1,-6.5,633.5,21.5,
,,,,,,,SOLO,1782266131515,Wed Jun 24 2026 01:55:31 GMT+0000 (UTC),0,,,5,42.8,-93.7,632.1,21.6,
,,,,,,,SOLO,1782266182235,Wed Jun 24 2026 01:56:22 GMT+0000 (UTC),0,,,V,58.1,30.9,628.5,21.5,
,,,,,,,SOLO,1782266249588,Wed Jun 24 2026 01:57:29 GMT+0000 (UTC),0,,,V,60.8,-24.8,628.1,21.5,
,,,,,,,SOLO,1782266304458,Wed Jun 24 2026 01:58:24 GMT+0000 (UTC),0,,,V,-40.9,36.8,651.1,21.5,
,,,,,,,SOLO,1782266367081,Wed Jun 24 2026 01:59:27 GMT+0000 (UTC),0,,,V,-48,-28.7,635.1,21.5,
,,,,,,,SOLO,1782266419827,Wed Jun 24 2026 02:00:19 GMT+0000 (UTC),0,,,V,-2.7,13.9,624.7,21.5,
,,,,,,,SOLO,1782266466707,Wed Jun 24 2026 02:01:06 GMT+0000 (UTC),0,,,V,-30.2,4.8,616.8,21.3,
### next string
McCauley b,F 1,AU-500m,2129,1723,0,0
,,,,,,,SOLO,1782266041257,Wed Jun 24 2026 01:54:01 GMT+0000 (UTC),0,,sighter,4,193.7,29.8,616.3,21.7,
,,,,,,,SOLO,1782266093566,Wed Jun 24 2026 01:54:53 GMT+0000 (UTC),0,,,5,-86,57.6,626,21.7,
,,,,,,,SOLO,1782266141974,Wed Jun 24 2026 01:55:41 GMT+0000 (UTC),0,,,V,-30.1,-46.6,620.8,21.8,
,,,,,,,SOLO,1782266183470,Wed Jun 24 2026 01:56:23 GMT+0000 (UTC),0,,,V,58,16.8,613.4,21.8,
,,,,,,,SOLO,1782266211562,Wed Jun 24 2026 01:56:51 GMT+0000 (UTC),0,,,V,8,5.3,620.8,21.9,
,,,,,,,SOLO,1782266258456,Wed Jun 24 2026 01:57:38 GMT+0000 (UTC),0,,,V,-32,-16,615.9,21.9,
,,,,,,,SOLO,1782266284204,Wed Jun 24 2026 01:58:04 GMT+0000 (UTC),0,,,5,-97.3,0.3,626.1,21.9,
,,,,,,,SOLO,1782266317084,Wed Jun 24 2026 01:58:37 GMT+0000 (UTC),0,,,V,-40.7,-30.7,610.7,21.9,
,,,,,,,SOLO,1782266375069,Wed Jun 24 2026 01:59:35 GMT+0000 (UTC),0,,,5,-62.4,-45.6,620.3,21.7,
,,,,,,,SOLO,1782266427873,Wed Jun 24 2026 02:00:27 GMT+0000 (UTC),0,,,V,-23.8,10.1,623.5,21.7,
,,,,,,,SOLO,1782266453279,Wed Jun 24 2026 02:00:53 GMT+0000 (UTC),0,,,V,-46.9,4.3,618.5,21.7,
### next string
Bell A,F 3,AU-500m,2130,1722,0,0
,,,,,,,SOLO,1782265969984,Wed Jun 24 2026 01:52:49 GMT+0000 (UTC),0,,sighter,4,-176.4,-80.4,599.6,21.7,
,,,,,,,SOLO,1782266021350,Wed Jun 24 2026 01:53:41 GMT+0000 (UTC),0,,,5,114.3,-60.5,597.4,21.7,
,,,,,,,SOLO,1782266077624,Wed Jun 24 2026 01:54:37 GMT+0000 (UTC),0,,,5,88.5,-27.4,607.4,21.8,
,,,,,,,SOLO,1782266124459,Wed Jun 24 2026 01:55:24 GMT+0000 (UTC),0,,,V,44.3,-17.2,601.2,21.9,
,,,,,,,SOLO,1782266173581,Wed Jun 24 2026 01:56:13 GMT+0000 (UTC),0,,,V,-29,54.6,605.5,21.9,
,,,,,,,SOLO,1782266212571,Wed Jun 24 2026 01:56:52 GMT+0000 (UTC),0,,,5,-86.6,-15,593,21.9,
,,,,,,,SOLO,1782266258181,Wed Jun 24 2026 01:57:38 GMT+0000 (UTC),0,,,V,-19.3,-32.1,596.8,21.8,
,,,,,,,SOLO,1782266298766,Wed Jun 24 2026 01:58:18 GMT+0000 (UTC),0,,,5,-78.4,21.3,605.8,21.8,
,,,,,,,SOLO,1782266337397,Wed Jun 24 2026 01:58:57 GMT+0000 (UTC),0,,,V,-56.2,40.9,601.1,21.8,
,,,,,,,SOLO,1782266375345,Wed Jun 24 2026 01:59:35 GMT+0000 (UTC),0,,,5,101.1,54.6,613.6,21.8,
,,,,,,,SOLO,1782266423064,Wed Jun 24 2026 02:00:23 GMT+0000 (UTC),0,,,V,-46.1,-27.6,595.8,21.6,
### next string
sainsbury d,F 4,AU-500m,2130,1720,0,0
,,,,,,,SOLO,1782265598633,Wed Jun 24 2026 01:46:38 GMT+0000 (UTC),0,,sighter,3,385.4,-254.2,576.1,22.1,
,,,,,,,SOLO,1782265690955,Wed Jun 24 2026 01:48:10 GMT+0000 (UTC),0,,sighter,4,164.4,150.2,582.5,21.9,
,,,,,,,SOLO,1782265781837,Wed Jun 24 2026 01:49:41 GMT+0000 (UTC),0,,,4,-150.3,31.9,575,21.9,
,,,,,,,SOLO,1782265826626,Wed Jun 24 2026 01:50:26 GMT+0000 (UTC),0,,,V,-5.7,59.5,572.9,21.9,
,,,,,,,SOLO,1782265870266,Wed Jun 24 2026 01:51:10 GMT+0000 (UTC),0,,,5,73.5,82.5,580.6,22,
,,,,,,,SOLO,1782265911945,Wed Jun 24 2026 01:51:51 GMT+0000 (UTC),0,,,V,43.6,34.6,574.2,22.1,
,,,,,,,SOLO,1782265965378,Wed Jun 24 2026 01:52:45 GMT+0000 (UTC),0,,,V,45.4,33.5,576,22.1,
,,,,,,,SOLO,1782265994853,Wed Jun 24 2026 01:53:14 GMT+0000 (UTC),0,,,V,35.3,64.2,581.5,22.2,
,,,,,,,SOLO,1782266037034,Wed Jun 24 2026 01:53:57 GMT+0000 (UTC),0,,,V,66.4,-19.5,581.9,22.3,
,,,,,,,SOLO,1782266078190,Wed Jun 24 2026 01:54:38 GMT+0000 (UTC),0,,,5,136.2,4.1,578.3,22.3,
,,,,,,,SOLO,1782266138777,Wed Jun 24 2026 01:55:38 GMT+0000 (UTC),0,,,V,59.8,-39.4,569.6,22.3,
,,,,,,,SOLO,1782266172623,Wed Jun 24 2026 01:56:12 GMT+0000 (UTC),0,,,V,38.2,-5.3,578.3,22.3,
### next string
Kothari O,F 6,AU-500m,2132,1720,0,0
,,,,,,,SOLO,1782265621388,Wed Jun 24 2026 01:47:01 GMT+0000 (UTC),0,,sighter,4,-296.4,32.8,574.7,21.5,
,,,,,,,SOLO,1782265714430,Wed Jun 24 2026 01:48:34 GMT+0000 (UTC),0,,,V,-5.4,36.3,577.9,21.5,
,,,,,,,SOLO,1782265751200,Wed Jun 24 2026 01:49:11 GMT+0000 (UTC),0,,,5,-142.9,36,578.9,21.5,
,,,,,,,SOLO,1782265820264,Wed Jun 24 2026 01:50:20 GMT+0000 (UTC),0,,,4,-51.1,184.4,571.7,21.6,
,,,,,,,SOLO,1782265871918,Wed Jun 24 2026 01:51:11 GMT+0000 (UTC),0,,,V,-7.7,40.2,572.3,21.6,
,,,,,,,SOLO,1782265916302,Wed Jun 24 2026 01:51:56 GMT+0000 (UTC),0,,,V,15.1,41.8,579.5,21.8,
,,,,,,,SOLO,1782265943380,Wed Jun 24 2026 01:52:23 GMT+0000 (UTC),0,,,5,-80.2,100.3,574.6,21.8,
,,,,,,,SOLO,1782265975924,Wed Jun 24 2026 01:52:55 GMT+0000 (UTC),0,,,5,-42.7,131.3,576.4,21.8,
,,,,,,,SOLO,1782266021564,Wed Jun 24 2026 01:53:41 GMT+0000 (UTC),0,,,V,5.6,-26.7,570.2,21.9,
,,,,,,,SOLO,1782266057165,Wed Jun 24 2026 01:54:17 GMT+0000 (UTC),0,,,4,157.8,-47.8,567.7,21.9,
,,,,,,,SOLO,1782266094097,Wed Jun 24 2026 01:54:54 GMT+0000 (UTC),0,,,5,127.3,8.7,584.4,21.9,
### next string
Sonnenberg A,F 3,AU-500m,2130,1722,0,0
,,,,,,,SOLO,1782265305282,Wed Jun 24 2026 01:41:45 GMT+0000 (UTC),0,,sighter,4,-47.4,150.4,611.9,22.1,
,,,,,,,SOLO,1782265365932,Wed Jun 24 2026 01:42:45 GMT+0000 (UTC),0,,,V,-50.4,-23.3,611.5,22.1,
,,,,,,,SOLO,1782265494360,Wed Jun 24 2026 01:44:54 GMT+0000 (UTC),0,,,V,-52.1,-45.6,609.2,21.8,
,,,,,,,SOLO,1782265548292,Wed Jun 24 2026 01:45:48 GMT+0000 (UTC),0,,,5,-114.1,-46.6,601.3,21.6,
,,,,,,,SOLO,1782265585594,Wed Jun 24 2026 01:46:25 GMT+0000 (UTC),0,,,V,-43.6,-25.6,595.2,21.6,
,,,,,,,SOLO,1782265627485,Wed Jun 24 2026 01:47:07 GMT+0000 (UTC),0,,,5,-83.8,1.8,605.4,21.6,
,,,,,,,SOLO,1782265680399,Wed Jun 24 2026 01:48:00 GMT+0000 (UTC),0,,,V,30.8,-8,599.5,21.4,
,,,,,,,SOLO,1782265745151,Wed Jun 24 2026 01:49:05 GMT+0000 (UTC),0,,,5,124,-14.2,607.6,21.4,
,,,,,,,SOLO,1782265780064,Wed Jun 24 2026 01:49:40 GMT+0000 (UTC),0,,,5,-81.8,-12.1,605.3,21.4,
,,,,,,,SOLO,1782265810577,Wed Jun 24 2026 01:50:10 GMT+0000 (UTC),0,,,V,23.1,14.5,610.3,21.4,
,,,,,,,SOLO,1782265834311,Wed Jun 24 2026 01:50:34 GMT+0000 (UTC),0,,,V,-27.3,4.4,602.2,21.4,
### next string
Bailey J,F 1,AU-500m,2129,1723,0,0
,,,,,,,SOLO,1782265456251,Wed Jun 24 2026 01:44:16 GMT+0000 (UTC),0,,sighter,4,-167.5,9.9,603,21.8,
,,,,,,,SOLO,1782265510137,Wed Jun 24 2026 01:45:10 GMT+0000 (UTC),0,,,5,61.1,46.7,609.5,21.7,
,,,,,,,SOLO,1782265564434,Wed Jun 24 2026 01:46:04 GMT+0000 (UTC),0,,,4,-148.4,85.7,613,21.7,
,,,,,,,SOLO,1782265623688,Wed Jun 24 2026 01:47:03 GMT+0000 (UTC),0,,,4,-169.3,-24.6,606.9,21.5,
,,,,,,,SOLO,1782265662260,Wed Jun 24 2026 01:47:42 GMT+0000 (UTC),0,,,5,-57.4,-69,609.8,21.5,
,,,,,,,SOLO,1782265697273,Wed Jun 24 2026 01:48:17 GMT+0000 (UTC),0,,,V,35.3,3.4,602.1,21.5,
,,,,,,,SOLO,1782265721091,Wed Jun 24 2026 01:48:41 GMT+0000 (UTC),0,,,V,59.8,-17.8,604.5,21.4,
,,,,,,,SOLO,1782265757551,Wed Jun 24 2026 01:49:17 GMT+0000 (UTC),0,,,5,-123.6,7.7,606.7,21.4,
,,,,,,,SOLO,1782265783891,Wed Jun 24 2026 01:49:43 GMT+0000 (UTC),0,,,5,-102.9,-12.1,604.5,21.4,
,,,,,,,SOLO,1782265833498,Wed Jun 24 2026 01:50:33 GMT+0000 (UTC),0,,,V,43.2,-5.3,605.6,21.4,
,,,,,,,SOLO,1782265861546,Wed Jun 24 2026 01:51:01 GMT+0000 (UTC),0,,,V,10.4,17.5,611.7,21.5,
### next string
Fincham D,F 2,AU-500m,2128,1718,0,0
,,,,,,,SOLO,1782265120609,Wed Jun 24 2026 01:38:40 GMT+0000 (UTC),0,,sighter,5,-28.9,113.9,645.6,22.1,
,,,,,,,SOLO,1782265190200,Wed Jun 24 2026 01:39:50 GMT+0000 (UTC),0,,,X,31.3,2.5,644.4,22.2,
,,,,,,,SOLO,1782265229925,Wed Jun 24 2026 01:40:29 GMT+0000 (UTC),0,,,5,-101.4,-41.1,655.2,22.2,
,,,,,,,SOLO,1782265279054,Wed Jun 24 2026 01:41:19 GMT+0000 (UTC),0,,,6,-62.3,20.6,645.6,22.3,
,,,,,,,SOLO,1782265325362,Wed Jun 24 2026 01:42:05 GMT+0000 (UTC),0,,,6,50,-21.2,645.6,22.1,
,,,,,,,SOLO,1782265362134,Wed Jun 24 2026 01:42:42 GMT+0000 (UTC),0,,,X,-33.1,-14.3,643.8,22.1,
,,,,,,,SOLO,1782265392918,Wed Jun 24 2026 01:43:12 GMT+0000 (UTC),0,,,X,28,0.4,645.8,22.1,
,,,,,,,SOLO,1782265418639,Wed Jun 24 2026 01:43:38 GMT+0000 (UTC),0,,,X,10.7,33.8,645.3,22.1,
,,,,,,,SOLO,1782265442957,Wed Jun 24 2026 01:44:02 GMT+0000 (UTC),0,,,X,23.5,30.5,659.2,22.1,
,,,,,,,SOLO,1782265476310,Wed Jun 24 2026 01:44:36 GMT+0000 (UTC),0,,,X,-2.5,-21.9,652.7,21.9,
,,,,,,,SOLO,1782265506288,Wed Jun 24 2026 01:45:06 GMT+0000 (UTC),0,,,X,19.9,29.6,650.7,21.9,
### next string
R Brown 105,F 5,AU-500m,2127,1720,0,0
,,,,,,,SOLO,1782265208956,Wed Jun 24 2026 01:40:08 GMT+0000 (UTC),0,,sighter,5,-65,64.6,688.8,22,
,,,,,,,SOLO,1782265254229,Wed Jun 24 2026 01:40:54 GMT+0000 (UTC),0,,sighter,5,-107.6,29.1,684.8,22,
,,,,,,,SOLO,1782265283132,Wed Jun 24 2026 01:41:23 GMT+0000 (UTC),0,,,V,-59.6,-17.9,692.7,22,
,,,,,,,SOLO,1782265316782,Wed Jun 24 2026 01:41:56 GMT+0000 (UTC),0,,,V,48.7,-13.2,677.8,22,
,,,,,,,SOLO,1782265335503,Wed Jun 24 2026 01:42:15 GMT+0000 (UTC),0,,,V,26.8,29.4,690.5,22,
,,,,,,,SOLO,1782265359695,Wed Jun 24 2026 01:42:39 GMT+0000 (UTC),0,,,V,2.2,67,685.3,21.9,
,,,,,,,SOLO,1782265389308,Wed Jun 24 2026 01:43:09 GMT+0000 (UTC),0,,,V,-15.2,70.2,685.5,21.9,
,,,,,,,SOLO,1782265421938,Wed Jun 24 2026 01:43:41 GMT+0000 (UTC),0,,,V,-9,-6.9,687.2,21.8,
,,,,,,,SOLO,1782265455207,Wed Jun 24 2026 01:44:15 GMT+0000 (UTC),0,,,V,-57.5,0.8,688.3,21.8,
,,,,,,,SOLO,1782265481814,Wed Jun 24 2026 01:44:41 GMT+0000 (UTC),0,,,V,-32.4,17.6,682,21.5,
,,,,,,,SOLO,1782265516447,Wed Jun 24 2026 01:45:16 GMT+0000 (UTC),0,,,5,-31.4,75.1,680.9,21.5,
,,,,,,,SOLO,1782265546374,Wed Jun 24 2026 01:45:46 GMT+0000 (UTC),0,,,V,-0.4,36.3,679.2,21.4,
### next string
Trinh; E,F 6,AU-500m,2132,1720,0,0
,,,,,,,SOLO,1782264700492,Wed Jun 24 2026 01:31:40 GMT+0000 (UTC),0,,sighter,V,51,-56,564.8,22.7,
,,,,,,,SOLO,1782264746267,Wed Jun 24 2026 01:32:26 GMT+0000 (UTC),0,,sighter,4,-165.4,-100.9,566.1,22.7,
,,,,,,,SOLO,1782264815343,Wed Jun 24 2026 01:33:35 GMT+0000 (UTC),0,,,5,54,-71.8,562.7,22.6,
,,,,,,,SOLO,1782264881199,Wed Jun 24 2026 01:34:41 GMT+0000 (UTC),0,,,4,-138.4,-60.7,567.5,22.6,
,,,,,,,SOLO,1782264964951,Wed Jun 24 2026 01:36:04 GMT+0000 (UTC),0,,,5,-99.6,27.9,577.2,22.4,
,,,,,,,SOLO,1782265032076,Wed Jun 24 2026 01:37:12 GMT+0000 (UTC),0,,,4,-118.2,109.9,567.8,22.4,
,,,,,,,SOLO,1782265114321,Wed Jun 24 2026 01:38:34 GMT+0000 (UTC),0,,,V,52.5,-0.9,569.6,22.4,
,,,,,,,SOLO,1782265176919,Wed Jun 24 2026 01:39:36 GMT+0000 (UTC),0,,,5,125.7,-77.8,584.3,22.4,
,,,,,,,SOLO,1782265253904,Wed Jun 24 2026 01:40:53 GMT+0000 (UTC),0,,,V,61.7,-11.7,571.4,22.5,
,,,,,,,SOLO,1782265339468,Wed Jun 24 2026 01:42:19 GMT+0000 (UTC),0,,,5,60.6,-70,577.8,22.3,
,,,,,,,SOLO,1782265401613,Wed Jun 24 2026 01:43:21 GMT+0000 (UTC),0,,,5,-77.1,56.4,580.3,22.2,
,,,,,,,SOLO,1782265445163,Wed Jun 24 2026 01:44:05 GMT+0000 (UTC),0,,,V,43.9,43.4,567,22.1,
### next string
gibbins n,F 4,AU-500m,2130,1720,0,0
,,,,,,,SOLO,1782264759169,Wed Jun 24 2026 01:32:39 GMT+0000 (UTC),0,,sighter,5,-53,83.7,614.6,22.8,
,,,,,,,SOLO,1782264799140,Wed Jun 24 2026 01:33:19 GMT+0000 (UTC),0,,sighter,4,213.9,39.4,613.2,22.8,
,,,,,,,SOLO,1782264885393,Wed Jun 24 2026 01:34:45 GMT+0000 (UTC),0,,,4,-144.5,40.4,620.1,22.6,
,,,,,,,SOLO,1782264969599,Wed Jun 24 2026 01:36:09 GMT+0000 (UTC),0,,,V,69,23,614.5,22.6,
,,,,,,,SOLO,1782265002008,Wed Jun 24 2026 01:36:42 GMT+0000 (UTC),0,,,V,50.4,-0.7,616.1,22.6,
,,,,,,,SOLO,1782265050032,Wed Jun 24 2026 01:37:30 GMT+0000 (UTC),0,,,5,-146.6,5.2,621.4,22.6,
,,,,,,,SOLO,1782265148285,Wed Jun 24 2026 01:39:08 GMT+0000 (UTC),0,,,V,43.6,40,621.7,22.6,
,,,,,,,SOLO,1782265172536,Wed Jun 24 2026 01:39:32 GMT+0000 (UTC),0,,,V,13.4,7.9,614.4,22.6,
,,,,,,,SOLO,1782265227077,Wed Jun 24 2026 01:40:27 GMT+0000 (UTC),0,,,5,-140.9,-13.8,618.9,22.6,
,,,,,,,SOLO,1782265301805,Wed Jun 24 2026 01:41:41 GMT+0000 (UTC),0,,,5,-79.1,63.7,622.8,22.6,
,,,,,,,SOLO,1782265374704,Wed Jun 24 2026 01:42:54 GMT+0000 (UTC),0,,,5,-94.5,38.6,614.8,22.4,
,,,,,,,SOLO,1782265394706,Wed Jun 24 2026 01:43:14 GMT+0000 (UTC),0,,,5,18.4,-84.6,612.2,22.4,
### next string
D Lancaster,F 1,AU-500m,2129,1723,0,0
,,,,,,,SOLO,1782265057864,Wed Jun 24 2026 01:37:37 GMT+0000 (UTC),0,,sighter,4,-297.4,109.7,635.8,21.9,
,,,,,,,SOLO,1782265098720,Wed Jun 24 2026 01:38:18 GMT+0000 (UTC),0,,sighter,4,162.1,77.1,633.1,22,
,,,,,,,SOLO,1782265136043,Wed Jun 24 2026 01:38:56 GMT+0000 (UTC),0,,,5,-135.8,45.4,644,22,
,,,,,,,SOLO,1782265168896,Wed Jun 24 2026 01:39:28 GMT+0000 (UTC),0,,,5,-87.8,57.6,640.6,22,
,,,,,,,SOLO,1782265193436,Wed Jun 24 2026 01:39:53 GMT+0000 (UTC),0,,,5,-57.4,58.2,646.2,22,
,,,,,,,SOLO,1782265220996,Wed Jun 24 2026 01:40:20 GMT+0000 (UTC),0,,,V,-64.1,34.5,643.2,22,
,,,,,,,SOLO,1782265240157,Wed Jun 24 2026 01:40:40 GMT+0000 (UTC),0,,,5,-132,-19.6,646.2,22.1,
,,,,,,,SOLO,1782265259677,Wed Jun 24 2026 01:40:59 GMT+0000 (UTC),0,,,5,-103,91,650.4,22.1,
,,,,,,,SOLO,1782265278459,Wed Jun 24 2026 01:41:18 GMT+0000 (UTC),0,,,V,-20.8,-67.7,633.7,22.1,
,,,,,,,SOLO,1782265291902,Wed Jun 24 2026 01:41:31 GMT+0000 (UTC),0,,,V,63.3,26.6,636,22,
,,,,,,,SOLO,1782265318575,Wed Jun 24 2026 01:41:58 GMT+0000 (UTC),0,,,5,109.5,31.7,640.5,22,
,,,,,,,SOLO,1782265338604,Wed Jun 24 2026 01:42:18 GMT+0000 (UTC),0,,,V,-29.5,66.4,638.3,22,
### next string
d hutton,F 3,AU-500m,2130,1722,0,0
,,,,,,,SOLO,1782264733957,Wed Jun 24 2026 01:32:13 GMT+0000 (UTC),0,,sighter,3,-405,148.1,582.8,22.4,
,,,,,,,SOLO,1782264806532,Wed Jun 24 2026 01:33:26 GMT+0000 (UTC),0,,,V,6.6,57.3,576.3,22.4,
,,,,,,,SOLO,1782264841870,Wed Jun 24 2026 01:34:01 GMT+0000 (UTC),0,,,5,-28.1,82.7,581.7,22.3,
,,,,,,,SOLO,1782264880337,Wed Jun 24 2026 01:34:40 GMT+0000 (UTC),0,,,4,-209.6,31.3,581.4,22.3,
,,,,,,,SOLO,1782264929717,Wed Jun 24 2026 01:35:29 GMT+0000 (UTC),0,,,5,8.3,-127.6,578.6,22.2,
,,,,,,,SOLO,1782264976372,Wed Jun 24 2026 01:36:16 GMT+0000 (UTC),0,,,V,11.1,-15.1,579.4,22.1,
,,,,,,,SOLO,1782265010859,Wed Jun 24 2026 01:36:50 GMT+0000 (UTC),0,,,5,104.5,-79.7,576.5,22.1,
,,,,,,,SOLO,1782265043196,Wed Jun 24 2026 01:37:23 GMT+0000 (UTC),0,,,V,50.9,21.7,582.4,22,
,,,,,,,SOLO,1782265111235,Wed Jun 24 2026 01:38:31 GMT+0000 (UTC),0,,,4,135.2,-78,578.2,22.1,
,,,,,,,SOLO,1782265141499,Wed Jun 24 2026 01:39:01 GMT+0000 (UTC),0,,,4,-88.7,158.2,577,22.1,
,,,,,,,SOLO,1782265175548,Wed Jun 24 2026 01:39:35 GMT+0000 (UTC),0,,,4,116.5,101.8,574.4,22.1,
### next string
willis 139,F 5,AU-500m,2127,1720,0,0
,,,,,,,SOLO,1782264820985,Wed Jun 24 2026 01:33:40 GMT+0000 (UTC),0,,sighter,4,170.2,-110.5,669.1,22.1,
,,,,,,,SOLO,1782264857450,Wed Jun 24 2026 01:34:17 GMT+0000 (UTC),0,,sighter,5,-35.8,-68,668.8,22.1,
,,,,,,,SOLO,1782264910859,Wed Jun 24 2026 01:35:10 GMT+0000 (UTC),0,,,6,21.7,-63.3,669.5,22.1,
,,,,,,,SOLO,1782264932643,Wed Jun 24 2026 01:35:32 GMT+0000 (UTC),0,,,6,53.4,15.5,670.5,22.1,
,,,,,,,SOLO,1782264953267,Wed Jun 24 2026 01:35:53 GMT+0000 (UTC),0,,,X,-3.8,-19.1,673.6,22,
,,,,,,,SOLO,1782264967701,Wed Jun 24 2026 01:36:07 GMT+0000 (UTC),0,,,6,-35.9,19.3,682.8,22,
,,,,,,,SOLO,1782264979391,Wed Jun 24 2026 01:36:19 GMT+0000 (UTC),0,,,X,-17,16,671,22,
,,,,,,,SOLO,1782264994076,Wed Jun 24 2026 01:36:34 GMT+0000 (UTC),0,,,6,-24.2,-32.2,674,22,
,,,,,,,SOLO,1782265006770,Wed Jun 24 2026 01:36:46 GMT+0000 (UTC),0,,,5,106.1,-12.8,679.9,22,
,,,,,,,SOLO,1782265019766,Wed Jun 24 2026 01:36:59 GMT+0000 (UTC),0,,,6,18.2,-43.1,675.6,21.9,
,,,,,,,SOLO,1782265035682,Wed Jun 24 2026 01:37:15 GMT+0000 (UTC),0,,,X,14.5,-23.7,673.2,21.9,
,,,,,,,SOLO,1782265046254,Wed Jun 24 2026 01:37:26 GMT+0000 (UTC),0,,,6,33.8,-58.6,677.5,21.9,
### next string
Winkel A,F 2,AU-500m,2128,1718,0,0
,,,,,,,SOLO,1782264606466,Wed Jun 24 2026 01:30:06 GMT+0000 (UTC),0,,sighter,4,-108.4,114.8,612.8,22.3,
,,,,,,,SOLO,1782264683716,Wed Jun 24 2026 01:31:23 GMT+0000 (UTC),0,,sighter,5,-70,66.8,614.1,22.4,
,,,,,,,SOLO,1782264740988,Wed Jun 24 2026 01:32:20 GMT+0000 (UTC),0,,,V,-37.4,-18.1,618.9,22.4,
,,,,,,,SOLO,1782264761776,Wed Jun 24 2026 01:32:41 GMT+0000 (UTC),0,,,V,-73,0.2,611,22.4,
,,,,,,,SOLO,1782264787083,Wed Jun 24 2026 01:33:07 GMT+0000 (UTC),0,,,V,27.6,-2.7,610.7,22.3,
,,,,,,,SOLO,1782264834189,Wed Jun 24 2026 01:33:54 GMT+0000 (UTC),0,,,V,39.3,-4.1,616.8,22.3,
,,,,,,,SOLO,1782264852314,Wed Jun 24 2026 01:34:12 GMT+0000 (UTC),0,,,V,23.5,50.4,617.6,22.3,
,,,,,,,SOLO,1782264948183,Wed Jun 24 2026 01:35:48 GMT+0000 (UTC),0,,,V,11.5,12,608,22.2,
,,,,,,,SOLO,1782264961781,Wed Jun 24 2026 01:36:01 GMT+0000 (UTC),0,,,V,-3.9,-7.9,609.9,22.2,
,,,,,,,SOLO,1782264976654,Wed Jun 24 2026 01:36:16 GMT+0000 (UTC),0,,,V,30,43.5,617,22.2,
,,,,,,,SOLO,1782264990135,Wed Jun 24 2026 01:36:30 GMT+0000 (UTC),0,,,V,-53.4,36.7,617.8,22.1,
,,,,,,,SOLO,1782265015974,Wed Jun 24 2026 01:36:55 GMT+0000 (UTC),0,,,V,53.8,2.8,617.9,22.1,
### next string
M Shelley,F 1,AU-500m,2129,1723,0,0
,,,,,,,SOLO,1782264560843,Wed Jun 24 2026 01:29:20 GMT+0000 (UTC),0,,sighter,3,-182.3,358.3,590.9,22.2,
,,,,,,,SOLO,1782264606161,Wed Jun 24 2026 01:30:06 GMT+0000 (UTC),0,,sighter,4,-71.8,141,593.2,22.2,
,,,,,,,SOLO,1782264644002,Wed Jun 24 2026 01:30:44 GMT+0000 (UTC),0,,,5,85,107,589.1,22.3,
,,,,,,,SOLO,1782264685084,Wed Jun 24 2026 01:31:25 GMT+0000 (UTC),0,,,V,-59.2,40.7,592.4,22.2,
,,,,,,,SOLO,1782264740637,Wed Jun 24 2026 01:32:20 GMT+0000 (UTC),0,,,4,-159.1,55.1,588.2,22.2,
,,,,,,,SOLO,1782264770070,Wed Jun 24 2026 01:32:50 GMT+0000 (UTC),0,,,4,-129,103.4,591,22.2,
,,,,,,,SOLO,1782264798920,Wed Jun 24 2026 01:33:18 GMT+0000 (UTC),0,,,4,189,-55.1,591.8,22.2,
,,,,,,,SOLO,1782264825655,Wed Jun 24 2026 01:33:45 GMT+0000 (UTC),0,,,V,53.8,-14.6,591.8,22.2,
,,,,,,,SOLO,1782264857761,Wed Jun 24 2026 01:34:17 GMT+0000 (UTC),0,,,V,-55.9,40.8,591.7,22.2,
,,,,,,,SOLO,1782264890953,Wed Jun 24 2026 01:34:50 GMT+0000 (UTC),0,,,5,-120.5,-17.9,594.5,22.1,
,,,,,,,SOLO,1782264916118,Wed Jun 24 2026 01:35:16 GMT+0000 (UTC),0,,,5,-93.8,-1.9,594.5,22.1,
,,,,,,,SOLO,1782264950386,Wed Jun 24 2026 01:35:50 GMT+0000 (UTC),0,,,V,17.6,-30.8,586.7,22.1,
### next string
Breeze PB,F 4,AU-300m,2130,1720,0,0
,,,,,,,SOLO,1782261866595,Wed Jun 24 2026 00:44:26 GMT+0000 (UTC),0,,sighter,6,-14.1,19.2,661.9,20.6,
,,,,,,,SOLO,1782261905643,Wed Jun 24 2026 00:45:05 GMT+0000 (UTC),0,,sighter,5,68.7,17.7,675.5,20.4,
,,,,,,,SOLO,1782261967318,Wed Jun 24 2026 00:46:07 GMT+0000 (UTC),0,,,X,12.2,-8.1,679,20.6,
,,,,,,,SOLO,1782261984079,Wed Jun 24 2026 00:46:24 GMT+0000 (UTC),0,,,6,21.2,-12.2,677.8,20.6,
,,,,,,,SOLO,1782262023722,Wed Jun 24 2026 00:47:03 GMT+0000 (UTC),0,,,6,14.9,-34,678.7,20.6,
,,,,,,,SOLO,1782262050866,Wed Jun 24 2026 00:47:30 GMT+0000 (UTC),0,,,X,-8,-5.9,682.8,20.6,
,,,,,,,SOLO,1782262065315,Wed Jun 24 2026 00:47:45 GMT+0000 (UTC),0,,,6,0.6,-22.6,678.2,20.6,
,,,,,,,SOLO,1782262105329,Wed Jun 24 2026 00:48:25 GMT+0000 (UTC),0,,,6,12.8,24.4,676.8,20.7,
,,,,,,,SOLO,1782262129301,Wed Jun 24 2026 00:48:49 GMT+0000 (UTC),0,,,6,19.2,17.4,681.5,20.7,
,,,,,,,SOLO,1782262165049,Wed Jun 24 2026 00:49:25 GMT+0000 (UTC),0,,,6,31.3,-4.6,670.2,20.7,
,,,,,,,SOLO,1782262181233,Wed Jun 24 2026 00:49:41 GMT+0000 (UTC),0,,,X,14.7,9.6,675.8,20.7,
,,,,,,,SOLO,1782262194559,Wed Jun 24 2026 00:49:54 GMT+0000 (UTC),0,,,X,-1.9,-2,677.7,20.8,
### next string
M Magill,F 5,AU-300m,2127,1720,0,0
,,,,,,,SOLO,1782261334966,Wed Jun 24 2026 00:35:34 GMT+0000 (UTC),0,,sighter,5,23.4,49.2,712.3,19.4,
,,,,,,,SOLO,1782261389551,Wed Jun 24 2026 00:36:29 GMT+0000 (UTC),0,,sighter,5,-13.1,38.1,718.1,19.4,
,,,,,,,SOLO,1782261466378,Wed Jun 24 2026 00:37:46 GMT+0000 (UTC),0,,,6,6.7,-27.2,721.3,19.6,
,,,,,,,SOLO,1782261598501,Wed Jun 24 2026 00:39:58 GMT+0000 (UTC),0,,,X,14.2,-1.2,713.3,19.8,
,,,,,,,SOLO,1782261669870,Wed Jun 24 2026 00:41:09 GMT+0000 (UTC),0,,,X,8.7,-18.1,718.5,19.8,
,,,,,,,SOLO,1782261688567,Wed Jun 24 2026 00:41:28 GMT+0000 (UTC),0,,,5,-2.4,-46.4,713.3,19.8,
,,,,,,,SOLO,1782261713922,Wed Jun 24 2026 00:41:53 GMT+0000 (UTC),0,,,5,58,-23,717.5,19.9,
,,,,,,,SOLO,1782262004587,Wed Jun 24 2026 00:46:44 GMT+0000 (UTC),0,,,6,-22.4,-5.6,713.6,20.1,
,,,,,,,SOLO,1782262018743,Wed Jun 24 2026 00:46:58 GMT+0000 (UTC),0,,,X,4.5,5.8,717.7,20.1,
,,,,,,,SOLO,1782262032722,Wed Jun 24 2026 00:47:12 GMT+0000 (UTC),0,,,6,-20.9,7.3,715.4,20.1,
,,,,,,,SOLO,1782262048009,Wed Jun 24 2026 00:47:28 GMT+0000 (UTC),0,,,X,4.3,-17,713.9,20.1,
,,,,,,,SOLO,1782262065612,Wed Jun 24 2026 00:47:45 GMT+0000 (UTC),0,,,X,15.3,-2.6,720.5,20.1,
### next string
Zhu93,F 4,AU-300m,2130,1720,0,0
,,,,,,,SOLO,1782261102028,Wed Jun 24 2026 00:31:42 GMT+0000 (UTC),0,,sighter,4,-113.7,33.1,690.3,20.1,
,,,,,,,SOLO,1782261159627,Wed Jun 24 2026 00:32:39 GMT+0000 (UTC),0,,sighter,3,-118.2,153.6,700.2,20.1,
,,,,,,,SOLO,1782261233702,Wed Jun 24 2026 00:33:53 GMT+0000 (UTC),0,,,5,-63.3,-33.6,702.6,19.9,
,,,,,,,SOLO,1782261287172,Wed Jun 24 2026 00:34:47 GMT+0000 (UTC),0,,,5,-46.5,49.5,691.7,20,
,,,,,,,SOLO,1782261352017,Wed Jun 24 2026 00:35:52 GMT+0000 (UTC),0,,,V,24.8,0.5,703.1,20,
,,,,,,,SOLO,1782261406504,Wed Jun 24 2026 00:36:46 GMT+0000 (UTC),0,,,3,-70.1,161.5,700.9,20,
,,,,,,,SOLO,1782261483920,Wed Jun 24 2026 00:38:03 GMT+0000 (UTC),0,,,4,-42,71.7,698.2,20.2,
,,,,,,,SOLO,1782261530053,Wed Jun 24 2026 00:38:50 GMT+0000 (UTC),0,,,3,-124.1,115.4,697.3,20.2,
,,,,,,,SOLO,1782261599290,Wed Jun 24 2026 00:39:59 GMT+0000 (UTC),0,,,4,-16.8,77.7,703.9,20.4,
,,,,,,,SOLO,1782261655671,Wed Jun 24 2026 00:40:55 GMT+0000 (UTC),0,,,V,14.6,33.4,690.7,20.4,
,,,,,,,SOLO,1782261691864,Wed Jun 24 2026 00:41:31 GMT+0000 (UTC),0,,,4,-56.5,62.2,693.7,20.4,
,,,,,,,SOLO,1782261736436,Wed Jun 24 2026 00:42:16 GMT+0000 (UTC),0,,,4,94.4,25.1,692.3,20.5,
### next string
kelly,F 3,AU-300m,2130,1722,0,0
,,,,,,,SOLO,1782261078853,Wed Jun 24 2026 00:31:18 GMT+0000 (UTC),0,,sighter,4,39.5,-115.6,675.3,19.5,
,,,,,,,SOLO,1782261146074,Wed Jun 24 2026 00:32:26 GMT+0000 (UTC),0,,sighter,5,58.5,-15.3,686.1,19.6,
,,,,,,,SOLO,1782261217494,Wed Jun 24 2026 00:33:37 GMT+0000 (UTC),0,,,6,32.6,-9.7,690.8,19.6,
,,,,,,,SOLO,1782261232199,Wed Jun 24 2026 00:33:52 GMT+0000 (UTC),0,,,6,-21.1,-9.8,689,19.5,
,,,,,,,SOLO,1782261243039,Wed Jun 24 2026 00:34:03 GMT+0000 (UTC),0,,,5,-43,-17.2,691.6,19.5,
,,,,,,,SOLO,1782261259273,Wed Jun 24 2026 00:34:19 GMT+0000 (UTC),0,,,4,21.1,-71.3,694.9,19.5,
,,,,,,,SOLO,1782261307097,Wed Jun 24 2026 00:35:07 GMT+0000 (UTC),0,,,5,-10.4,-58.5,684,19.6,
,,,,,,,SOLO,1782261325123,Wed Jun 24 2026 00:35:25 GMT+0000 (UTC),0,,,6,35,10.6,694.7,19.6,
,,,,,,,SOLO,1782261336110,Wed Jun 24 2026 00:35:36 GMT+0000 (UTC),0,,,X,-0.9,-5,684.8,19.6,
,,,,,,,SOLO,1782261345745,Wed Jun 24 2026 00:35:45 GMT+0000 (UTC),0,,,6,-19.8,16.6,685.2,19.6,
,,,,,,,SOLO,1782261354490,Wed Jun 24 2026 00:35:54 GMT+0000 (UTC),0,,,6,14.9,-19.1,685.7,19.6,
,,,,,,,SOLO,1782261366411,Wed Jun 24 2026 00:36:06 GMT+0000 (UTC),0,,,6,16.1,24.7,685.5,19.6,
### next string
s. Greenhill,F 5,AU-300m,2127,1720,0,0
,,,,,,,SOLO,1782260984138,Wed Jun 24 2026 00:29:44 GMT+0000 (UTC),0,,sighter,5,-8.7,47.5,727.7,19.3,
,,,,,,,SOLO,1782261023551,Wed Jun 24 2026 00:30:23 GMT+0000 (UTC),0,,,6,7.5,-36.8,727.3,19.3,
,,,,,,,SOLO,1782261057540,Wed Jun 24 2026 00:30:57 GMT+0000 (UTC),0,,,6,23.1,11.7,728.7,19.4,
,,,,,,,SOLO,1782261068151,Wed Jun 24 2026 00:31:08 GMT+0000 (UTC),0,,,6,-1.1,-35,723.3,19.4,
,,,,,,,SOLO,1782261088053,Wed Jun 24 2026 00:31:28 GMT+0000 (UTC),0,,,X,-15.2,-0.8,735.9,19.4,
,,,,,,,SOLO,1782261105990,Wed Jun 24 2026 00:31:45 GMT+0000 (UTC),0,,,X,6.3,12.9,735.2,19.4,
,,,,,,,SOLO,1782261115585,Wed Jun 24 2026 00:31:55 GMT+0000 (UTC),0,,,X,-5,2.8,732.3,19.4,
,,,,,,,SOLO,1782261125140,Wed Jun 24 2026 00:32:05 GMT+0000 (UTC),0,,,6,-17.6,-15.8,730.7,19.4,
,,,,,,,SOLO,1782261133960,Wed Jun 24 2026 00:32:13 GMT+0000 (UTC),0,,,6,22.8,-0.8,726.6,19.4,
,,,,,,,SOLO,1782261147161,Wed Jun 24 2026 00:32:27 GMT+0000 (UTC),0,,,X,-1,-13.7,725.8,19.4,
,,,,,,,SOLO,1782261157280,Wed Jun 24 2026 00:32:37 GMT+0000 (UTC),0,,,X,-0.4,-3.5,725.1,19.4,
### next string
Wong J,F 4,AU-300m,2130,1720,0,0
,,,,,,,SOLO,1782260354515,Wed Jun 24 2026 00:19:14 GMT+0000 (UTC),0,,sighter,2,-9.4,224.4,694,19.5,
,,,,,,,SOLO,1782260442193,Wed Jun 24 2026 00:20:42 GMT+0000 (UTC),0,,,5,-51.9,49.2,697.5,19.5,
,,,,,,,SOLO,1782260528425,Wed Jun 24 2026 00:22:08 GMT+0000 (UTC),0,,,3,156.5,20.6,682.5,19.5,
,,,,,,,SOLO,1782260605589,Wed Jun 24 2026 00:23:25 GMT+0000 (UTC),0,,,V,23.2,6.3,699.8,19.4,
,,,,,,,SOLO,1782260664680,Wed Jun 24 2026 00:24:24 GMT+0000 (UTC),0,,,4,79.8,40.4,700.3,19.5,
,,,,,,,SOLO,1782260720284,Wed Jun 24 2026 00:25:20 GMT+0000 (UTC),0,,,4,47.7,64.9,695.6,19.4,
,,,,,,,SOLO,1782260772271,Wed Jun 24 2026 00:26:12 GMT+0000 (UTC),0,,,4,42.2,131.2,695.5,19.4,
,,,,,,,SOLO,1782260834730,Wed Jun 24 2026 00:27:14 GMT+0000 (UTC),0,,,5,59,11.5,687.3,19.5,
,,,,,,,SOLO,1782260874595,Wed Jun 24 2026 00:27:54 GMT+0000 (UTC),0,,,4,25.4,85.7,698.4,19.6,
,,,,,,,SOLO,1782260935780,Wed Jun 24 2026 00:28:55 GMT+0000 (UTC),0,,,4,-105.8,65.7,697.2,19.7,
,,,,,,,SOLO,1782260969695,Wed Jun 24 2026 00:29:29 GMT+0000 (UTC),0,,,5,25.2,44,698.6,19.9,
### next string
P Bettes 31316,F 3,AU-300m,2130,1722,0,0
,,,,,,,SOLO,1782260497634,Wed Jun 24 2026 00:21:37 GMT+0000 (UTC),0,,sighter,5,-0.1,62.6,711,19.1,
,,,,,,,SOLO,1782260542352,Wed Jun 24 2026 00:22:22 GMT+0000 (UTC),0,,sighter,4,57.7,77.4,719.3,19.1,
,,,,,,,SOLO,1782260610893,Wed Jun 24 2026 00:23:30 GMT+0000 (UTC),0,,,5,44.3,58.5,725.8,19,
,,,,,,,SOLO,1782260651855,Wed Jun 24 2026 00:24:11 GMT+0000 (UTC),0,,,5,-19.7,46.4,717.9,19,
,,,,,,,SOLO,1782260687528,Wed Jun 24 2026 00:24:47 GMT+0000 (UTC),0,,,V,-17.3,20.6,717.7,19,
,,,,,,,SOLO,1782260714096,Wed Jun 24 2026 00:25:14 GMT+0000 (UTC),0,,,V,19.4,-10,716,19,
,,,,,,,SOLO,1782260741444,Wed Jun 24 2026 00:25:41 GMT+0000 (UTC),0,,,4,58.3,-66.5,710.8,19,
,,,,,,,SOLO,1782260771925,Wed Jun 24 2026 00:26:11 GMT+0000 (UTC),0,,,V,20.5,-12.1,712,19,
,,,,,,,SOLO,1782260793117,Wed Jun 24 2026 00:26:33 GMT+0000 (UTC),0,,,V,-0.6,24.3,726.6,19,
,,,,,,,SOLO,1782260818079,Wed Jun 24 2026 00:26:58 GMT+0000 (UTC),0,,,5,-38.5,58.4,711.4,19,
,,,,,,,SOLO,1782260854205,Wed Jun 24 2026 00:27:34 GMT+0000 (UTC),0,,,V,-10.2,4.9,715.4,19.1,
,,,,,,,SOLO,1782260883291,Wed Jun 24 2026 00:28:03 GMT+0000 (UTC),0,,,5,44.5,8.6,718.7,19.1,
### next string
zyden,F 5,AU-300m,2127,1720,0,0
,,,,,,,SOLO,1782260349995,Wed Jun 24 2026 00:19:09 GMT+0000 (UTC),0,,sighter,3,144.9,48.4,754.2,18.9,
,,,,,,,SOLO,1782260406720,Wed Jun 24 2026 00:20:06 GMT+0000 (UTC),0,,,V,-6.1,16.3,737.4,19,
,,,,,,,SOLO,1782260447260,Wed Jun 24 2026 00:20:47 GMT+0000 (UTC),0,,,5,-50,-13.8,745,18.9,
,,,,,,,SOLO,1782260492230,Wed Jun 24 2026 00:21:32 GMT+0000 (UTC),0,,,5,61.9,-29.8,743.7,18.9,
,,,,,,,SOLO,1782260542882,Wed Jun 24 2026 00:22:22 GMT+0000 (UTC),0,,,V,26.4,12.4,749.5,19,
,,,,,,,SOLO,1782260582628,Wed Jun 24 2026 00:23:02 GMT+0000 (UTC),0,,,V,5.8,-2.7,738.3,18.9,
,,,,,,,SOLO,1782260613504,Wed Jun 24 2026 00:23:33 GMT+0000 (UTC),0,,,V,-7,13.2,746.1,19.1,
,,,,,,,SOLO,1782260656548,Wed Jun 24 2026 00:24:16 GMT+0000 (UTC),0,,,5,4,41,743.7,19.1,
,,,,,,,SOLO,1782260689706,Wed Jun 24 2026 00:24:49 GMT+0000 (UTC),0,,,5,42.5,-4.7,742.8,19,
,,,,,,,SOLO,1782260731043,Wed Jun 24 2026 00:25:31 GMT+0000 (UTC),0,,,5,33.3,-35,733,19,
,,,,,,,SOLO,1782260770289,Wed Jun 24 2026 00:26:10 GMT+0000 (UTC),0,,,5,-55.3,-7.9,740.8,19,
### next string
Singh A,F 3,AU-300m,2130,1722,0,0
,,,,,,,SOLO,1782259665084,Wed Jun 24 2026 00:07:45 GMT+0000 (UTC),0,,sighter,3,-28.4,197.1,695,18.3,
,,,,,,,SOLO,1782259827708,Wed Jun 24 2026 00:10:27 GMT+0000 (UTC),0,,sighter,3,-189.8,51.9,692.1,18.4,
,,,,,,,SOLO,1782259872479,Wed Jun 24 2026 00:11:12 GMT+0000 (UTC),0,,,4,36.5,67.7,701.5,18.5,
,,,,,,,SOLO,1782259939243,Wed Jun 24 2026 00:12:19 GMT+0000 (UTC),0,,,V,7.7,-19.3,694.3,18.5,
,,,,,,,SOLO,1782259982764,Wed Jun 24 2026 00:13:02 GMT+0000 (UTC),0,,,4,106.3,2.6,690.9,18.6,
,,,,,,,SOLO,1782260015009,Wed Jun 24 2026 00:13:35 GMT+0000 (UTC),0,,,4,139.6,0.2,691.1,18.6,
,,,,,,,SOLO,1782260078400,Wed Jun 24 2026 00:14:38 GMT+0000 (UTC),0,,,V,0.9,-10.4,687.7,18.6,
,,,,,,,SOLO,1782260112979,Wed Jun 24 2026 00:15:12 GMT+0000 (UTC),0,,,2,70.5,-246.8,695.4,18.6,
,,,,,,,SOLO,1782260200529,Wed Jun 24 2026 00:16:40 GMT+0000 (UTC),0,,,4,27.1,-75.5,697.4,18.6,
,,,,,,,SOLO,1782260256475,Wed Jun 24 2026 00:17:36 GMT+0000 (UTC),0,,,3,147.9,-126,691.9,18.9,
,,,,,,,SOLO,1782260307353,Wed Jun 24 2026 00:18:27 GMT+0000 (UTC),0,,,V,20.8,3,692,19.1,
,,,,,,,SOLO,1782260368708,Wed Jun 24 2026 00:19:28 GMT+0000 (UTC),0,,,4,31.4,97.4,697.3,19.1,
### next string
J Pratt 22,F 5,AU-300m,2127,1720,0,0
,,,,,,,SOLO,1782259625486,Wed Jun 24 2026 00:07:05 GMT+0000 (UTC),0,,,V,31.2,10.6,743.4,17.9,
,,,,,,,SOLO,1782259694007,Wed Jun 24 2026 00:08:14 GMT+0000 (UTC),0,,,5,-6.5,-40.3,746.8,18.1,
,,,,,,,SOLO,1782259765432,Wed Jun 24 2026 00:09:25 GMT+0000 (UTC),0,,,5,-15.6,41.6,737.1,18.1,
,,,,,,,SOLO,1782259826037,Wed Jun 24 2026 00:10:26 GMT+0000 (UTC),0,,,V,21.6,-30.9,747.7,18.1,
,,,,,,,SOLO,1782259878527,Wed Jun 24 2026 00:11:18 GMT+0000 (UTC),0,,,5,-15.3,42.5,744,18.3,
,,,,,,,SOLO,1782259931558,Wed Jun 24 2026 00:12:11 GMT+0000 (UTC),0,,,V,-26,-22.2,742.5,18.4,
,,,,,,,SOLO,1782260006224,Wed Jun 24 2026 00:13:26 GMT+0000 (UTC),0,,,5,-36.3,-63,744.8,18.4,
,,,,,,,SOLO,1782260063624,Wed Jun 24 2026 00:14:23 GMT+0000 (UTC),0,,,5,47.6,18.8,747.2,18.4,
,,,,,,,SOLO,1782260118886,Wed Jun 24 2026 00:15:18 GMT+0000 (UTC),0,,,V,-21.3,-22.1,735.7,18.4,
,,,,,,,SOLO,1782260175040,Wed Jun 24 2026 00:16:15 GMT+0000 (UTC),0,,,5,37.7,-39.4,742.9,18.5,
### next string
halnes 64,F 1,AU-300m,2129,1723,0,0
,,,,,,,SOLO,1782259917075,Wed Jun 24 2026 00:11:57 GMT+0000 (UTC),0,,sighter,5,-58.7,20.1,727.4,18.5,
,,,,,,,SOLO,1782259954831,Wed Jun 24 2026 00:12:34 GMT+0000 (UTC),0,,,6,19.9,11.2,724.3,18.6,
,,,,,,,SOLO,1782259977024,Wed Jun 24 2026 00:12:57 GMT+0000 (UTC),0,,,6,-2.2,21.9,728.9,18.6,
,,,,,,,SOLO,1782260000041,Wed Jun 24 2026 00:13:20 GMT+0000 (UTC),0,,,X,-4.7,12.9,717.3,18.6,
,,,,,,,SOLO,1782260030009,Wed Jun 24 2026 00:13:50 GMT+0000 (UTC),0,,,6,31.9,1.3,730.6,18.6,
,,,,,,,SOLO,1782260051122,Wed Jun 24 2026 00:14:11 GMT+0000 (UTC),0,,,X,13.8,-0.4,715.6,18.7,
,,,,,,,SOLO,1782260134568,Wed Jun 24 2026 00:15:34 GMT+0000 (UTC),0,,,5,51.3,-5.3,729.3,18.7,
,,,,,,,SOLO,1782260168306,Wed Jun 24 2026 00:16:08 GMT+0000 (UTC),0,,,6,27.3,-22,721,18.7,
,,,,,,,SOLO,1782260180419,Wed Jun 24 2026 00:16:20 GMT+0000 (UTC),0,,,6,24.9,-19.6,719,18.7,
,,,,,,,SOLO,1782260195951,Wed Jun 24 2026 00:16:35 GMT+0000 (UTC),0,,,6,21.6,-13.8,723.7,18.7,
,,,,,,,SOLO,1782260208804,Wed Jun 24 2026 00:16:48 GMT+0000 (UTC),0,,,5,-38.5,-16.1,721.5,18.8,
### next string
hosknson j,F 2,AU-300m,2128,1718,0,0
,,,,,,,SOLO,1782259910903,Wed Jun 24 2026 00:11:50 GMT+0000 (UTC),0,,sighter,4,-57.4,103.2,667.6,18.4,
,,,,,,,SOLO,1782259939020,Wed Jun 24 2026 00:12:19 GMT+0000 (UTC),0,,,6,-15.4,-30.4,651.7,18.4,
,,,,,,,SOLO,1782259963678,Wed Jun 24 2026 00:12:43 GMT+0000 (UTC),0,,,X,-4.5,-13,671.1,18.4,
,,,,,,,SOLO,1782259984761,Wed Jun 24 2026 00:13:04 GMT+0000 (UTC),0,,,X,3.9,-20.2,669.9,18.5,
,,,,,,,SOLO,1782260001757,Wed Jun 24 2026 00:13:21 GMT+0000 (UTC),0,,,6,22.1,-12.7,671.6,18.5,
,,,,,,,SOLO,1782260015272,Wed Jun 24 2026 00:13:35 GMT+0000 (UTC),0,,,X,7.5,17.3,668.1,18.5,
,,,,,,,SOLO,1782260028995,Wed Jun 24 2026 00:13:48 GMT+0000 (UTC),0,,,X,9.3,-17.4,672.2,18.5,
,,,,,,,SOLO,1782260044783,Wed Jun 24 2026 00:14:04 GMT+0000 (UTC),0,,,X,2.1,-15.4,669.3,18.5,
,,,,,,,SOLO,1782260059890,Wed Jun 24 2026 00:14:19 GMT+0000 (UTC),0,,,5,53.5,-33.1,675,18.5,
,,,,,,,SOLO,1782260106206,Wed Jun 24 2026 00:15:06 GMT+0000 (UTC),0,,,X,-8.8,-6.9,667.8,18.6,
,,,,,,,SOLO,1782260127740,Wed Jun 24 2026 00:15:27 GMT+0000 (UTC),0,,,X,12.9,-10.3,666.7,18.6,
### next string
Ryder M,F 4,AU-300m,2130,1720,0,0
,,,,,,,SOLO,1782259436536,Wed Jun 24 2026 00:03:56 GMT+0000 (UTC),0,,sighter,4,-49.5,100.8,689.6,18.3,
,,,,,,,SOLO,1782259503439,Wed Jun 24 2026 00:05:03 GMT+0000 (UTC),0,,sighter,4,7.4,84.4,696.1,18.4,
,,,,,,,SOLO,1782259587513,Wed Jun 24 2026 00:06:27 GMT+0000 (UTC),0,,,5,-49.8,-5.6,704.2,18.5,
,,,,,,,SOLO,1782259668916,Wed Jun 24 2026 00:07:48 GMT+0000 (UTC),0,,,V,11.1,36.3,694.1,18.6,
,,,,,,,SOLO,1782259720340,Wed Jun 24 2026 00:08:40 GMT+0000 (UTC),0,,,5,-25.4,-32.4,701.6,18.6,
,,,,,,,SOLO,1782259766155,Wed Jun 24 2026 00:09:26 GMT+0000 (UTC),0,,,4,9,96.3,702.5,18.6,
,,,,,,,SOLO,1782259829206,Wed Jun 24 2026 00:10:29 GMT+0000 (UTC),0,,,5,-19.4,69.3,698.6,18.8,
,,,,,,,SOLO,1782259878220,Wed Jun 24 2026 00:11:18 GMT+0000 (UTC),0,,,V,-15,27.8,702.8,18.9,
,,,,,,,SOLO,1782259920525,Wed Jun 24 2026 00:12:00 GMT+0000 (UTC),0,,,V,-22.7,-18.3,699.4,18.9,
,,,,,,,SOLO,1782259952062,Wed Jun 24 2026 00:12:32 GMT+0000 (UTC),0,,,4,-93.7,-55.1,701,18.9,
,,,,,,,SOLO,1782260033174,Wed Jun 24 2026 00:13:53 GMT+0000 (UTC),0,,,5,-50.9,26,698.6,19,
,,,,,,,SOLO,1782260085877,Wed Jun 24 2026 00:14:45 GMT+0000 (UTC),0,,,4,87.6,32.4,696,19,
### next string
Spencer p,F 1,AU-300m,2129,1723,0,0
,,,,,,,SOLO,1782259350811,Wed Jun 24 2026 00:02:30 GMT+0000 (UTC),0,,sighter,V,13.6,-4.4,697.4,18.1,
,,,,,,,SOLO,1782259381649,Wed Jun 24 2026 00:03:01 GMT+0000 (UTC),0,,sighter,4,87.6,-81,709.6,18.1,
,,,,,,,SOLO,1782259431219,Wed Jun 24 2026 00:03:51 GMT+0000 (UTC),0,,,4,120,-16.5,707.9,18.1,
,,,,,,,SOLO,1782259469852,Wed Jun 24 2026 00:04:29 GMT+0000 (UTC),0,,,5,-48.9,22.1,715.7,18.1,
,,,,,,,SOLO,1782259510791,Wed Jun 24 2026 00:05:10 GMT+0000 (UTC),0,,,V,-37.5,-1.7,714.3,18.1,
,,,,,,,SOLO,1782259544053,Wed Jun 24 2026 00:05:44 GMT+0000 (UTC),0,,,4,130.2,-12.4,721.6,18.1,
,,,,,,,SOLO,1782259618572,Wed Jun 24 2026 00:06:58 GMT+0000 (UTC),0,,,V,25.6,-7.5,710.4,18.2,
,,,,,,,SOLO,1782259663645,Wed Jun 24 2026 00:07:43 GMT+0000 (UTC),0,,,5,41.1,-46.7,710.1,18.3,
,,,,,,,SOLO,1782259691978,Wed Jun 24 2026 00:08:11 GMT+0000 (UTC),0,,,4,50.7,-63,708.7,18.3,
,,,,,,,SOLO,1782259741274,Wed Jun 24 2026 00:09:01 GMT+0000 (UTC),0,,,4,77,-18.1,711.1,18.4,
,,,,,,,SOLO,1782259778943,Wed Jun 24 2026 00:09:38 GMT+0000 (UTC),0,,,5,-57.7,-21.1,717.3,18.4,
,,,,,,,SOLO,1782259804547,Wed Jun 24 2026 00:10:04 GMT+0000 (UTC),0,,,4,-64.8,-44.8,707,18.4,
### next string
Wilson r,F 2,AU-300m,2128,1718,0,0
,,,,,,,SOLO,1782259329830,Wed Jun 24 2026 00:02:09 GMT+0000 (UTC),0,,sighter,4,-41.1,68.4,680.8,18.1,
,,,,,,,SOLO,1782259373250,Wed Jun 24 2026 00:02:53 GMT+0000 (UTC),0,,,V,-23.4,10.6,683,18,
,,,,,,,SOLO,1782259428782,Wed Jun 24 2026 00:03:48 GMT+0000 (UTC),0,,,V,-16.5,-8.8,688.8,18.1,
,,,,,,,SOLO,1782259464560,Wed Jun 24 2026 00:04:24 GMT+0000 (UTC),0,,,5,13.8,65.8,686.8,18.1,
,,,,,,,SOLO,1782259509487,Wed Jun 24 2026 00:05:09 GMT+0000 (UTC),0,,,5,-67.8,-14.4,687.4,18.1,
,,,,,,,SOLO,1782259566153,Wed Jun 24 2026 00:06:06 GMT+0000 (UTC),0,,,V,24.9,-2.2,689.5,18.2,
,,,,,,,SOLO,1782259598498,Wed Jun 24 2026 00:06:38 GMT+0000 (UTC),0,,,V,19.6,-5.6,690.2,18.2,
,,,,,,,SOLO,1782259632536,Wed Jun 24 2026 00:07:12 GMT+0000 (UTC),0,,,5,30.3,59.2,688.7,18.2,
,,,,,,,SOLO,1782259681001,Wed Jun 24 2026 00:08:01 GMT+0000 (UTC),0,,,V,2.6,-19.8,685.8,18.3,
,,,,,,,SOLO,1782259709094,Wed Jun 24 2026 00:08:29 GMT+0000 (UTC),0,,,4,72.2,-33.1,693.8,18.3,
,,,,,,,SOLO,1782259760589,Wed Jun 24 2026 00:09:20 GMT+0000 (UTC),0,,,5,-28.1,-31.4,688.5,18.3,
### next string
Kanwar I,F 3,AU-300m,2130,1722,0,0
,,,,,,,SOLO,1782258687158,Tue Jun 23 2026 23:51:27 GMT+0000 (UTC),0,,sighter,2,32,289.7,684.1,17.1,
,,,,,,,SOLO,1782258758270,Tue Jun 23 2026 23:52:38 GMT+0000 (UTC),0,,sighter,3,211.1,31.8,689.8,17.1,
,,,,,,,SOLO,1782258848194,Tue Jun 23 2026 23:54:08 GMT+0000 (UTC),0,,,3,150.2,22.4,695.9,17.3,
,,,,,,,SOLO,1782258935946,Tue Jun 23 2026 23:55:35 GMT+0000 (UTC),0,,,5,-4.4,48.3,682.4,17.4,
,,,,,,,SOLO,1782259014887,Tue Jun 23 2026 23:56:54 GMT+0000 (UTC),0,,,V,8.6,-35.9,693,17.6,
,,,,,,,SOLO,1782259079473,Tue Jun 23 2026 23:57:59 GMT+0000 (UTC),0,,,5,67.2,-4.5,677.1,17.7,
,,,,,,,SOLO,1782259189760,Tue Jun 23 2026 23:59:49 GMT+0000 (UTC),0,,,5,-60.3,-8.5,678.9,17.9,
,,,,,,,SOLO,1782259264398,Wed Jun 24 2026 00:01:04 GMT+0000 (UTC),0,,,5,-1.5,44.5,692.3,18,
,,,,,,,SOLO,1782259324349,Wed Jun 24 2026 00:02:04 GMT+0000 (UTC),0,,,V,22.9,2.3,683,18,
,,,,,,,SOLO,1782259378053,Wed Jun 24 2026 00:02:58 GMT+0000 (UTC),0,,,4,-29.2,72.8,689.2,18,
,,,,,,,SOLO,1782259439035,Wed Jun 24 2026 00:03:59 GMT+0000 (UTC),0,,,4,77.8,-46,681.7,18,
,,,,,,,SOLO,1782259478231,Wed Jun 24 2026 00:04:38 GMT+0000 (UTC),0,,,4,74.5,-70.6,694,18.1,
### next string
R Brown 105,F 5,AU-300m,2127,1720,0,0
,,,,,,,SOLO,1782258964524,Tue Jun 23 2026 23:56:04 GMT+0000 (UTC),0,,sighter,4,113.1,-34.4,775.1,17.3,
,,,,,,,SOLO,1782259008473,Tue Jun 23 2026 23:56:48 GMT+0000 (UTC),0,,sighter,5,-23.5,-33.9,794,17.4,
,,,,,,,SOLO,1782259039653,Tue Jun 23 2026 23:57:19 GMT+0000 (UTC),0,,,6,12.8,-27,791.9,17.4,
,,,,,,,SOLO,1782259062307,Tue Jun 23 2026 23:57:42 GMT+0000 (UTC),0,,,X,-7.4,15.9,793.6,17.5,
,,,,,,,SOLO,1782259082940,Tue Jun 23 2026 23:58:02 GMT+0000 (UTC),0,,,5,-41.3,8.6,797.6,17.5,
,,,,,,,SOLO,1782259111047,Tue Jun 23 2026 23:58:31 GMT+0000 (UTC),0,,,6,18.5,14.5,785.9,17.6,
,,,,,,,SOLO,1782259133310,Tue Jun 23 2026 23:58:53 GMT+0000 (UTC),0,,,5,38,14.4,796.7,17.6,
,,,,,,,SOLO,1782259154458,Tue Jun 23 2026 23:59:14 GMT+0000 (UTC),0,,,4,82.2,2.1,792.6,17.6,
,,,,,,,SOLO,1782259195622,Tue Jun 23 2026 23:59:55 GMT+0000 (UTC),0,,,X,-14.1,-7.5,792.9,17.7,
,,,,,,,SOLO,1782259214363,Wed Jun 24 2026 00:00:14 GMT+0000 (UTC),0,,,5,-53.9,-22.6,793.6,17.8,
,,,,,,,SOLO,1782259241238,Wed Jun 24 2026 00:00:41 GMT+0000 (UTC),0,,,X,-16.9,-6.4,807,17.8,
,,,,,,,SOLO,1782259258978,Wed Jun 24 2026 00:00:58 GMT+0000 (UTC),0,,,5,-61.7,23.3,790.8,17.8,
### next string
Kothari O,F 4,AU-300m,2130,1720,0,0
,,,,,,,SOLO,1782258800408,Tue Jun 23 2026 23:53:20 GMT+0000 (UTC),0,,sighter,4,46.8,-65.3,693.4,17.6,
,,,,,,,SOLO,1782258844472,Tue Jun 23 2026 23:54:04 GMT+0000 (UTC),0,,,5,63.2,-15.2,694.9,17.6,
,,,,,,,SOLO,1782258912307,Tue Jun 23 2026 23:55:12 GMT+0000 (UTC),0,,,5,47.6,-27.8,693,17.8,
,,,,,,,SOLO,1782258975604,Tue Jun 23 2026 23:56:15 GMT+0000 (UTC),0,,,5,21.8,-35,699.2,17.8,
,,,,,,,SOLO,1782259010550,Tue Jun 23 2026 23:56:50 GMT+0000 (UTC),0,,,V,15.7,20.7,693.9,18,
,,,,,,,SOLO,1782259052490,Tue Jun 23 2026 23:57:32 GMT+0000 (UTC),0,,,5,27.6,34.9,701.4,18.1,
,,,,,,,SOLO,1782259092912,Tue Jun 23 2026 23:58:12 GMT+0000 (UTC),0,,,V,21.8,-0.7,706,18.2,
,,,,,,,SOLO,1782259121334,Tue Jun 23 2026 23:58:41 GMT+0000 (UTC),0,,,5,63.5,10.8,703.8,18.2,
,,,,,,,SOLO,1782259168276,Tue Jun 23 2026 23:59:28 GMT+0000 (UTC),0,,,V,10.4,3.6,687.7,18.3,
,,,,,,,SOLO,1782259194614,Tue Jun 23 2026 23:59:54 GMT+0000 (UTC),0,,,4,81.1,22.3,689.3,18.4,
,,,,,,,SOLO,1782259249848,Wed Jun 24 2026 00:00:49 GMT+0000 (UTC),0,,,4,-80.7,28,692,18.4,
### next string
,F 1,AU-300m,2129,1723,0,0
,,,,,,,SOLO,1782258864670,Tue Jun 23 2026 23:54:24 GMT+0000 (UTC),0,,,5,17.5,36.4,691.6,17.4,
,,,,,,,SOLO,1782258914764,Tue Jun 23 2026 23:55:14 GMT+0000 (UTC),0,,,V,16.8,5,704.1,17.6,
,,,,,,,SOLO,1782258948741,Tue Jun 23 2026 23:55:48 GMT+0000 (UTC),0,,,5,50,-24.1,696.4,17.6,
,,,,,,,SOLO,1782258978895,Tue Jun 23 2026 23:56:18 GMT+0000 (UTC),0,,,4,-44.2,-70.8,708.7,17.6,
,,,,,,,SOLO,1782259015642,Tue Jun 23 2026 23:56:55 GMT+0000 (UTC),0,,,5,57.9,14.1,705.3,17.7,
,,,,,,,SOLO,1782259046265,Tue Jun 23 2026 23:57:26 GMT+0000 (UTC),0,,,5,52.1,19.3,702.7,17.7,
,,,,,,,SOLO,1782259085417,Tue Jun 23 2026 23:58:05 GMT+0000 (UTC),0,,,5,-6.8,-52.8,708.8,17.8,
,,,,,,,SOLO,1782259119135,Tue Jun 23 2026 23:58:39 GMT+0000 (UTC),0,,,4,-72.8,-31.1,709.1,17.9,
,,,,,,,SOLO,1782259183167,Tue Jun 23 2026 23:59:43 GMT+0000 (UTC),0,,,5,18.2,-54.5,705.6,18,
,,,,,,,SOLO,1782259215466,Wed Jun 24 2026 00:00:15 GMT+0000 (UTC),0,,,V,-22.9,-4.6,695.8,18,
### next string
Hocking R,F 2,AU-300m,2128,1718,0,0
,,,,,,,SOLO,1782258628467,Tue Jun 23 2026 23:50:28 GMT+0000 (UTC),0,,sighter,4,-109.3,82.8,658.8,17.1,
,,,,,,,SOLO,1782258702489,Tue Jun 23 2026 23:51:42 GMT+0000 (UTC),0,,,V,-32.2,-17.6,667.6,17.2,
,,,,,,,SOLO,1782258751878,Tue Jun 23 2026 23:52:31 GMT+0000 (UTC),0,,,4,50.1,-70.7,663.9,17.2,
,,,,,,,SOLO,1782258829753,Tue Jun 23 2026 23:53:49 GMT+0000 (UTC),0,,,V,-10.4,-27.2,668.8,17.3,
,,,,,,,SOLO,1782258883583,Tue Jun 23 2026 23:54:43 GMT+0000 (UTC),0,,,V,-5.5,0.5,667.3,17.4,
,,,,,,,SOLO,1782258922524,Tue Jun 23 2026 23:55:22 GMT+0000 (UTC),0,,,5,-66.1,24.3,672.8,17.4,
,,,,,,,SOLO,1782258980560,Tue Jun 23 2026 23:56:20 GMT+0000 (UTC),0,,,4,41.6,-72.1,674.3,17.5,
,,,,,,,SOLO,1782259021882,Tue Jun 23 2026 23:57:01 GMT+0000 (UTC),0,,,5,-63.9,36.7,670,17.5,
,,,,,,,SOLO,1782259061339,Tue Jun 23 2026 23:57:41 GMT+0000 (UTC),0,,,5,7,-62.1,666,17.6,
,,,,,,,SOLO,1782259141492,Tue Jun 23 2026 23:59:01 GMT+0000 (UTC),0,,,5,-11,63.8,667,18,
,,,,,,,SOLO,1782259195861,Tue Jun 23 2026 23:59:55 GMT+0000 (UTC),0,,,5,-58.9,-14.1,667.3,18,
### next string
willis_g,F 5,AU-300m,2127,1720,0,0
,,,,,,,SOLO,1782258326152,Tue Jun 23 2026 23:45:26 GMT+0000 (UTC),0,,sighter,4,16.1,-86.1,737.1,16.6,
,,,,,,,SOLO,1782258345002,Tue Jun 23 2026 23:45:45 GMT+0000 (UTC),0,,sighter,5,4.1,-40.6,743.6,16.6,
,,,,,,,SOLO,1782258359090,Tue Jun 23 2026 23:45:59 GMT+0000 (UTC),0,,,6,33.4,-18.3,760,16.7,
,,,,,,,SOLO,1782258392139,Tue Jun 23 2026 23:46:32 GMT+0000 (UTC),0,,,X,-8.8,13.1,746.7,16.7,
,,,,,,,SOLO,1782258402525,Tue Jun 23 2026 23:46:42 GMT+0000 (UTC),0,,,6,-8.6,36.6,749.2,16.6,
,,,,,,,SOLO,1782258432044,Tue Jun 23 2026 23:47:12 GMT+0000 (UTC),0,,,6,7.2,22.3,745,16.6,
,,,,,,,SOLO,1782258580708,Tue Jun 23 2026 23:49:40 GMT+0000 (UTC),0,,,6,18.4,20.3,751.2,16.8,
,,,,,,,SOLO,1782258596364,Tue Jun 23 2026 23:49:56 GMT+0000 (UTC),0,,,6,7.9,-22.9,756.4,16.8,
,,,,,,,SOLO,1782258621338,Tue Jun 23 2026 23:50:21 GMT+0000 (UTC),0,,,X,13,-7.8,755.2,16.9,
,,,,,,,SOLO,1782258631999,Tue Jun 23 2026 23:50:31 GMT+0000 (UTC),0,,,5,46.1,-18.2,754.5,16.9,
,,,,,,,SOLO,1782258648646,Tue Jun 23 2026 23:50:48 GMT+0000 (UTC),0,,,6,14.4,-35.2,748,16.9,
,,,,,,,SOLO,1782258744431,Tue Jun 23 2026 23:52:24 GMT+0000 (UTC),0,,,6,12.3,-19.8,752.1,16.9,
### next string
,F 1,AU-300m,2129,1723,0,0
,,,,,,,SOLO,1782258062704,Tue Jun 23 2026 23:41:02 GMT+0000 (UTC),0,,sighter,4,11.3,100.6,697.2,16.8,
,,,,,,,SOLO,1782258122137,Tue Jun 23 2026 23:42:02 GMT+0000 (UTC),0,,,5,-16.6,-47.9,709.5,16.6,
,,,,,,,SOLO,1782258170393,Tue Jun 23 2026 23:42:50 GMT+0000 (UTC),0,,,V,-32.1,6.4,708.5,16.6,
,,,,,,,SOLO,1782258215766,Tue Jun 23 2026 23:43:35 GMT+0000 (UTC),0,,,V,-4.6,-19.5,715.8,16.7,
,,,,,,,SOLO,1782258251752,Tue Jun 23 2026 23:44:11 GMT+0000 (UTC),0,,,V,1.3,14.8,712.1,16.8,
,,,,,,,SOLO,1782258294835,Tue Jun 23 2026 23:44:54 GMT+0000 (UTC),0,,,V,-13.1,-10.8,714.9,16.8,
,,,,,,,SOLO,1782258331718,Tue Jun 23 2026 23:45:31 GMT+0000 (UTC),0,,,V,4.1,20,704.9,16.8,
,,,,,,,SOLO,1782258385498,Tue Jun 23 2026 23:46:25 GMT+0000 (UTC),0,,,5,-7.7,56.9,710.5,16.9,
,,,,,,,SOLO,1782258553663,Tue Jun 23 2026 23:49:13 GMT+0000 (UTC),0,,,5,-30.7,46.4,707.1,17.2,
,,,,,,,SOLO,1782258600318,Tue Jun 23 2026 23:50:00 GMT+0000 (UTC),0,,,5,49.1,4.6,708.6,17.3,
,,,,,,,SOLO,1782258690959,Tue Jun 23 2026 23:51:30 GMT+0000 (UTC),0,,,5,-26,67.1,709.3,17.3,
### next string
Trinh; E,F 4,AU-300m,2130,1720,0,0
,,,,,,,SOLO,1782257898039,Tue Jun 23 2026 23:38:18 GMT+0000 (UTC),0,,sighter,4,120.8,31.9,689.3,17,
,,,,,,,SOLO,1782257973786,Tue Jun 23 2026 23:39:33 GMT+0000 (UTC),0,,,5,25.1,47.2,701.2,17,
,,,,,,,SOLO,1782258052444,Tue Jun 23 2026 23:40:52 GMT+0000 (UTC),0,,,5,-18.3,66.7,695,17.1,
,,,,,,,SOLO,1782258135332,Tue Jun 23 2026 23:42:15 GMT+0000 (UTC),0,,,5,49.5,-17.2,681,17,
,,,,,,,SOLO,1782258201542,Tue Jun 23 2026 23:43:21 GMT+0000 (UTC),0,,,5,48.8,-41.4,701.2,17,
,,,,,,,SOLO,1782258275912,Tue Jun 23 2026 23:44:35 GMT+0000 (UTC),0,,,V,5.9,3.7,686.9,17,
,,,,,,,SOLO,1782258319418,Tue Jun 23 2026 23:45:19 GMT+0000 (UTC),0,,,5,31.1,-25.6,690.4,17.1,
,,,,,,,SOLO,1782258407116,Tue Jun 23 2026 23:46:47 GMT+0000 (UTC),0,,,V,-21.7,4.9,693,17.1,
,,,,,,,SOLO,1782258447560,Tue Jun 23 2026 23:47:27 GMT+0000 (UTC),0,,,4,125.6,3.1,682,17.1,
,,,,,,,SOLO,1782258508612,Tue Jun 23 2026 23:48:28 GMT+0000 (UTC),0,,,4,5.2,120.1,698.3,17.3,
,,,,,,,SOLO,1782258563276,Tue Jun 23 2026 23:49:23 GMT+0000 (UTC),0,,,V,24.9,-25,687.4,17.3,
### next string
Trinh.O,F 3,AU-300m,2130,1722,0,0
,,,,,,,SOLO,1782257910682,Tue Jun 23 2026 23:38:30 GMT+0000 (UTC),0,,sighter,4,75.3,-59.5,692.1,16.7,
,,,,,,,SOLO,1782257971434,Tue Jun 23 2026 23:39:31 GMT+0000 (UTC),0,,sighter,4,100.9,57.3,686.3,16.7,
,,,,,,,SOLO,1782258014428,Tue Jun 23 2026 23:40:14 GMT+0000 (UTC),0,,,2,270.4,49.3,698.9,16.7,
,,,,,,,SOLO,1782258073884,Tue Jun 23 2026 23:41:13 GMT+0000 (UTC),0,,,1,393.1,62.7,689,16.6,
,,,,,,,SOLO,1782258158630,Tue Jun 23 2026 23:42:38 GMT+0000 (UTC),0,,,4,-110,-14.8,690.1,16.6,
,,,,,,,SOLO,1782258217751,Tue Jun 23 2026 23:43:37 GMT+0000 (UTC),0,,,4,67.6,30.5,691.5,16.7,
,,,,,,,SOLO,1782258250942,Tue Jun 23 2026 23:44:10 GMT+0000 (UTC),0,,,5,42.1,-29.7,683.7,16.6,
,,,,,,,SOLO,1782258293616,Tue Jun 23 2026 23:44:53 GMT+0000 (UTC),0,,,V,-35.4,10.3,691.9,16.7,
,,,,,,,SOLO,1782258322210,Tue Jun 23 2026 23:45:22 GMT+0000 (UTC),0,,,4,-102,-71.4,680.7,16.7,
,,,,,,,SOLO,1782258352951,Tue Jun 23 2026 23:45:52 GMT+0000 (UTC),0,,,4,-90,-29.8,696.7,16.8,
,,,,,,,SOLO,1782258391173,Tue Jun 23 2026 23:46:31 GMT+0000 (UTC),0,,,4,56.8,-103.4,682.9,16.8,
,,,,,,,SOLO,1782258416537,Tue Jun 23 2026 23:46:56 GMT+0000 (UTC),0,,,4,71.3,-100.1,689.1,16.8,
### next string
Chad m,F 2,AU-300m,2128,1718,0,0
,,,,,,,SOLO,1782257888901,Tue Jun 23 2026 23:38:08 GMT+0000 (UTC),0,,sighter,3,68.9,-179.1,691.8,16.6,
,,,,,,,SOLO,1782257944818,Tue Jun 23 2026 23:39:04 GMT+0000 (UTC),0,,,V,8.4,-31.9,696.8,16.6,
,,,,,,,SOLO,1782257985493,Tue Jun 23 2026 23:39:45 GMT+0000 (UTC),0,,,V,-7.6,11.6,699.1,16.6,
,,,,,,,SOLO,1782258025908,Tue Jun 23 2026 23:40:25 GMT+0000 (UTC),0,,,V,11.3,-4.3,702.9,16.6,
,,,,,,,SOLO,1782258065941,Tue Jun 23 2026 23:41:05 GMT+0000 (UTC),0,,,V,24.2,-9.2,697.8,16.6,
,,,,,,,SOLO,1782258108085,Tue Jun 23 2026 23:41:48 GMT+0000 (UTC),0,,,V,1.4,4.1,704.1,16.6,
,,,,,,,SOLO,1782258147863,Tue Jun 23 2026 23:42:27 GMT+0000 (UTC),0,,,5,-14.9,42.3,702.9,16.7,
,,,,,,,SOLO,1782258184929,Tue Jun 23 2026 23:43:04 GMT+0000 (UTC),0,,,V,-11.8,-11.1,702.7,16.6,
,,,,,,,SOLO,1782258225450,Tue Jun 23 2026 23:43:45 GMT+0000 (UTC),0,,,V,-0.8,27.5,706.2,16.6,
,,,,,,,SOLO,1782258264632,Tue Jun 23 2026 23:44:24 GMT+0000 (UTC),0,,,5,38.9,-38.9,700.1,16.6,
,,,,,,,SOLO,1782258305072,Tue Jun 23 2026 23:45:05 GMT+0000 (UTC),0,,,V,18.1,-13.2,688.2,16.6,
,,,,,,,SOLO,1782258340901,Tue Jun 23 2026 23:45:40 GMT+0000 (UTC),0,,,V,20.6,-12.7,701.1,16.8,
### next string
Garlick 121,F 5,AU-300m,2127,1720,0,0
,,,,,,,SOLO,1782257882143,Tue Jun 23 2026 23:38:02 GMT+0000 (UTC),0,,sighter,6,-37,-3.6,725.8,16.4,
,,,,,,,SOLO,1782257904121,Tue Jun 23 2026 23:38:24 GMT+0000 (UTC),0,,sighter,5,-24.9,-30.3,720.7,16.4,
,,,,,,,SOLO,1782257926637,Tue Jun 23 2026 23:38:46 GMT+0000 (UTC),0,,,X,-12.3,-3.4,721.7,16.5,
,,,,,,,SOLO,1782257936521,Tue Jun 23 2026 23:38:56 GMT+0000 (UTC),0,,,6,-15.3,-18.8,717.1,16.5,
,,,,,,,SOLO,1782257946591,Tue Jun 23 2026 23:39:06 GMT+0000 (UTC),0,,,6,-22.7,-9.2,714.3,16.5,
,,,,,,,SOLO,1782257958116,Tue Jun 23 2026 23:39:18 GMT+0000 (UTC),0,,,5,-35.9,18,717.1,16.5,
,,,,,,,SOLO,1782257974050,Tue Jun 23 2026 23:39:34 GMT+0000 (UTC),0,,,X,-4,-9.1,729.9,16.4,
,,,,,,,SOLO,1782257985794,Tue Jun 23 2026 23:39:45 GMT+0000 (UTC),0,,,6,9.7,20.8,720,16.4,
,,,,,,,SOLO,1782257997050,Tue Jun 23 2026 23:39:57 GMT+0000 (UTC),0,,,5,-58,-12.2,716.4,16.4,
,,,,,,,SOLO,1782258016276,Tue Jun 23 2026 23:40:16 GMT+0000 (UTC),0,,,6,21.2,-9.9,716.9,16.4,
,,,,,,,SOLO,1782258026468,Tue Jun 23 2026 23:40:26 GMT+0000 (UTC),0,,,6,12.7,-19,719.4,16.4,
,,,,,,,SOLO,1782258038715,Tue Jun 23 2026 23:40:38 GMT+0000 (UTC),0,,,X,-8.1,-5.5,716.2,16.4,
### next string
Sonnenberg A,F 1,AU-300m,2129,1723,0,0
,,,,,,,SOLO,1782257386909,Tue Jun 23 2026 23:29:46 GMT+0000 (UTC),0,,,V,27.4,-17,689.5,16.6,
,,,,,,,SOLO,1782257424529,Tue Jun 23 2026 23:30:24 GMT+0000 (UTC),0,,,5,-13.9,-36.4,690.1,16.6,
,,,,,,,SOLO,1782257470583,Tue Jun 23 2026 23:31:10 GMT+0000 (UTC),0,,,V,-12.7,-1.8,686.6,16.6,
,,,,,,,SOLO,1782257507061,Tue Jun 23 2026 23:31:47 GMT+0000 (UTC),0,,,V,13.9,5.6,699.6,16.6,
,,,,,,,SOLO,1782257555359,Tue Jun 23 2026 23:32:35 GMT+0000 (UTC),0,,,V,18.4,-0.1,679.6,16.6,
,,,,,,,SOLO,1782257625197,Tue Jun 23 2026 23:33:45 GMT+0000 (UTC),0,,,V,21.5,-12.6,683.7,16.6,
,,,,,,,SOLO,1782257678810,Tue Jun 23 2026 23:34:38 GMT+0000 (UTC),0,,,V,-13.2,17.1,692.2,16.7,
,,,,,,,SOLO,1782257722084,Tue Jun 23 2026 23:35:22 GMT+0000 (UTC),0,,,V,-8.5,-0.9,693.6,16.7,
,,,,,,,SOLO,1782257762643,Tue Jun 23 2026 23:36:02 GMT+0000 (UTC),0,,,V,-28.6,-11.6,684.7,16.7,
,,,,,,,SOLO,1782257803792,Tue Jun 23 2026 23:36:43 GMT+0000 (UTC),0,,,V,15.2,24.2,693.3,16.7,
### next string
Zeeshan 99,F 3,AU-300m,2130,1722,0,0
,,,,,,,SOLO,1782257052044,Tue Jun 23 2026 23:24:12 GMT+0000 (UTC),0,,sighter,3,94.5,124.9,685.5,15.8,
,,,,,,,SOLO,1782257149415,Tue Jun 23 2026 23:25:49 GMT+0000 (UTC),0,,sighter,V,-29.8,-13.6,691.4,16.1,
,,,,,,,SOLO,1782257221033,Tue Jun 23 2026 23:27:01 GMT+0000 (UTC),0,,,V,-7.2,14.2,686.2,16.2,
,,,,,,,SOLO,1782257286374,Tue Jun 23 2026 23:28:06 GMT+0000 (UTC),0,,,5,41,-23.8,686.1,16.3,
,,,,,,,SOLO,1782257371356,Tue Jun 23 2026 23:29:31 GMT+0000 (UTC),0,,,V,10,-11.1,691.6,16.6,
,,,,,,,SOLO,1782257450543,Tue Jun 23 2026 23:30:50 GMT+0000 (UTC),0,,,5,-2.8,63.3,693.3,16.6,
,,,,,,,SOLO,1782257511778,Tue Jun 23 2026 23:31:51 GMT+0000 (UTC),0,,,5,57.3,25.2,688.8,16.6,
,,,,,,,SOLO,1782257602003,Tue Jun 23 2026 23:33:22 GMT+0000 (UTC),0,,,5,70.4,-9.8,695.5,16.7,
,,,,,,,SOLO,1782257661454,Tue Jun 23 2026 23:34:21 GMT+0000 (UTC),0,,,5,24.6,-31,692.5,16.7,
,,,,,,,SOLO,1782257730336,Tue Jun 23 2026 23:35:30 GMT+0000 (UTC),0,,,V,-13.4,-17,695.6,16.6,
,,,,,,,SOLO,1782257780873,Tue Jun 23 2026 23:36:20 GMT+0000 (UTC),0,,,4,75.8,-77.8,690.7,16.8,
### next string
peters_j_F1_300,F 5,AU-300m,2127,1720,0,0
,,,,,,,SOLO,1782257480633,Tue Jun 23 2026 23:31:20 GMT+0000 (UTC),0,,sighter,4,-41.4,-71.9,754.1,16.1,
,,,,,,,SOLO,1782257528924,Tue Jun 23 2026 23:32:08 GMT+0000 (UTC),0,,,6,-22.3,-26.1,751.3,16.2,
,,,,,,,SOLO,1782257557842,Tue Jun 23 2026 23:32:37 GMT+0000 (UTC),0,,,6,-26.1,17.5,748.9,16.1,
,,,,,,,SOLO,1782257587252,Tue Jun 23 2026 23:33:07 GMT+0000 (UTC),0,,,X,12.2,0.2,755.4,16.2,
,,,,,,,SOLO,1782257603455,Tue Jun 23 2026 23:33:23 GMT+0000 (UTC),0,,,X,-1.8,11.7,748.9,16.2,
,,,,,,,SOLO,1782257615083,Tue Jun 23 2026 23:33:35 GMT+0000 (UTC),0,,,6,29.9,16.6,744.6,16.2,
,,,,,,,SOLO,1782257630251,Tue Jun 23 2026 23:33:50 GMT+0000 (UTC),0,,,6,2.1,21.5,742.5,16.3,
,,,,,,,SOLO,1782257682967,Tue Jun 23 2026 23:34:42 GMT+0000 (UTC),0,,,X,10.1,15.8,746.6,16.4,
,,,,,,,SOLO,1782257700561,Tue Jun 23 2026 23:35:00 GMT+0000 (UTC),0,,,X,4.6,-3.5,739.4,16.4,
,,,,,,,SOLO,1782257714064,Tue Jun 23 2026 23:35:14 GMT+0000 (UTC),0,,,X,9.7,13.5,745.2,16.4,
,,,,,,,SOLO,1782257738205,Tue Jun 23 2026 23:35:38 GMT+0000 (UTC),0,,,X,10.8,-1.9,750.8,16.4,
### next string
Sainsbury D,F 2,AU-300m,2128,1718,0,0
,,,,,,,SOLO,1782257342827,Tue Jun 23 2026 23:29:02 GMT+0000 (UTC),0,,,V,-5.8,9.8,638.6,16.5,
,,,,,,,SOLO,1782257381741,Tue Jun 23 2026 23:29:41 GMT+0000 (UTC),0,,,5,42.9,-40.2,634.7,16.5,
,,,,,,,SOLO,1782257426871,Tue Jun 23 2026 23:30:26 GMT+0000 (UTC),0,,,5,36.5,17.4,636.3,16.6,
,,,,,,,SOLO,1782257461513,Tue Jun 23 2026 23:31:01 GMT+0000 (UTC),0,,,V,5.2,-9.1,635.4,16.6,
,,,,,,,SOLO,1782257493687,Tue Jun 23 2026 23:31:33 GMT+0000 (UTC),0,,,V,-7.3,5.3,632.7,16.6,
,,,,,,,SOLO,1782257533451,Tue Jun 23 2026 23:32:13 GMT+0000 (UTC),0,,,4,81.7,-16.8,629.5,16.6,
,,,,,,,SOLO,1782257591388,Tue Jun 23 2026 23:33:11 GMT+0000 (UTC),0,,,5,44.5,-31.4,628,16.6,
,,,,,,,SOLO,1782257643565,Tue Jun 23 2026 23:34:03 GMT+0000 (UTC),0,,,V,-18.5,7.7,631.3,16.6,
,,,,,,,SOLO,1782257680005,Tue Jun 23 2026 23:34:40 GMT+0000 (UTC),0,,,5,44.6,-27.3,632.6,16.6,
,,,,,,,SOLO,1782257723381,Tue Jun 23 2026 23:35:23 GMT+0000 (UTC),0,,,V,14.5,-16.9,635.9,16.6,
### next string
Lee. A,F 4,AU-300m,2130,1720,0,0
,,,,,,,SOLO,1782256976384,Tue Jun 23 2026 23:22:56 GMT+0000 (UTC),0,,sighter,3,-150.4,28.9,700,16.1,
,,,,,,,SOLO,1782257065613,Tue Jun 23 2026 23:24:25 GMT+0000 (UTC),0,,,5,-10,48.6,697.9,16.2,
,,,,,,,SOLO,1782257191810,Tue Jun 23 2026 23:26:31 GMT+0000 (UTC),0,,,4,-80.2,13.8,704.9,16.4,
,,,,,,,SOLO,1782257260281,Tue Jun 23 2026 23:27:40 GMT+0000 (UTC),0,,,V,8.7,35.5,698.5,16.6,
,,,,,,,SOLO,1782257308390,Tue Jun 23 2026 23:28:28 GMT+0000 (UTC),0,,,V,9.1,-0.2,701.5,16.8,
,,,,,,,SOLO,1782257368508,Tue Jun 23 2026 23:29:28 GMT+0000 (UTC),0,,,4,43.4,-123.6,708.6,16.9,
,,,,,,,SOLO,1782257433386,Tue Jun 23 2026 23:30:33 GMT+0000 (UTC),0,,,4,-43.7,86.5,696.6,17,
,,,,,,,SOLO,1782257503876,Tue Jun 23 2026 23:31:43 GMT+0000 (UTC),0,,,5,31.2,39.9,705.8,17,
,,,,,,,SOLO,1782257567658,Tue Jun 23 2026 23:32:47 GMT+0000 (UTC),0,,,5,-37.1,21.2,703.4,17,
,,,,,,,SOLO,1782257621529,Tue Jun 23 2026 23:33:41 GMT+0000 (UTC),0,,,5,35,-39.7,692.2,17,
,,,,,,,SOLO,1782257674281,Tue Jun 23 2026 23:34:34 GMT+0000 (UTC),0,,,4,79.6,-40.9,709.9,16.9,
### next string
d hutton,F 1,AU-300m,2129,1723,0,0
,,,,,,,SOLO,1782256714462,Tue Jun 23 2026 23:18:34 GMT+0000 (UTC),0,,sighter,4,78.5,-68.4,693.3,15.5,
,,,,,,,SOLO,1782256771193,Tue Jun 23 2026 23:19:31 GMT+0000 (UTC),0,,sighter,4,-26.8,108.5,698.6,15.6,
,,,,,,,SOLO,1782256836192,Tue Jun 23 2026 23:20:36 GMT+0000 (UTC),0,,,5,40.4,52.2,683,15.6,
,,,,,,,SOLO,1782256881208,Tue Jun 23 2026 23:21:21 GMT+0000 (UTC),0,,,5,56.6,20,696.7,15.7,
,,,,,,,SOLO,1782256927078,Tue Jun 23 2026 23:22:07 GMT+0000 (UTC),0,,,4,81.1,-66.8,692.2,15.8,
,,,,,,,SOLO,1782256981183,Tue Jun 23 2026 23:23:01 GMT+0000 (UTC),0,,,4,-92.5,-52.5,705.6,15.8,
,,,,,,,SOLO,1782257021644,Tue Jun 23 2026 23:23:41 GMT+0000 (UTC),0,,,5,-57.7,42,696.5,15.8,
,,,,,,,SOLO,1782257056730,Tue Jun 23 2026 23:24:16 GMT+0000 (UTC),0,,,5,-47.1,12.5,700.8,16,
,,,,,,,SOLO,1782257087624,Tue Jun 23 2026 23:24:47 GMT+0000 (UTC),0,,,V,-13.2,-34.5,708.5,16.1,
,,,,,,,SOLO,1782257136432,Tue Jun 23 2026 23:25:36 GMT+0000 (UTC),0,,,V,-31.7,20,697.2,16.1,
,,,,,,,SOLO,1782257167634,Tue Jun 23 2026 23:26:07 GMT+0000 (UTC),0,,,4,-51.8,55.9,692.9,16.1,
,,,,,,,SOLO,1782257207517,Tue Jun 23 2026 23:26:47 GMT+0000 (UTC),0,,,4,57.7,80.5,700.4,16.3,
### next string
Gibbins n,F 2,AU-300m,2128,1718,0,0
,,,,,,,SOLO,1782256822506,Tue Jun 23 2026 23:20:22 GMT+0000 (UTC),0,,,5,31.1,-33.2,694.4,15.5,
,,,,,,,SOLO,1782256865526,Tue Jun 23 2026 23:21:05 GMT+0000 (UTC),0,,,5,-8,-41.5,692.7,15.6,
,,,,,,,SOLO,1782256934163,Tue Jun 23 2026 23:22:14 GMT+0000 (UTC),0,,,V,-2.3,6.4,699.5,15.7,
,,,,,,,SOLO,1782256967129,Tue Jun 23 2026 23:22:47 GMT+0000 (UTC),0,,,V,-1.1,-29.4,695.2,15.7,
,,,,,,,SOLO,1782257007696,Tue Jun 23 2026 23:23:27 GMT+0000 (UTC),0,,,V,-5.3,12.6,694.4,15.8,
,,,,,,,SOLO,1782257033587,Tue Jun 23 2026 23:23:53 GMT+0000 (UTC),0,,,V,25.2,20.3,700.2,15.8,
,,,,,,,SOLO,1782257069148,Tue Jun 23 2026 23:24:29 GMT+0000 (UTC),0,,,5,-28.5,40.5,697.5,15.9,
,,,,,,,SOLO,1782257116490,Tue Jun 23 2026 23:25:16 GMT+0000 (UTC),0,,,V,2.1,-1.7,697.9,15.9,
,,,,,,,SOLO,1782257148853,Tue Jun 23 2026 23:25:48 GMT+0000 (UTC),0,,,V,-24.8,0.3,695.8,16.1,
,,,,,,,SOLO,1782257174207,Tue Jun 23 2026 23:26:14 GMT+0000 (UTC),0,,,V,-10.6,13.4,697.4,16.1,
### next string
Tkachenko 120,F 3,AU-300m,2130,1722,0,0
,,,,,,,SOLO,1782256201530,Tue Jun 23 2026 23:10:01 GMT+0000 (UTC),0,,sighter,4,55.6,129.6,688.8,14.6,
,,,,,,,SOLO,1782256283553,Tue Jun 23 2026 23:11:23 GMT+0000 (UTC),0,,,5,27.9,48.1,683.1,14.6,
,,,,,,,SOLO,1782256397511,Tue Jun 23 2026 23:13:17 GMT+0000 (UTC),0,,,5,26.3,30.3,683.4,14.7,
,,,,,,,SOLO,1782256472775,Tue Jun 23 2026 23:14:32 GMT+0000 (UTC),0,,,4,36.1,-85.4,687.1,14.9,
,,,,,,,SOLO,1782256541262,Tue Jun 23 2026 23:15:41 GMT+0000 (UTC),0,,,4,77.5,-47.6,685.5,15,
,,,,,,,SOLO,1782256596881,Tue Jun 23 2026 23:16:36 GMT+0000 (UTC),0,,,V,18.5,12.8,686.1,15.1,
,,,,,,,SOLO,1782256655264,Tue Jun 23 2026 23:17:35 GMT+0000 (UTC),0,,,V,-10.3,15.7,679.1,15.2,
,,,,,,,SOLO,1782256763766,Tue Jun 23 2026 23:19:23 GMT+0000 (UTC),0,,,4,23,126.9,694.4,15.3,
,,,,,,,SOLO,1782256832861,Tue Jun 23 2026 23:20:32 GMT+0000 (UTC),0,,,4,-51.5,-86.6,677.8,15.5,
,,,,,,,SOLO,1782256852674,Tue Jun 23 2026 23:20:52 GMT+0000 (UTC),0,,,5,-9.8,56.1,688,15.5,
,,,,,,,SOLO,1782256888557,Tue Jun 23 2026 23:21:28 GMT+0000 (UTC),0,,,4,56.1,60.8,688.8,15.6,
### next string
munasinghe.N,F 4,AU-300m,2130,1720,0,0
,,,,,,,SOLO,1782256092987,Tue Jun 23 2026 23:08:12 GMT+0000 (UTC),0,,sighter,1,264.5,446.7,703.9,14.3,
,,,,,,,SOLO,1782256258879,Tue Jun 23 2026 23:10:58 GMT+0000 (UTC),0,,sighter,1,130.9,321,708.5,14.6,
,,,,,,,SOLO,1782256391229,Tue Jun 23 2026 23:13:11 GMT+0000 (UTC),0,,,3,142,81.5,716.7,14.9,
,,,,,,,SOLO,1782256461398,Tue Jun 23 2026 23:14:21 GMT+0000 (UTC),0,,,3,-14.6,153.3,703.1,15.1,
,,,,,,,SOLO,1782256508216,Tue Jun 23 2026 23:15:08 GMT+0000 (UTC),0,,,3,-141.3,68.9,714.3,15.2,
,,,,,,,SOLO,1782256571377,Tue Jun 23 2026 23:16:11 GMT+0000 (UTC),0,,,4,-118.6,-4,713.3,15.4,
,,,,,,,SOLO,1782256602865,Tue Jun 23 2026 23:16:42 GMT+0000 (UTC),0,,,4,-82.6,10.7,713.5,15.4,
,,,,,,,SOLO,1782256631600,Tue Jun 23 2026 23:17:11 GMT+0000 (UTC),0,,,4,-113.9,23.4,706.7,15.6,
,,,,,,,SOLO,1782256679831,Tue Jun 23 2026 23:17:59 GMT+0000 (UTC),0,,,3,-160.2,92.7,704.2,15.7,
,,,,,,,SOLO,1782256704963,Tue Jun 23 2026 23:18:24 GMT+0000 (UTC),0,,,5,-52.4,11.5,707.4,15.8,
,,,,,,,SOLO,1782256736826,Tue Jun 23 2026 23:18:56 GMT+0000 (UTC),0,,,4,-114.1,-40,707.4,15.8,
,,,,,,,SOLO,1782256759624,Tue Jun 23 2026 23:19:19 GMT+0000 (UTC),0,,,V,-1.8,-16.3,717.4,15.9,
### next string
crowe. g,F 2,AU-300m,2128,1718,0,0
,,,,,,,SOLO,1782256216733,Tue Jun 23 2026 23:10:16 GMT+0000 (UTC),0,,sighter,4,70.7,80.3,691.7,14.1,
,,,,,,,SOLO,1782256259166,Tue Jun 23 2026 23:10:59 GMT+0000 (UTC),0,,sighter,5,-64.5,8.3,707,14.2,
,,,,,,,SOLO,1782256299010,Tue Jun 23 2026 23:11:39 GMT+0000 (UTC),0,,,5,20.2,-37.3,697.8,14.3,
,,,,,,,SOLO,1782256336751,Tue Jun 23 2026 23:12:16 GMT+0000 (UTC),0,,,5,34.3,20.4,702.6,14.3,
,,,,,,,SOLO,1782256366422,Tue Jun 23 2026 23:12:46 GMT+0000 (UTC),0,,,X,-4.3,-7.7,702.1,14.3,
,,,,,,,SOLO,1782256390907,Tue Jun 23 2026 23:13:10 GMT+0000 (UTC),0,,,X,1.6,18.1,695.8,14.4,
,,,,,,,SOLO,1782256415676,Tue Jun 23 2026 23:13:35 GMT+0000 (UTC),0,,,6,-16.3,-28.3,694.3,14.4,
,,,,,,,SOLO,1782256447113,Tue Jun 23 2026 23:14:07 GMT+0000 (UTC),0,,,X,3.4,0.8,694.7,14.6,
,,,,,,,SOLO,1782256466222,Tue Jun 23 2026 23:14:26 GMT+0000 (UTC),0,,,6,-25.4,-12,693.9,14.6,
,,,,,,,SOLO,1782256499200,Tue Jun 23 2026 23:14:59 GMT+0000 (UTC),0,,,6,-35.2,16.1,697.1,14.7,
,,,,,,,SOLO,1782256547325,Tue Jun 23 2026 23:15:47 GMT+0000 (UTC),0,,,X,-8.9,-10.8,693.4,14.8,
,,,,,,,SOLO,1782256570595,Tue Jun 23 2026 23:16:10 GMT+0000 (UTC),0,,,X,-4.1,20.3,693.4,15,
### next string
a dukes,F 1,AU-300m,2129,1723,0,0
,,,,,,,SOLO,1782256261383,Tue Jun 23 2026 23:11:01 GMT+0000 (UTC),0,,sighter,3,-33.9,-160.3,725.9,14.2,
,,,,,,,SOLO,1782256314148,Tue Jun 23 2026 23:11:54 GMT+0000 (UTC),0,,,6,25.6,19.9,732.7,14.3,
,,,,,,,SOLO,1782256336429,Tue Jun 23 2026 23:12:16 GMT+0000 (UTC),0,,,6,13.5,30.1,732.7,14.3,
,,,,,,,SOLO,1782256360160,Tue Jun 23 2026 23:12:40 GMT+0000 (UTC),0,,,X,-0.4,1.8,731.8,14.4,
,,,,,,,SOLO,1782256376715,Tue Jun 23 2026 23:12:56 GMT+0000 (UTC),0,,,6,-16.5,23.9,730.1,14.4,
,,,,,,,SOLO,1782256396576,Tue Jun 23 2026 23:13:16 GMT+0000 (UTC),0,,,X,-6.2,-15.6,727.1,14.5,
,,,,,,,SOLO,1782256415112,Tue Jun 23 2026 23:13:35 GMT+0000 (UTC),0,,,X,17.5,-9.7,733.4,14.5,
,,,,,,,SOLO,1782256433786,Tue Jun 23 2026 23:13:53 GMT+0000 (UTC),0,,,X,-10.2,-10,735.8,14.5,
,,,,,,,SOLO,1782256450736,Tue Jun 23 2026 23:14:10 GMT+0000 (UTC),0,,,X,-8.2,-13.2,730.2,14.8,
,,,,,,,SOLO,1782256468808,Tue Jun 23 2026 23:14:28 GMT+0000 (UTC),0,,,6,-37,-5,727.9,14.8,
,,,,,,,SOLO,1782256486446,Tue Jun 23 2026 23:14:46 GMT+0000 (UTC),0,,,6,17.2,-26.6,727.8,14.8,
### next string
sharp m,F 2,AU-300m,2128,1718,0,0
,,,,,,,SOLO,1782255784988,Tue Jun 23 2026 23:03:04 GMT+0000 (UTC),0,,sighter,5,52.1,-38.6,687.9,13.4,
,,,,,,,SOLO,1782255825382,Tue Jun 23 2026 23:03:45 GMT+0000 (UTC),0,,sighter,5,-31.9,-61.5,697.7,13.4,
,,,,,,,SOLO,1782255889779,Tue Jun 23 2026 23:04:49 GMT+0000 (UTC),0,,,X,3.2,15.2,702,13.4,
,,,,,,,SOLO,1782255914803,Tue Jun 23 2026 23:05:14 GMT+0000 (UTC),0,,,6,-21.9,-30,700.8,13.4,
,,,,,,,SOLO,1782255940335,Tue Jun 23 2026 23:05:40 GMT+0000 (UTC),0,,,X,6.9,18,701.1,13.5,
,,,,,,,SOLO,1782255962768,Tue Jun 23 2026 23:06:02 GMT+0000 (UTC),0,,,6,-29.8,5.7,702.9,13.7,
,,,,,,,SOLO,1782255988484,Tue Jun 23 2026 23:06:28 GMT+0000 (UTC),0,,,X,16.8,11.4,701.8,13.7,
,,,,,,,SOLO,1782256013290,Tue Jun 23 2026 23:06:53 GMT+0000 (UTC),0,,,X,-9.8,4.1,700,13.6,
,,,,,,,SOLO,1782256036812,Tue Jun 23 2026 23:07:16 GMT+0000 (UTC),0,,,X,-9.6,-12.5,693.1,13.6,
,,,,,,,SOLO,1782256050159,Tue Jun 23 2026 23:07:30 GMT+0000 (UTC),0,,,6,-29.3,8.7,699.7,13.8,
,,,,,,,SOLO,1782256085116,Tue Jun 23 2026 23:08:05 GMT+0000 (UTC),0,,,X,-2.4,-20.9,698.5,13.8,
,,,,,,,SOLO,1782256105575,Tue Jun 23 2026 23:08:25 GMT+0000 (UTC),0,,,X,1.8,-12.1,697,13.8,
### next string
Kent j,F 1,AU-300m,2129,1723,0,0
,,,,,,,SOLO,1782255794181,Tue Jun 23 2026 23:03:14 GMT+0000 (UTC),0,,sighter,4,5.5,-108.6,689.1,13.3,
,,,,,,,SOLO,1782255860333,Tue Jun 23 2026 23:04:20 GMT+0000 (UTC),0,,sighter,5,-15.4,41.6,697.4,13.4,
,,,,,,,SOLO,1782255904317,Tue Jun 23 2026 23:05:04 GMT+0000 (UTC),0,,,6,22.2,12.2,696.2,13.4,
,,,,,,,SOLO,1782255948387,Tue Jun 23 2026 23:05:48 GMT+0000 (UTC),0,,,6,-12.3,31.8,703.2,13.5,
,,,,,,,SOLO,1782255975906,Tue Jun 23 2026 23:06:15 GMT+0000 (UTC),0,,,X,14.8,7.2,699.6,13.5,
,,,,,,,SOLO,1782255993528,Tue Jun 23 2026 23:06:33 GMT+0000 (UTC),0,,,6,18.9,-13.9,700.2,13.5,
,,,,,,,SOLO,1782256020068,Tue Jun 23 2026 23:07:00 GMT+0000 (UTC),0,,,X,-18.3,-3.7,696.6,13.6,
,,,,,,,SOLO,1782256047459,Tue Jun 23 2026 23:07:27 GMT+0000 (UTC),0,,,X,21.1,-2.3,696.4,13.7,
,,,,,,,SOLO,1782256069798,Tue Jun 23 2026 23:07:49 GMT+0000 (UTC),0,,,X,-1.1,20.9,702.8,13.7,
,,,,,,,SOLO,1782256091141,Tue Jun 23 2026 23:08:11 GMT+0000 (UTC),0,,,X,-4.7,-9.2,697.9,13.7,
,,,,,,,SOLO,1782256112818,Tue Jun 23 2026 23:08:32 GMT+0000 (UTC),0,,,5,43.3,17.1,699.1,13.7,
,,,,,,,SOLO,1782256136840,Tue Jun 23 2026 23:08:56 GMT+0000 (UTC),0,,,6,24.5,7.3,699.4,13.8,
### next string
young l,F 3,AU-300m,2130,1722,0,0
,,,,,,,SOLO,1782255666384,Tue Jun 23 2026 23:01:06 GMT+0000 (UTC),0,,,5,18.9,-43.8,697.8,13.4,
,,,,,,,SOLO,1782255685129,Tue Jun 23 2026 23:01:25 GMT+0000 (UTC),0,,,V,14.9,0.8,716.2,13.5,
,,,,,,,SOLO,1782255706873,Tue Jun 23 2026 23:01:46 GMT+0000 (UTC),0,,,4,39,75.9,710.8,13.5,
,,,,,,,SOLO,1782255731410,Tue Jun 23 2026 23:02:11 GMT+0000 (UTC),0,,,5,59.3,-31.1,711.9,13.6,
,,,,,,,SOLO,1782255751136,Tue Jun 23 2026 23:02:31 GMT+0000 (UTC),0,,,V,-18.4,-24.2,713.5,13.6,
,,,,,,,SOLO,1782255767178,Tue Jun 23 2026 23:02:47 GMT+0000 (UTC),0,,,5,19.4,-33.9,716.3,13.6,
,,,,,,,SOLO,1782255783519,Tue Jun 23 2026 23:03:03 GMT+0000 (UTC),0,,,V,10.6,-12.8,710.1,13.6,
,,,,,,,SOLO,1782255799808,Tue Jun 23 2026 23:03:19 GMT+0000 (UTC),0,,,V,-14.4,5.7,717.1,13.6,
,,,,,,,SOLO,1782255812606,Tue Jun 23 2026 23:03:32 GMT+0000 (UTC),0,,,V,5.7,-17.6,713.2,13.6,
,,,,,,,SOLO,1782255826819,Tue Jun 23 2026 23:03:46 GMT+0000 (UTC),0,,,V,5.8,0.7,716.9,13.6,
### download_shotslog done
